,nom_pkmn,nom_pkmn_us,num_pokedex,url_image,url_cri,type_1,type_2,taille_m,poids_kg,talent_1,talent_2,talent_cache,sexe,taux_de_capture,cycle_eclosion,groupe_oeuf_1,groupe_oeuf_2,points_effort,points_exp,exp_niv100,pv,attaque,attaque_speciale,defense,defense_speciale,vitesse,points_xp
0,Bulbizarre,Bulbasaur,1,/images/e/ef/Bulbizarre-RFVF.png,/images/4/49/Cri_0001_XY.ogg,Plante,Poison,"0,7","6,9",Engrais,,Chlorophylle,12.5 % femelle; 87.5 % mâle,45.0,20.0,Monstrueux,Végétal,+1 Att. Spé,64 exp.,1 059 860 exp.,45.0,49.0,49.0,49.0,65.0,45.0,
1,Rattatac d'Alola,Alolan Raticate,20,/images/5/51/Rattatac_d%27Alola-SL.png,/images/0/0e/Cri_0020_HOME.ogg,Ténèbres,Normal,"0,7","25,5",Gloutonnerie,Agitation,Isograisse,50 % femelle; 50 % mâle,127.0,15.0,Terrestre,,+2 Vitesse,145 exp.,1 000 000 exp.,75.0,71.0,70.0,70.0,80.0,77.0,
2,Rattatac,Raticate,20,/images/9/98/Rattatac-RFVF.png,/images/0/0e/Cri_0020_HOME.ogg,Normal,,"0,7","18,5",Fuite,Cran,Agitation,50 % femelle; 50 % mâle,127.0,15.0,Terrestre,,+2 Vit.,116 exp.,1 000 000 exp.,55.0,81.0,60.0,60.0,70.0,97.0,
3,Rattata d'Alola,Alolan Rattata,19,/images/c/cb/Rattata_d%27Alola-SL.png,/images/b/b3/Cri_0019_HOME.ogg,Ténèbres,Normal,"0,3","3,8",Gloutonnerie,Agitation,Isograisse,50 % femelle; 50 % mâle,255.0,15.0,Terrestre,,+1 Vitesse,51 exp.,1 000 000 exp.,30.0,56.0,35.0,35.0,35.0,72.0,
4,Rattata,Rattata,19,/images/9/9e/Rattata-RFVF.png,/images/b/b3/Cri_0019_HOME.ogg,Normal,,"0,3","3,5",Fuite,Cran,Agitation,50 % femelle; 50 % mâle,255.0,15.0,Terrestre,,+1 Vit.,51 exp.,1 000 000 exp.,30.0,56.0,35.0,35.0,35.0,72.0,
5,Méga-Roucarnage,Mega Pidgeot,18,/images/0/04/M%C3%A9ga-Roucarnage-ROSA.png,/images/e/ef/Cri_0018_M%C3%A9ga_HOME.ogg,Normal,Vol,"2,2","50,5",Annule Garde,,,50 % femelle; 50 % mâle,,,,,,,,83.0,80.0,80.0,80.0,80.0,121.0,
6,Roucarnage,Pidgeot,18,/images/d/d8/Roucarnage-RFVF.png,/images/4/4d/Cri_0018_HOME.ogg,Normal,Vol,"1,5","39,5",Regard Vif,Pieds Confus,Cœur de Coq,50 % femelle; 50 % mâle,45.0,15.0,Aérien,,+3 Vit.,216 exp. (172 (Première à quatrième génération)),1 059 860 exp.,83.0,80.0,75.0,75.0,70.0,101.0,
7,Roucoups,Pidgeotto,17,/images/d/dc/Roucoups-RFVF.png,/images/b/b8/Cri_0017_HOME.ogg,Normal,Vol,"1,1","30,0",Regard Vif,Pieds Confus,Cœur de Coq,50 % femelle; 50 % mâle,120.0,15.0,Aérien,,+2 Vit.,113 exp.,1 059 860 exp.,63.0,60.0,55.0,55.0,50.0,71.0,
8,Roucool,Pidgey,16,/images/9/94/Roucool-RFVF.png,/images/a/af/Cri_0016_HOME.ogg,Normal,Vol,"0,3","1,8",Regard Vif,Pieds Confus,Cœur de Coq,50 % femelle; 50 % mâle,255.0,15.0,Aérien,,+1 Vit.,55 exp.,1 059 860 exp.,40.0,45.0,40.0,40.0,35.0,56.0,
9,Méga-Dardargnan,Mega Beedrill,15,/images/d/d8/M%C3%A9ga-Dardargnan-ROSA.png,/images/2/21/Cri_0015_M%C3%A9ga_HOME.ogg,Insecte,Poison,"1,4","40,5",Adaptabilité,,,50 % femelle; 50 % mâle,,,,,,,,65.0,150.0,40.0,40.0,80.0,145.0,
10,Dardargnan,Beedrill,15,/images/e/ee/Dardargnan-RFVF.png,/images/b/b3/Cri_0015_HOME.ogg,Insecte,Poison,"1,0","29,5",Essaim,,Sniper,50 % femelle; 50 % mâle,45.0,15.0,Insectoïde,,+2 Att. ; +1 Déf. Spé,159 exp.,1 000 000 exp.,65.0,90.0,40.0,40.0,80.0,75.0,
11,Méga-Oniglali,Mega Glalie,362,/images/4/44/M%C3%A9ga-Oniglali-ROSA.png,/images/d/da/Cri_0362_M%C3%A9ga_HOME.ogg,Glace,,"2,1","350,2",Peau Gelée,,,50 % femelle; 50 % mâle,,,,,,,,80.0,120.0,80.0,80.0,80.0,100.0,
12,Oniglali,Glalie,362,/images/2/2b/Oniglali-RS.png,/images/9/95/Cri_0362_HOME.ogg,Glace,,"1,5","256,5",Attention,Corps Gel,Lunatique,50 % femelle; 50 % mâle,75.0,20.0,Féerique,Minéral,+2 PV,187 exp.,1 000 000 exp.,80.0,80.0,80.0,80.0,80.0,80.0,
13,Corboss,Honchkrow,430,/images/4/40/Corboss-DP.png,/images/c/c8/Cri_0430_HOME.ogg,Ténèbres,Vol,"0,9","27,3",Insomnia,Chanceux,Impudence,50 % femelle; 50 % mâle,30.0,20.0,Aérien,,+2 Att.,187 exp.,1 059 860 exp.,100.0,125.0,52.0,52.0,52.0,71.0,
14,Magirêve,Mismagius,429,/images/4/41/Magir%C3%AAve-DEPS.png,/images/e/ed/Cri_0429_HOME.ogg,Spectre,,"0,9","4,4",Lévitation,,,50 % femelle; 50 % mâle,45.0,25.0,Amorphe,,+1 Att. Spé ; +1 Déf. Spé,187 exp.,800 000 exp.,60.0,60.0,60.0,60.0,105.0,105.0,
15,Rhinastoc,Rhyperior,464,/images/3/34/Rhinastoc-DP.png,/images/f/fd/Cri_0464_HOME.ogg,Sol,Roche,"2,4","282,8",Paratonnerre,Solide Roc,Téméraire,50 % femelle; 50 % mâle,30.0,20.0,Monstrueux,Terrestre,+3 Att.,241 exp. (217 (Quatrième génération)),1 250 000 exp.,115.0,140.0,130.0,130.0,55.0,40.0,
16,Coudlangue,Lickilicky,463,/images/1/1d/Coudlangue-DP.png,/images/b/b4/Cri_0463_HOME.ogg,Normal,,"1,7","140,0",Benêt,Tempo Perso,Ciel Gris,50 % femelle; 50 % mâle,30.0,20.0,Monstrueux,,+3 PV,193 exp.,1 000 000 exp.,110.0,85.0,95.0,95.0,95.0,50.0,
17,Magnézone,Magnezone,462,/images/b/b7/Magn%C3%A9zone-DP.png,/images/b/bc/Cri_0462_HOME.ogg,Électrik,Acier,"1,2","180,0",Magnépiège,Fermeté,Analyste,Asexué,30.0,20.0,Minéral,,+3 Att. Spé,211 exp.,1 000 000 exp.,70.0,70.0,115.0,115.0,90.0,60.0,
18,Crabaraque,Crustle,558,/images/d/dd/Crabaraque-NB.png,/images/7/71/Cri_0558_HOME.ogg,Insecte,Roche,"1,4","200,0",Fermeté,Coque Armure,Armurouillée,50 % femelle; 50 % mâle,75.0,20.0,Insectoïde,Minéral,+2 Déf.,166 exp.,1 000 000 exp.,70.0,105.0,125.0,125.0,75.0,45.0,
19,Lépidonille,Scatterbug,664,/images/c/c9/L%C3%A9pidonille-XY.png,/images/2/2d/Cri_0664_HOME.ogg,Insecte,,"0,3","2,5",Oeil Composé,Écran Poudre,Garde-Ami,50 % femelle; 50 % mâle,255.0,15.0,Insectoïde,,+1 Défense,58 exp.,1 000 000 exp.,38.0,35.0,40.0,40.0,25.0,35.0,
20,Flambusard,Talonflame,663,/images/3/3e/Flambusard-XY.png,/images/8/82/Cri_0663_HOME.ogg,Feu,Vol,"1,2","24,5",Corps Ardent,,Ailes Bourrasque,50 % femelle; 50 % mâle,45.0,15.0,Aérien,,+3 Vitesse,175 exp.,1 059 860 exp.,78.0,81.0,71.0,71.0,69.0,126.0,
21,Braisillon,Fletchinder,662,/images/0/07/Braisillon-XY.png,/images/f/f1/Cri_0662_HOME.ogg,Feu,Vol,"0,7","16,0",Corps Ardent,,Ailes Bourrasque,50 % femelle; 50 % mâle,120.0,15.0,Aérien,,+2 Vitesse,134 exp.,1 059 860 exp.,62.0,73.0,55.0,55.0,52.0,84.0,
22,Passerouge,Fletchling,661,/images/a/a7/Passerouge-XY.png,/images/a/a9/Cri_0661_HOME.ogg,Normal,Vol,"0,3","1,7",Cœur de Coq,,Ailes Bourrasque,50 % femelle; 50 % mâle,255.0,15.0,Aérien,,+1 Vitesse,56 exp.,1 059 860 exp.,45.0,50.0,43.0,43.0,38.0,62.0,
23,Excavarenne,Diggersby,660,/images/f/fb/Excavarenne-XY.png,/images/c/cc/Cri_0660_HOME.ogg,Normal,Sol,"1,0","42,4",Bajoues,Ramassage,Coloforce,50 % femelle; 50 % mâle,255.0,15.0,Terrestre,,+2 PV,148 exp.,1 000 000 exp.,85.0,56.0,77.0,77.0,77.0,78.0,
24,Sapereau,Bunnelby,659,/images/9/97/Sapereau-XY.png,/images/2/26/Cri_0659_HOME.ogg,Normal,,"0,4","5,0",Ramassage,Bajoues,Coloforce,50 % femelle; 50 % mâle,255.0,15.0,Terrestre,,+1 Vitesse,47 exp.,1 000 000 exp.,38.0,36.0,38.0,38.0,36.0,57.0,
25,Couafarel,Furfrou,676,/images/0/0e/Couafarel_%28Forme_Sauvage%29-XY.png,/images/5/58/Cri_0676_HOME.ogg,Normal,,"1,2","28,0",Toison Épaisse,,,50 % femelle; 50 % mâle,120.0,20.0,Terrestre,,+1 Vitesse,165 exp.,1 000 000 exp.,75.0,80.0,60.0,60.0,90.0,102.0,
26,Pandarbare,Pangoro,675,/images/c/c1/Pandarbare-XY.png,/images/2/2d/Cri_0675_HOME.ogg,Combat,Ténèbres,"2,1","136,0",Poing de Fer,Brise Moule,Querelleur,50 % femelle; 50 % mâle,65.0,25.0,Terrestre,Humanoïde,+2 Attaque,173 exp.,1 000 000 exp.,95.0,124.0,78.0,78.0,71.0,58.0,
27,Pandespiègle,Pancham,674,/images/b/bd/Pandespi%C3%A8gle-XY.png,/images/4/45/Cri_0674_HOME.ogg,Combat,,"0,6","8,0",Brise Moule,Poing de Fer,Querelleur,50 % femelle; 50 % mâle,220.0,25.0,Terrestre,Humanoïde,+1 Attaque,70 exp.,1 000 000 exp.,67.0,82.0,62.0,62.0,48.0,43.0,
28,Volcanion,Volcanion,721,/images/7/75/Volcanion-ROSA.png,/images/d/d1/Cri_0721_HOME.ogg,Feu,Eau,"1,7","195,0",Absorbe-Eau,,,Asexué,3.0,120.0,Inconnu,,+3 Attaque Spéciale,270 exp.,1 250 000 exp.,80.0,110.0,120.0,120.0,90.0,70.0,
29,Arrozard,Drizzile,817,/images/e/ee/Arrozard-EB.png,/images/4/4a/Cri_0817_HOME.ogg,Eau,,"0,7","11,5",Torrent,,Sniper,12.5 % femelle; 87.5 % mâle,45.0,20.0,Aquatique 1,Terrestre,+2 Attaque Spé.,147 exp.,1 059 862 exp.,65.0,60.0,55.0,55.0,55.0,90.0,
30,Larméléon,Sobble,816,/images/2/2c/Larm%C3%A9l%C3%A9on-EB.png,/images/3/36/Cri_0816_HOME.ogg,Eau,,"0,3","4,0",Torrent,,Sniper,12.5 % femelle; 87.5 % mâle,45.0,20.0,Aquatique 1,Terrestre,+1 Vitesse ; +1 Déf. Spé.,62 exp.,1 059 862 exp.,50.0,40.0,40.0,40.0,40.0,70.0,
31,Dratatin Gigamax,Gigantamax Appletun,842,/images/c/c4/Pomdrapi_%28Gigamax%29-EB.png,/images/3/3d/Cri_0842_Gigamax_HOME.ogg,Plante,Dragon,"24,0","???,?",Mûrissement,Gloutonnerie,Isograisse,50 % femelle; 50 % mâle,,,,,,,,,,,,,,
32,Dratatin,Appletun,842,/images/1/1c/Dratatin-EB.png,/images/a/ae/Cri_0842_HOME.ogg,Plante,Dragon,"0,4","13,0",Mûrissement,Gloutonnerie,Isograisse,50 % femelle; 50 % mâle,45.0,20.0,Végétal,Draconique,+2 PV,170 exp.,600 000 exp.,110.0,85.0,80.0,80.0,80.0,30.0,
33,Pomdrapi Gigamax,Gigantamax Flapple,841,/images/c/c4/Pomdrapi_%28Gigamax%29-EB.png,/images/0/0c/Cri_0841_Gigamax_HOME.ogg,Plante,Dragon,"24,0","???,?",Mûrissement,Gloutonnerie,Agitation,50 % femelle; 50 % mâle,,,,,,,,,,,,,,
34,Pomdrapi,Flapple,841,/images/6/66/Pomdrapi-EB.png,/images/e/e3/Cri_0841_HOME.ogg,Plante,Dragon,"0,3","1,0",Mûrissement,Gloutonnerie,Agitation,50 % femelle; 50 % mâle,45.0,20.0,Végétal,Draconique,+2 Attaque,170 exp.,600 000 exp.,70.0,110.0,80.0,80.0,60.0,70.0,
35,Verpom,Applin,840,/images/2/2d/Verpom-EB.png,/images/c/c0/Cri_0840_HOME.ogg,Plante,Dragon,"0,2","0,5",Mûrissement,Gloutonnerie,Pare-Balles,50 % femelle; 50 % mâle,255.0,20.0,Végétal,Draconique,+1 Défense,52 exp.,600 000 exp.,40.0,40.0,80.0,80.0,40.0,20.0,
36,Spectreval,Spectrier,897,/images/f/f4/Spectreval-EB.png,/images/e/e9/Cri_0897_HOME.ogg,Spectre,,"2,0","44,5",Sombre Ruade,,,Asexué,3.0,120.0,Inconnu,,+3 Att. Spé,290 exp.,1 250 000 exp.,100.0,65.0,60.0,60.0,80.0,130.0,
37,Blizzeval,Glastrier,896,/images/4/40/Blizzeval-EB.png,/images/e/e8/Cri_0896_HOME.ogg,Glace,,"2,2","800,0",Blanche Ruade,,,Asexué,3.0,120.0,Inconnu,,+3 Att.,290 exp.,1 250 000 exp.,100.0,145.0,130.0,130.0,110.0,30.0,
38,Arboliva,Arboliva,930,/images/c/cf/Arboliva-EV.png,/images/a/a6/Cri_0930_HOME.ogg,Plante,Normal,"1,4","48,2",Semencier,,Récolte,50 % femelle; 50 % mâle,45.0,20.0,Végétal,,+3 Att. Spé.,255 exp.,1 059 860 exp.,78.0,69.0,90.0,90.0,109.0,39.0,
39,Olivado,Dolliv,929,/images/2/2d/Olivado-EV.png,/images/3/30/Cri_0929_HOME.ogg,Plante,Normal,"0,6","11,9",Matinal,,Récolte,50 % femelle; 50 % mâle,120.0,20.0,Végétal,,+2 Att. Spé.,124 exp.,1 059 860 exp.,52.0,53.0,60.0,60.0,78.0,33.0,
40,Dinglu,Ting-Lu,1003,/images/1/1b/Dinglu-EV.png,/images/2/2f/Cri_1003_HOME.ogg,Ténèbres,Sol,"2,7","699,7",Urne du Fléau,,,Asexué,,,,,,,,155.0,110.0,125.0,125.0,80.0,45.0,
41,Baojian,Chien-Pao,1002,/images/6/6e/Baojian-EV.png,/images/3/30/Cri_1002_HOME.ogg,Ténèbres,Glace,"1,9","152,2",Épée du Fléau,,,Asexué,,,,,,,,80.0,120.0,80.0,80.0,65.0,135.0,
42,Chongjian,Wo-Chien,1001,/images/c/c4/Chongjian-EV.png,/images/b/b0/Cri_1001_HOME.ogg,Ténèbres,Plante,"1,5","74,2",Bois du Fléau,,,Asexué,,,,,,,,85.0,85.0,100.0,100.0,135.0,70.0,
43,Pêchaminus,Pecharunt,1025,/images/3/33/P%C3%AAchaminus-EV.png,/images/9/9f/Cri_1025_HOME.ogg,Poison,Spectre,"0,3","0,3",Emprise Toxique,,,Asexué,,,,,,,,88.0,88.0,160.0,160.0,88.0,88.0,
44,Chef-de-Fer,Iron Crown,1023,/images/b/b4/Chef-de-Fer-EV.png,/images/6/68/Cri_1023_HOME.ogg,Acier,Psy,"1,6","156,0",Charge Quantique,,,Asexué,,,,,,,,90.0,72.0,100.0,100.0,108.0,98.0,
45,Roc-de-Fer,Iron Boulder,1022,/images/9/9a/Roc-de-Fer-EV.png,/images/d/dc/Cri_1022_HOME.ogg,Roche,Psy,"1,5","162,5",Charge Quantique,,,Asexué,,,,,,,,90.0,120.0,80.0,80.0,108.0,124.0,
46,Ire-Foudre,Raging Bolt,1021,/images/2/22/Ire-Foudre-EV.png,/images/9/9c/Cri_1021_HOME.ogg,Électrik,Dragon,"5,2","480,0",Paléosynthèse,,,Asexué,,,,,,,,125.0,73.0,91.0,91.0,89.0,75.0,
47,Feu-Perçant,Gouging Fire,1020,/images/8/81/Feu-Per%C3%A7ant-EV.png,/images/f/f2/Cri_1020_HOME.ogg,Feu,Dragon,"3,5","590,0",Paléosynthèse,,,Asexué,,,,,,,,105.0,115.0,121.0,121.0,93.0,91.0,
48,Pomdorochi,Hydrapple,1019,/images/8/81/Pomdorochi-EV.png,/images/b/b0/Cri_1019_HOME.ogg,Plante,Dragon,"1,8","93,0",Nectar Mielleux,Régé-Force,Glu,50 % femelle; 50 % mâle,10.0,20.0,Végétal,Draconique,+3 Att. Spé.,—,600 000 exp.,106.0,80.0,110.0,110.0,80.0,44.0,
49,Pondralugon,Archaludon,1018,/images/9/9a/Pondralugon-EV.png,/images/e/e5/Cri_1018_HOME.ogg,Acier,Dragon,"2,0","60,0",Endurance,Fermeté,Nerfs d'Acier,50 % femelle; 50 % mâle,10.0,30.0,Minéral,Draconique,+3 Défense,—,1 000 000 exp.,90.0,105.0,130.0,130.0,65.0,85.0,
50,Ogerpon (Masque Turquoise),Ogerpon (Teal Mask),1017,/images/8/8d/Ogerpon_%28Masque_Turquoise%29-EV.png,/images/a/a5/Cri_1017_HOME.ogg,Bipède,,"1,2","39,8",Acharné,Force Mémorielle (sous forme téracristallisée),,100 % femelle; 0 % mâle,,,,,,,,80.0,120.0,84.0,84.0,96.0,110.0,
51,Favianos,Fezandipiti,1016,/images/3/3b/Favianos-EV.png,/images/b/b9/Cri_1016_HOME.ogg,Poison,Fée,"1,4","30,1",Chaîne Toxique,,Technicien,0 % femelle; 100 % mâle,,,,,,,,88.0,91.0,82.0,82.0,125.0,99.0,
52,Fortusimia,Munkidori,1015,/images/e/eb/Fortusimia-EV.png,/images/b/b0/Cri_1015_HOME.ogg,Poison,Psy,"1,0","12,2",Chaîne Toxique,,Fouille,0 % femelle; 100 % mâle,,,,,,,,88.0,75.0,66.0,66.0,90.0,106.0,
53,Félicanis,Okidogi,1014,/images/9/96/F%C3%A9licanis-EV.png,/images/4/4e/Cri_1014_HOME.ogg,Poison,Combat,"1,8","92,2",Chaîne Toxique,,Chien de Garde,0 % femelle; 100 % mâle,,,,,,,,88.0,128.0,115.0,115.0,86.0,80.0,
54,Théffroyable,Sinistcha,1013,/images/3/37/Th%C3%A9ffroyable-EV.png,/images/0/0e/Cri_1013_HOME.ogg,Plante,Spectre,"0,2","2,2",Aux Petits Soins,,Ignifugé,Asexué,60.0,20.0,Minéral,Amorphe,+2 Att. Spé.,178 exp.,1 000 000 exp.,71.0,60.0,106.0,106.0,80.0,70.0,
55,Poltchageist,Poltchageist,1012,/images/e/eb/Poltchageist-EV.png,/images/f/f0/Cri_1012_HOME.ogg,Plante,Spectre,"0,1","1,1",Aux Petits Soins,,Ignifugé,Asexué,120.0,20.0,Minéral,Amorphe,+1 Att. Spé,178 exp.,1 000 000 exp.,40.0,45.0,45.0,45.0,54.0,50.0,
56,Pomdramour,Dipplin,1011,/images/6/67/Pomdramour-EV.png,/images/1/1e/Cri_1011_HOME.ogg,Plante,Dragon,"0,4","4,4",Nectar Mielleux,Gloutonnerie,Glu,50 % femelle; 50 % mâle,45.0,20.0,Végétal,Draconique,+2 Défense,170 exp.,600 000 exp.,80.0,80.0,110.0,110.0,80.0,40.0,
57,Vert-de-Fer,Iron Leaves,1010,/images/5/58/Vert-de-Fer-EV.png,/images/d/d6/Cri_1010_HOME.ogg,Plante,Psy,"1,5","125,0",Charge Quantique,,,Asexué,,,,,,,,90.0,130.0,88.0,88.0,108.0,104.0,
58,Serpente-Eau,Walking Wake,1009,/images/8/8e/Serpente-Eau-EV.png,/images/1/10/Cri_1009_HOME.ogg,Eau,Dragon,"3,5","280,0",Paléosynthèse,,,Asexué,,,,,,,,99.0,83.0,91.0,91.0,83.0,109.0,
59,Miraidon,Miraidon,1008,/images/4/4d/Miraidon-EV.png,/images/d/dd/Cri_1008_Ultime_HOME.ogg,Électrik,Dragon,"3,5","240,0",Moteur à Hadrons,,,Asexué,,,,,,,,100.0,85.0,100.0,100.0,115.0,135.0,
60,Koraidon,Koraidon,1007,/images/9/97/Koraidon-EV.png,/images/2/2a/Cri_1007_Finale_HOME.ogg,Combat,Dragon,"2,5","303,0",Pouls Orichalque,,,Asexué,,,,,,,,100.0,135.0,115.0,115.0,100.0,135.0,
61,Garde-de-Fer,Iron Valiant,1006,/images/a/a6/Garde-de-Fer-EV.png,/images/4/42/Cri_1006_HOME.ogg,Fée,Combat,"1,4","35,0",Charge Quantique,,,Asexué,,,,,,,,74.0,130.0,90.0,90.0,60.0,116.0,
62,Rugit-Lune,Roaring Moon,1005,/images/f/ff/Rugit-Lune-EV.png,/images/c/c8/Cri_1005_HOME.ogg,Dragon,Ténèbres,"2,0","380,0",Paléosynthèse,,,Asexué,,,,,,,,105.0,139.0,71.0,71.0,101.0,119.0,
63,Yuyu,Chi-Yu,1004,/images/2/2c/Yuyu-EV.png,/images/e/ee/Cri_1004_HOME.ogg,Ténèbres,Feu,"0,4","4,9",Perles du Fléau,,,Asexué,,,,,,,,55.0,80.0,80.0,80.0,120.0,100.0,
64,Gromago,Gholdengo,1000,/images/8/8c/Gromago-EV.png,/images/0/01/Cri_1000_HOME.ogg,Acier,Spectre,"1,2","30,0",Corps en Or,,,Asexué,45.0,50.0,Inconnu,,+2 Att. Spé,275 exp.,1 250 000 exp.,87.0,60.0,95.0,95.0,91.0,84.0,
65,Glaivodo,Baxcalibur,998,/images/b/b5/Glaivodo-EV.png,/images/0/0c/Cri_0998_HOME.ogg,Dragon,Glace,"2,1","210,0",Thermodynamique,,Corps Gel,50 % femelle; 50 % mâle,10.0,40.0,Draconique,Minéral,+3 Attaque,300 exp.,1 250 000 exp.,115.0,145.0,92.0,92.0,86.0,87.0,
66,Cryodo,Arctibax,997,/images/a/a4/Cryodo-EV.png,/images/0/0e/Cri_0997_HOME.ogg,Dragon,Glace,"0,8","30,0",Thermodynamique,,Corps Gel,50 % femelle; 50 % mâle,25.0,40.0,Draconique,Minéral,+2 Attaque,148 exp.,1 250 000 exp.,90.0,95.0,66.0,66.0,65.0,62.0,
67,Frigodo,Frigibax,996,/images/2/2c/Frigodo-EV.png,/images/5/58/Cri_0996_HOME.ogg,Dragon,Glace,"0,5","17,0",Thermodynamique,,Corps Gel,50 % femelle; 50 % mâle,45.0,40.0,Draconique,Minéral,+1 Attaque,64 exp.,1 250 000 exp.,65.0,75.0,45.0,45.0,45.0,55.0,
68,Épine-de-Fer,Iron Thorns,995,/images/8/8e/%C3%89pine-de-Fer-EV.png,/images/5/5b/Cri_0995_HOME.ogg,Roche,Électrik,"1,6","303,0",Charge Quantique,,,Asexué,,,,,,,,100.0,134.0,110.0,110.0,84.0,72.0,
69,Mite-de-Fer,Iron Moth,994,/images/4/4d/Mite-de-Fer-EV.png,/images/5/52/Cri_0994_HOME.ogg,Feu,Poison,"1,2","36,0",Charge Quantique,,,Asexué,,,,,,,,80.0,70.0,60.0,60.0,110.0,110.0,
70,Têtes-de-Fer,Iron Jugulis,993,/images/0/03/T%C3%AAtes-de-Fer-EV.png,/images/6/65/Cri_0993_HOME.ogg,Ténèbres,Vol,"1,3","111,0",Charge Quantique,,,Asexué,,,,,,,,94.0,80.0,86.0,86.0,80.0,108.0,
71,Paume-de-Fer,Iron Hands,992,/images/9/9d/Paume-de-Fer-EV.png,/images/d/d0/Cri_0992_HOME.ogg,Combat,Électrik,"1,8","380,7",Charge Quantique,,,Asexué,,,,,,,,154.0,140.0,108.0,108.0,68.0,50.0,
72,Hotte-de-Fer,Iron Bundle,991,/images/8/8c/Hotte-de-Fer-EV.png,/images/a/ab/Cri_0991_HOME.ogg,Glace,Eau,"0,6","11,0",Charge Quantique,,,Asexué,,,,,,,,56.0,80.0,114.0,114.0,60.0,136.0,
73,Roue-de-Fer,Iron Treads,990,/images/d/d7/Roue-de-Fer-EV.png,/images/d/da/Cri_0990_HOME.ogg,Sol,Acier,"0,9","240,0",Charge Quantique,,,Asexué,,,,,,,,90.0,112.0,120.0,120.0,70.0,106.0,
74,Pelage-Sablé,Sandy Shocks,989,/images/d/d5/Pelage-Sabl%C3%A9-EV.png,/images/5/52/Cri_0989_HOME.ogg,Électrik,Sol,"2,3","60,0",Paléosynthèse,,,Asexué,,,,,,,,85.0,81.0,97.0,97.0,85.0,101.0,
75,Rampe-Ailes,Slither Wing,988,/images/e/ee/Rampe-Ailes-EV.png,/images/c/c8/Cri_0988_HOME.ogg,Insecte,Combat,"3,2","92,0",Paléosynthèse,,,Asexué,,,,,,,,85.0,135.0,79.0,79.0,105.0,81.0,
76,Flotte-Mèche,Flutter Mane,987,/images/1/18/Flotte-M%C3%A8che-EV.png,/images/b/b8/Cri_0987_HOME.ogg,Spectre,Fée,"1,4","4,0",Paléosynthèse,,,Asexué,,,,,,,,55.0,55.0,55.0,55.0,135.0,135.0,
77,Fongus-Furie,Brute Bonnet,986,/images/3/3b/Fongus-Furie-EV.png,/images/5/58/Cri_0986_HOME.ogg,Plante,Ténèbres,"1,2","21,0",Paléosynthèse,,,Asexué,,,,,,,,111.0,127.0,99.0,99.0,99.0,55.0,
78,Hurle-Queue,Scream Tail,985,/images/7/75/Hurle-Queue-EV.png,/images/a/aa/Cri_0985_HOME.ogg,Fée,Psy,"1,2","8,0",Paléosynthèse,,,Asexué,,,,,,,,115.0,65.0,99.0,99.0,115.0,111.0,
79,Fort-Ivoire,Great Tusk,984,/images/a/a3/Fort-Ivoire-EV.png,/images/8/80/Cri_0984_HOME.ogg,Sol,Combat,"2,2","320,0",Paléosynthèse,,,Asexué,,,,,,,,115.0,131.0,131.0,131.0,53.0,87.0,
80,Scalpereur,Kingambit,983,/images/f/f3/Scalpereur-EV.png,/images/7/7f/Cri_0983_HOME.ogg,Ténèbres,Acier,"2,0","120,0",Acharné,Général Suprême,Pression,50 % femelle; 50 % mâle,25.0,20.0,Humanoïde,,+3 Attaque,275 exp.,1 000 000 exp.,100.0,135.0,120.0,120.0,85.0,50.0,
81,Farigiraf,Farigiraf,981,/images/e/e3/Farigiraf-EV.png,/images/2/24/Cri_0981_HOME.ogg,Normal,Psy,"3,2","160,0",Ruminant,Armure Caudale,Herbivore,50 % femelle; 50 % mâle,45.0,20.0,Terrestre,,+3 PV,260 exp.,1 000 000 exp.,120.0,90.0,70.0,70.0,70.0,60.0,
82,Terraiste,Clodsire,980,/images/b/b8/Terraiste-EV.png,/images/f/f3/Cri_0980_HOME.ogg,Poison,Sol,"1,8","223,0",Absorbe-Eau,Point Poison,Inconscient,50 % femelle; 50 % mâle,90.0,20.0,Aquatique 1,Terrestre,+2 PV,151 exp.,1 000 000 exp.,130.0,75.0,60.0,60.0,100.0,20.0,
83,Courrousinge,Annihilape,979,/images/9/90/Courrousinge-EV.png,/images/d/d3/Cri_0979_HOME.ogg,Combat,Spectre,"1,2","56,0",Esprit Vital,Attention,Acharné,50 % femelle; 50 % mâle,45.0,20.0,Terrestre,,+3 Attaque,268 exp.,1 000 000 exp.,110.0,115.0,80.0,80.0,90.0,90.0,
84,Nigirigon,Tatsugiri,978,/images/f/fc/Nigirigon_%28Forme_Raide%29-EV.png,/images/f/f5/Cri_0978_Courb%C3%A9e_HOME.ogg,Dragon,Eau,"0,3","8,0",Commandant,,Lavabo,50 % femelle; 50 % mâle,100.0,35.0,Aquatique 2,,+2 Att. Spé.,166 exp.,1 059 860 exp.,68.0,50.0,60.0,60.0,95.0,82.0,
85,Oyacata,Dondozo,977,/images/0/0a/Oyacata-EV.png,/images/9/99/Cri_0977_HOME.ogg,Eau,,"12,0","220,0",Inconscient,Benêt,Ignifu-Voile,50 % femelle; 50 % mâle,25.0,40.0,Aquatique 2,,+3 PV,265 exp.,1 250 000 exp.,150.0,100.0,115.0,115.0,65.0,35.0,
86,Délestin,Veluza,976,/images/b/be/D%C3%A9lestin-EV.png,/images/5/52/Cri_0976_HOME.ogg,Eau,Psy,"2,5","90,0",Brise Moule,,Incisif,50 % femelle; 50 % mâle,100.0,20.0,Aquatique 2,,+2 Attaque,167 exp.,800 000 exp.,90.0,102.0,73.0,73.0,65.0,70.0,
87,Balbalèze,Cetitan,975,/images/5/52/Balbal%C3%A8ze-EV.png,/images/5/52/Cri_0975_HOME.ogg,Glace,,"4,5","700,0",Isograisse,Chasse-Neige,Sans Limite,50 % femelle; 50 % mâle,50.0,25.0,Terrestre,,+2 PV,182 exp.,1 059 860 exp.,170.0,113.0,65.0,65.0,55.0,73.0,
88,Piétacé,Cetoddle,974,/images/7/7d/Pi%C3%A9tac%C3%A9-EV.png,/images/a/aa/Cri_0974_HOME.ogg,Glace,,"1,2","45,0",Isograisse,Rideau Neige,Sans Limite,50 % femelle; 50 % mâle,150.0,25.0,Terrestre,,+1 PV,67 exp.,1 059 860 exp.,108.0,68.0,45.0,45.0,40.0,43.0,
89,Flamenroule,Flamigo,973,/images/1/19/Flamenroule-EV.pngpng,/images/8/8e/Cri_0973_HOME.ogg,Vol,Combat,"1,6","37,0",Querelleur,Pieds Confus,Collab,50 % femelle; 50 % mâle,100.0,20.0,Aérien,,+2 Attaque,175 exp.,1 059 860 exp.,82.0,115.0,74.0,74.0,64.0,90.0,
90,Tomberro,Houndstone,972,/images/0/09/Tomberro-EV.png,/images/a/a8/Cri_0972_HOME.ogg,Spectre,,"2,0","15,0",Baigne Sable,,Boule de Poils,50 % femelle; 50 % mâle,60.0,20.0,Terrestre,,+2 Attaque,171 exp.,1 059 860 exp.,72.0,101.0,100.0,100.0,97.0,68.0,
91,Toutombe,Greavard,971,/images/d/da/Toutombe-EV.png,/images/3/3c/Cri_0971_HOME.ogg,Spectre,,"0,6","35,0",Ramassage,,Boule de Poils,50 % femelle; 50 % mâle,120.0,20.0,Terrestre,,+1 Attaque,58 exp.,1 059 860 exp.,50.0,61.0,60.0,60.0,55.0,34.0,
92,Floréclat,Glimmora,970,/images/a/a1/Flor%C3%A9clat-EV.png,/images/5/5a/Cri_0970_HOME.ogg,Roche,Poison,"1,5","45,0",Dépôt Toxique,,Corrosion,50 % femelle; 50 % mâle,25.0,30.0,Minéral,,+2 Att. Spé.,184 exp.,1 059 860 exp.,83.0,55.0,90.0,90.0,81.0,86.0,
93,Germéclat,Glimmet,969,/images/6/61/Germ%C3%A9clat-EV.pngpng,/images/a/a8/Cri_0969_HOME.ogg,Roche,Poison,"0,7","8,0",Dépôt Toxique,,Corrosion,50 % femelle; 50 % mâle,70.0,30.0,Minéral,,+1 Att. Spé.,70 exp.,1 059 860 exp.,48.0,35.0,42.0,42.0,60.0,60.0,
94,Ferdeter,Orthworm,968,/images/8/8e/Ferdeter-EV.png,/images/3/33/Cri_0968_HOME.ogg,Acier,,"2,5","310,0",Absorbe-Terre,,Voile Sable,50 % femelle; 50 % mâle,25.0,35.0,Terrestre,,+2 Défense,240 exp.,1 250 000 exp.,70.0,85.0,145.0,145.0,55.0,65.0,
95,Motorizard,Cyclizar,967,/images/6/6e/Motorizard-EV.png,/images/c/cb/Cri_0967_HOME.ogg,Dragon,Normal,"1,6","63,0",Mue,,Régé-Force,50 % femelle; 50 % mâle,190.0,30.0,Terrestre,,+2 Vitesse,175 exp.,1 059 860 exp.,70.0,95.0,65.0,65.0,65.0,121.0,
96,Vrombotor,Revavroom,966,/images/e/e3/Vrombotor-EV.png,/images/d/d7/Cri_0966_HOME.ogg,Acier,Poison,"1,8","120,0",Envelocape,Filtre,talent caché,50 % femelle; 50 % mâle,75.0,20.0,Minéral,,+2 Attaque,175 exp.,1 000 000 exp.,80.0,119.0,90.0,90.0,67.0,90.0,
97,Vrombi,Varoom,965,/images/1/1d/Vrombi-EV.png,/images/4/4b/Cri_0965_HOME.ogg,Acier,Poison,"1,0","35,0",Envelocape,,Début Calme,50 % femelle; 50 % mâle,190.0,20.0,Minéral,,+1 Attaque,60 exp.,1 000 000 exp.,45.0,70.0,63.0,63.0,45.0,47.0,
98,Dofin,Finizen,963,/images/5/5c/Dofin-EV.png,/images/f/f0/Cri_0963_HOME.ogg,Eau,,"1,3","60,2",Ignifu-Voile,,,50 % femelle; 50 % mâle,200.0,40.0,Terrestre,Aquatique 2,+1 Vitesse,63 exp.,1 250 000 exp.,70.0,45.0,40.0,40.0,40.0,75.0,
99,Lestombaile,Bombirdier,962,/images/3/35/Lestombaile-EV.png,/images/4/4f/Cri_0962_HOME.ogg,Vol,Ténèbres,"1,5","42,9",Cœur de Coq,Regard Vif,Porte-Roche,50 % femelle; 50 % mâle,25.0,35.0,Aérien,,+2 Attaque,243 exp.,1 250 000 exp.,70.0,103.0,85.0,85.0,85.0,82.0,
100,Triopikeau,Wugtrio,961,/images/3/33/Triopikeau-EV.png,/images/f/f3/Cri_0961_HOME.ogg,Eau,,"1,2","5,4",Poisseux,Phobique,Voile Sable,50 % femelle; 50 % mâle,50.0,20.0,Aquatique 3,,+2 Vitesse,149 exp.,1 000 000 exp.,35.0,100.0,50.0,50.0,70.0,120.0,
101,Taupikeau,Wiglett,960,/images/e/e3/Taupikeau-EV.png,/images/4/44/Cri_0960_HOME.ogg,Eau,,"1,2","1,8",Poisseux,Phobique,Voile Sable,50 % femelle; 50 % mâle,255.0,20.0,Aquatique 3,,+1 Vitesse,49 exp.,1 000 000 exp.,10.0,55.0,25.0,25.0,25.0,95.0,
102,Forgelina,Tinkaton,959,/images/2/2b/Forgelina-EV.png,/images/7/70/Cri_0959_HOME.ogg,Fée,Acier,"0,7","112,8",Brise Moule,Tempo Perso,Pickpocket,100 % femelle; 0 % mâle,45.0,20.0,Féerique,,+3 Déf. Spé.,253 exp.,1 059 860 exp.,85.0,75.0,77.0,77.0,105.0,94.0,
103,Forgella,Tinkatuff,958,/images/c/c6/Forgella-EV.png,/images/9/94/Cri_0958_HOME.ogg,Fée,Acier,"0,7","59,1",Brise Moule,Tempo Perso,Pickpocket,100 % femelle; 0 % mâle,90.0,20.0,Féerique,,+2 Déf. Spé.,133 exp.,1 059 860 exp.,65.0,55.0,55.0,55.0,82.0,78.0,
104,Forgerette,Tinkatink,957,/images/5/56/Forgerette-EV.png,/images/4/48/Cri_0957_HOME.ogg,Fée,Acier,"0,4","8,9",Brise Moule,Tempo Perso,Pickpocket,100 % femelle; 0 % mâle,190.0,20.0,Féerique,,+1 Déf. Spé.,59 exp.,1 059 860 exp.,50.0,45.0,45.0,45.0,64.0,58.0,
105,Cléopsytra,Espathra,956,/images/e/ec/Cl%C3%A9opsytra-EV.png,/images/9/92/Cri_0956_HOME.ogg,Psy,,"1,9","90,0",Opportuniste,Fouille,Turbo,50 % femelle; 50 % mâle,60.0,20.0,Aérien,,+2 Vitesse,168 exp.,1 059 860 exp.,95.0,60.0,60.0,60.0,60.0,105.0,
106,Flotillon,Flittle,955,/images/a/a8/Flotillon-EV.png,/images/3/39/Cri_0955_HOME.ogg,Psy,,"0,2","1,5",Fouille,Anticipation,Turbo,50 % femelle; 50 % mâle,120.0,20.0,Aérien,,+1 Vitesse,51 exp.,1 059 860 exp.,30.0,35.0,30.0,30.0,30.0,75.0,
107,Bérasca,Rabsca,954,/images/9/92/B%C3%A9rasca-EV.png,/images/5/5b/Cri_0954_HOME.ogg,Insecte,Psy,"0,3","3,5",Synchro,,Télépathe,50 % femelle; 50 % mâle,45.0,20.0,Insectoïde,,+2 Att. Spé.,165 exp.,800 000 exp.,75.0,50.0,85.0,85.0,100.0,45.0,
108,Léboulérou,Rellor,953,/images/3/39/L%C3%A9boul%C3%A9rou-EV.png,/images/e/e1/Cri_0953_HOME.ogg,Insecte,,"0,2","1,0",Œil Composé,,Mue,50 % femelle; 50 % mâle,190.0,20.0,Insectoïde,,+1 Défense,54 exp.,800 000 exp.,41.0,50.0,60.0,60.0,58.0,30.0,
109,Scovilain,Scovillain,952,/images/9/93/Scovilain-EV.png,/images/a/ad/Cri_0952_HOME.ogg,Plante,Feu,"0,9","15,0",Chlorophylle,Insomnia,Lunatique,50 % femelle; 50 % mâle,75.0,20.0,Végétal,,+2 Attaque,170 exp.,1 000 000 exp.,65.0,108.0,65.0,65.0,65.0,75.0,
110,Pimito,Capsakid,951,/images/6/61/Pimito-EV.png,/images/b/bf/Cri_0951_HOME.ogg,Plante,,"0,3","3,0",Chlorophylle,Insomnia,Maladresse,50 % femelle; 50 % mâle,190.0,20.0,Végétal,,+1 Attaque,61 exp.,1 000 000 exp.,52.0,62.0,40.0,40.0,40.0,50.0,
111,Craparoi,Klawf,950,/images/5/59/Craparoi-EV.png,/images/8/86/Cri_0950_HOME.ogg,Roche,,"1,3","79,0",Courroupace,Coque Armure,Régé-Force,50 % femelle; 50 % mâle,120.0,35.0,Aquatique 3,,+2 Défense,158 exp.,1 000 000 exp.,70.0,100.0,115.0,115.0,55.0,75.0,
112,Terracruel,Toedscruel,949,/images/b/ba/Terracruel-EV.png,/images/e/ed/Cri_0949_HOME.ogg,Sol,Plante,"1,9","58,0",Force Fongique,,,50 % femelle; 50 % mâle,90.0,20.0,Végétal,,+2 Déf. Spé.,180 exp.,1 059 860 exp.,80.0,70.0,65.0,65.0,120.0,100.0,
113,Terracool,Toedscool,948,/images/8/81/Terracool-EV.png,/images/3/30/Cri_0948_HOME.ogg,Sol,Plante,"0,9","33,0",Force Fongique,,,50 % femelle; 50 % mâle,190.0,20.0,Végétal,,+1 Déf. Spé.,67 exp.,1 059 860 exp.,40.0,40.0,35.0,35.0,100.0,70.0,
114,Virevorreur,Brambleghast,947,/images/3/34/Virevorreur-EV.png,/images/f/f5/Cri_0947_HOME.ogg,Plante,Spectre,"1,2","6,0",Aéroporté,,Infiltration,50 % femelle; 50 % mâle,45.0,20.0,Végétal,,+2 Attaque,168 exp.,1 000 000 exp.,55.0,115.0,70.0,70.0,70.0,90.0,
115,Virovent,Bramblin,946,/images/2/21/Virovent-EV.png,/images/9/94/Cri_0946_HOME.ogg,Plante,Spectre,"0,6","0,6",Aéroporté,,Infiltration,50 % femelle; 50 % mâle,190.0,20.0,Végétal,,+1 Attaque,55 exp.,1 000 000 exp.,40.0,65.0,30.0,30.0,35.0,60.0,
116,Tag-Tag,Grafaiai,945,/images/f/ff/Tag-Tag-EV.png,/images/9/93/Cri_0945_HOME.ogg,Poison,Normal,"0,7","27,2",Délestage,Toxitouche,Farceur,50 % femelle; 50 % mâle,90.0,20.0,Terrestre,,+2 Vitesse,170 exp.,1 059 860 exp.,63.0,95.0,65.0,65.0,72.0,110.0,
117,Gribouraigne,Shroodle,944,/images/c/cc/Gribouraigne-EV.png,/images/9/90/Cri_0944_HOME.ogg,Poison,Normal,"0,2","0,7",Délestage,Pickpocket,Farceur,50 % femelle; 50 % mâle,190.0,20.0,Terrestre,,+1 Vitesse,58 exp.,1 059 860 exp.,40.0,65.0,35.0,35.0,35.0,75.0,
118,Dogrino,Mabosstiff,943,/images/1/11/Dogrino-EV.png,/images/5/5e/Cri_0943_HOME.ogg,Ténèbres,,"1,1","61,0",Chien de Garde,Intimidation,Filature,50 % femelle; 50 % mâle,75.0,20.0,Terrestre,,+2 Attaque,177 exp.,1 059 860 exp.,80.0,120.0,90.0,90.0,70.0,85.0,
119,Grondogue,Maschiff,942,/images/d/d8/Grondogue-EV.png,/images/6/6b/Cri_0942_HOME.ogg,Ténèbres,,"0,5","16,0",Fuite,Intimidation,Filature,50 % femelle; 50 % mâle,150.0,20.0,Terrestre,,+1 Attaque,68 exp.,1 059 860 exp.,60.0,78.0,60.0,60.0,51.0,51.0,
120,Fulgulairo,Kilowattrel,941,/images/e/eb/Fulgulairo-EV.png,/images/a/a7/Cri_0941_HOME.ogg,Électrik,Vol,"1,4","38,6",Turbine Éolienne,Absorbe-Volt,Battant,50 % femelle; 50 % mâle,90.0,20.0,Aquatique 1,Aérien,+2 Vitesse,172 exp.,1 059 860 exp.,70.0,70.0,60.0,60.0,60.0,125.0,
121,Zapétrel,Wattrel,940,/images/e/ec/Zap%C3%A9trel-EV.png,/images/e/e6/Cri_0940_HOME.ogg,Électrik,Vol,"0,4","3,6",Absorbe-Volt,Turbine Éolienne,Battant,50 % femelle; 50 % mâle,180.0,20.0,Aquatique 1,Aérien,+1 Vitesse,56 exp.,1 059 860 exp.,40.0,40.0,35.0,35.0,40.0,70.0,
122,Ampibidou,Bellibolt,939,/images/e/e1/Ampibidou-EV.png,/images/b/b4/Cri_0939_HOME.ogg,Électrik,,"1,2","113,0",Grecharge,Statik,Moiteur,50 % femelle; 50 % mâle,50.0,20.0,Aquatique 1,,+2 PV,173 exp.,1 000 000 exp.,109.0,64.0,91.0,91.0,83.0,45.0,
123,Têtampoule,Tadbulb,938,/images/4/42/T%C3%AAtampoule-EV.png,/images/d/d0/Cri_0938_HOME.ogg,Électrik,,"0,3","0,4",Tempo Perso,Statik,Moiteur,50 % femelle; 50 % mâle,190.0,20.0,Aquatique 1,,+1 PV,54 exp.,1 000 000 exp.,61.0,31.0,41.0,41.0,35.0,45.0,
124,Malvalame,Ceruledge,937,/images/2/2f/Malvalame-EV.png,/images/f/f9/Cri_0937_HOME.ogg,Feu,Spectre,"1,6","62,0",Torche,,Armurouillée,50 % femelle; 50 % mâle,25.0,35.0,Humanoïde,,+2 Attaque,263 exp.,1 250 000 exp.,75.0,125.0,80.0,80.0,100.0,85.0,
125,Carmadura,Armarouge,936,/images/7/7f/Carmadura-EV.png,/images/2/25/Cri_0936_HOME.ogg,Feu,Psy,"1,5","85,0",Torche,,Armurouillée,50 % femelle; 50 % mâle,25.0,35.0,Humanoïde,,+2 Att. Spé.,263 exp.,1 250 000 exp.,85.0,60.0,100.0,100.0,80.0,75.0,
126,Charbambin,Charcadet,935,/images/0/0d/Charbambin-EV.pngpng,/images/7/7c/Cri_0935_HOME.ogg,Feu,,"0,6","10,5",Torche,,Corps Ardent,50 % femelle; 50 % mâle,90.0,35.0,Humanoïde,,+1 Att. Spé.,51 exp.,1 250 000 exp.,40.0,50.0,40.0,40.0,40.0,35.0,
127,Gigansel,Garganacl,934,/images/7/78/Gigansel-EV.png,/images/6/63/Cri_0934_HOME.ogg,Roche,,"2,3","240,0",Sel Purificateur,Fermeté,Corps Sain,50 % femelle; 50 % mâle,45.0,20.0,Minéral,,+3 Défense,250 exp.,1 059 860 exp.,100.0,100.0,130.0,130.0,90.0,35.0,
128,Amassel,Naclstack,933,/images/2/2c/Amassel-EV.png,/images/f/f9/Cri_0933_HOME.ogg,Roche,,"0,6","105,0",Sel Purificateur,Fermeté,Corps Sain,50 % femelle; 50 % mâle,120.0,20.0,Minéral,,+2 Défense,124 exp.,1 059 860 exp.,60.0,60.0,100.0,100.0,65.0,35.0,
129,Selutin,Nacli,932,/images/1/1f/Selutin-EV.png,/images/7/72/Cri_0932_HOME.ogg,Roche,,"0,4","16,0",Sel Purificateur,Fermeté,Corps Sain,50 % femelle; 50 % mâle,255.0,20.0,Minéral,,+1 Défense,56 exp.,1 059 860 exp.,55.0,55.0,75.0,75.0,35.0,25.0,
130,Tapatoès,Squawkabilly,931,/images/b/b1/Tapato%C3%A8s_%28Plumage_Vert%29-EV.png,/images/b/bb/Cri_0931_HOME.ogg,Normal,Vol,"0,6","2,4",Agitation,Intimidation,Cran (Plumages Vert et Bleu) / Sans Limite (Plumages Jaune et Blanc),50 % femelle; 50 % mâle,190.0,15.0,Aérien,,+1 Attaque,146 exp.,600 000 exp.,82.0,96.0,51.0,51.0,51.0,92.0,
131,Olivini,Smoliv,928,/images/5/56/Olivini-EV.png,/images/1/17/Cri_0928_HOME.ogg,Plante,Normal,"0,3","6,5",Matinal,,Récolte,50 % femelle; 50 % mâle,255.0,20.0,Végétal,,+1 Att. Spé.,52 exp.,1 059 860 exp.,41.0,35.0,45.0,45.0,51.0,30.0,
132,Briochien,Dachsbun,927,/images/e/eb/Briochien-EV.png,/images/b/b0/Cri_0927_HOME.ogg,Fée,,"0,5","14,9",Bien Cuit,,Aroma-Voile,50 % femelle; 50 % mâle,90.0,20.0,Terrestre,Minéral,+2 Vitesse,167 exp.,1 059 860 exp.,57.0,80.0,115.0,115.0,80.0,95.0,
133,Pâtachiot,Fidough,926,/images/7/7e/P%C3%A2tachiot-EV.png,/images/c/ca/Cri_0926_HOME.ogg,Fée,,"0,3","10,9",Tempo Perso,,Maladresse,50 % femelle; 50 % mâle,190.0,20.0,Terrestre,Minéral,+1 Vitesse,62 exp.,1 059 860 exp.,37.0,55.0,70.0,70.0,55.0,65.0,
134,Compagnol,Tandemaus,924,/images/a/ae/Compagnol-EV.png,/images/9/99/Cri_0924_HOME.ogg,Normal,,"0,3","1,8",Fuite,Ramassage,Tempo Perso,Asexué,150.0,10.0,Terrestre,Féerique,+1 Vitesse,61 exp.,800 000 exp.,50.0,50.0,45.0,45.0,45.0,75.0,
135,Pohmarmotte,Pawmot,923,/images/2/20/Pohmarmotte-EV.png,/images/6/6c/Cri_0923_HOME.ogg,Électrik,Combat,"0,9","41,0",Absorbe-Volt,Médic Nature,Poing de Fer,50 % femelle; 50 % mâle,45.0,15.0,Terrestre,,+3 Attaque,245 exp.,1 000 000 exp.,70.0,115.0,70.0,70.0,60.0,105.0,
136,Pohmotte,Pawmo,922,/images/0/02/Pohmotte-EV.png,/images/2/2a/Cri_0922_HOME.ogg,Électrik,Combat,"0,4","6,5",Absorbe-Volt,Médic Nature,Poing de Fer,50 % femelle; 50 % mâle,80.0,15.0,Terrestre,,+2 Vitesse,123 exp.,1 000 000 exp.,60.0,75.0,40.0,40.0,40.0,85.0,
137,Pohm,Pawmi,921,/images/b/bf/Pohm-EV.png,/images/2/26/Cri_0921_HOME.ogg,Électrik,,"0,3","2,5",Statik,Médic Nature,Poing de Fer,50 % femelle; 50 % mâle,190.0,15.0,Terrestre,,+1 Vitesse,48 exp.,1 000 000 exp.,45.0,50.0,20.0,20.0,25.0,60.0,
138,Gambex,Lokix,920,/images/d/de/Gambex-EV.png,/images/f/fe/Cri_0920_HOME.ogg,Insecte,Ténèbres,"1,0","17,5",Essaim,,Lentiteintée,50 % femelle; 50 % mâle,30.0,20.0,Insectoïde,,+2 Attaque,158 exp.,1 000 000 exp.,71.0,102.0,78.0,78.0,55.0,92.0,
139,Lilliterelle,Nymble,919,/images/4/45/Lilliterelle-EV.png,/images/f/f9/Cri_0919_HOME.ogg,Insecte,,"0,2","1,0",Essaim,,Lentiteintée,50 % femelle; 50 % mâle,190.0,20.0,Insectoïde,,+1 Attaque,42 exp.,1 000 000 exp.,33.0,46.0,40.0,40.0,25.0,45.0,
140,Filentrappe,Spidops,918,/images/1/14/Filentrappe-EV.png,/images/7/78/Cri_0918_HOME.ogg,Insecte,,"1,0","16,5",Insomnia,,Filature,50 % femelle; 50 % mâle,120.0,15.0,Insectoïde,,+2 Défense,141 exp.,600 000 exp.,60.0,79.0,92.0,92.0,86.0,35.0,
141,Tissenboule,Tarountula,917,/images/b/b7/Tissenboule-EV.png,/images/4/42/Cri_0917_HOME.ogg,Insecte,,"0,3","4,0",Insomnia,,Filature,50 % femelle; 50 % mâle,255.0,15.0,Insectoïde,,+1 Défense,42 exp.,600 000 exp.,35.0,41.0,45.0,45.0,40.0,20.0,
142,Fragroin,Oinkologne,916,/images/a/a0/Fragroin_%28Femelle%29-EV.png,/images/6/64/Cri_0916_%E2%99%82_HOME.ogg,Normal,,"1,0","120,0",,,,50 % femelle; 50 % mâle,100.0,15.0,Terrestre,,+2 PV,171 exp.,1 000 000 exp.,110.0,100.0,75.0,75.0,80.0,65.0,
143,Gourmelet,Lechonk,915,/images/b/b4/Gourmelet-EV.png,/images/e/eb/Cri_0915_HOME.ogg,Normal,,"0,5","10,2",Aroma-Voile,Gloutonnerie,Isograisse,50 % femelle; 50 % mâle,255.0,15.0,Terrestre,,+1 PV,51 exp.,1 000 000 exp.,54.0,45.0,40.0,40.0,45.0,35.0,
144,Palmaval,Quaquaval,914,/images/9/9f/Palmaval-EV.png,/images/1/16/Cri_0914_HOME.ogg,Eau,Combat,"1,8","61,9",Torrent,,Impudence,12.5 % femelle; 87.5 % mâle,45.0,20.0,Aérien,Aquatique 1,+3 Attaque,265 exp.,1 059 860 exp.,85.0,120.0,80.0,80.0,75.0,85.0,
145,Canarbello,Quaxwell,913,/images/f/f0/Canarbello-EV.png,/images/9/90/Cri_0913_HOME.ogg,Eau,,"1,2","21,5",Torrent,,Impudence,12.5 % femelle; 87.5 % mâle,45.0,20.0,Aérien,Aquatique 1,+2 Attaque,144 exp.,1 059 860 exp.,70.0,85.0,65.0,65.0,60.0,65.0,
146,Coiffeton,Quaxly,912,/images/5/57/Coiffeton-EV.png,/images/6/62/Cri_0912_HOME.ogg,Eau,,"0,5","6,1",Torrent,,Impudence,12.5 % femelle; 87.5 % mâle,45.0,20.0,Aérien,Aquatique 1,+1 Attaque,62 exp.,1 059 860 exp.,55.0,65.0,45.0,45.0,45.0,50.0,
147,Flâmigator,Skeledirge,911,/images/d/d9/Fl%C3%A2migator-EV.png,/images/1/12/Cri_0911_HOME.ogg,Feu,Spectre,"1,6","326,5",Brasier,,Inconscient,12.5 % femelle; 87.5 % mâle,45.0,20.0,Terrestre,,+3 Att. Spé.,265 exp.,1 059 860 exp.,104.0,75.0,100.0,100.0,75.0,66.0,
148,Crocogril,Crocalor,910,/images/e/e9/Crocogril-EV.png,/images/3/3a/Cri_0910_HOME.ogg,Feu,,"1,0","30,7",Brasier,,Inconscient,12.5 % femelle; 87.5 % mâle,45.0,20.0,Terrestre,,+2 Att. Spé.,144 exp.,1 059 860 exp.,81.0,55.0,78.0,78.0,58.0,49.0,
149,Chochodile,Fuecoco,909,/images/6/6c/Chochodile-EV.png,/images/5/5c/Cri_0909_HOME.ogg,Feu,,"0,4","9,8",Brasier,,Inconscient,12.5 % femelle; 87.5 % mâle,45.0,20.0,Terrestre,,+1 PV,62 exp.,1 059 860 exp.,67.0,45.0,59.0,59.0,40.0,36.0,
150,Miascarade,Meowscarada,908,/images/e/e9/Miascarade-EV.png,/images/f/f0/Cri_0908_HOME.ogg,Plante,Ténèbres,"1,5","31,2",Engrais,,Protéen,12.5 % femelle; 87.5 % mâle,45.0,20.0,Terrestre,Végétal,+3 Vitesse,265 exp.,1 059 860 exp.,76.0,110.0,70.0,70.0,70.0,123.0,
151,Matourgeon,Floragato,907,/images/c/c3/Matourgeon-EV.png,/images/b/b7/Cri_0907_HOME.ogg,Plante,,"0,9","12,2",Engrais,,Protéen,12.5 % femelle; 87.5 % mâle,45.0,20.0,Terrestre,Végétal,+2 Vitesse,144 exp.,1 059 860 exp.,61.0,80.0,63.0,63.0,63.0,83.0,
152,Poussacha,Sprigatito,906,/images/5/51/Poussacha-EV.png,/images/f/fe/Cri_0906_HOME.ogg,Plante,,"0,4","4,1",Engrais,,Protéen,12.5 % femelle; 87.5 % mâle,45.0,20.0,Terrestre,Végétal,+1 Vitesse,62 exp.,1 059 860 exp.,40.0,61.0,54.0,54.0,45.0,65.0,
153,Amovénus (Avatar),Enamorus (Incarnate),905,/images/9/9f/Amov%C3%A9nus_%28Forme_Avatar%29-LPA.png,/images/e/e6/Cri_0905_HOME.ogg,Fée,Vol,1.6,"48,0",Joli Sourire,,Contestation,100 % femelle; 0 % mâle,3.0,120.0,Inconnu,,+3 Att. Spé,116 exp.,1 250 000 exp.,74.0,115.0,70.0,70.0,80.0,106.0,
154,Qwilpik,Overqwil,904,/images/a/a3/Qwilpik-LPA.png,/images/c/cf/Cri_0904_HOME.ogg,Ténèbres,Poison,"2,5","60,5",Point Poison,Glissade,Intimidation,50 % femelle; 50 % mâle,45.0,20.0,Aquatique 2,,+2 Att.,179 exp.,1 000 000 exp.,85.0,115.0,95.0,95.0,65.0,85.0,
155,Farfurex,Sneasler,903,/images/a/a1/Farfurex-LPA.png,/images/d/d3/Cri_0903_HOME.ogg,Combat,Poison,"1,3","43,0",Pression,Délestage,Toxitouche,50 % femelle; 50 % mâle,20.0,20.0,Terrestre,,+1 Att. ; +1 Vit.,102 exp.,1 059 860 exp.,80.0,130.0,60.0,60.0,80.0,120.0,
156,Paragruel,Basculegion,902,/images/2/23/Paragruel_%28Femelle%29-LPA.png,/images/c/c3/Cri_0902_HOME.ogg,Eau,Spectre,"3,0","110,0",Glissade,Adaptabilité,Brise Moule,50 % femelle; 50 % mâle,45.0,20.0,Aquatique 2,,+2 PV,265 exp.,1 000 000 exp.,,112.0,65.0,65.0,75.0,78.0,
157,Hachécateur,Kleavor,900,/images/2/2f/Hach%C3%A9cateur-LPA.png,/images/c/c3/Cri_0900_HOME.ogg,Insecte,Roche,"1,8","89,0",Essaim,Sans Limite,Incisif,50 % femelle; 50 % mâle,15.0,20.0,Insectoïde,,+2 Att.,175 exp.,1 000 000 exp.,70.0,135.0,95.0,95.0,70.0,85.0,
158,Cerbyllin,Wyrdeer,899,/images/5/57/Cerbyllin-LPA.png,/images/8/8e/Cri_0899_HOME.ogg,Normal,Psy,"1,8","95,1",Intimidation,Fouille,Herbivore,50 % femelle; 50 % mâle,45.0,20.0,Terrestre,,+1 Att. ; + 1 Att. Spé,263 exp.,1 250 000 exp.,103.0,105.0,72.0,72.0,75.0,65.0,
159,"Sylveroy, le Cavalier d'Effroi",Shadow Rider Calyrex,898,/images/0/0c/Sylveroy%2C_le_Cavalier_d%27Effroi-EB.png,/images/0/0b/Cri_0898_Cavalier_d%27Effroi_HOME.ogg,Psy,Spectre,"2,4","53,6",Osmose Équine,,,Asexué,3.0,119.0,Inconnu,,+3 Att. Spé,250 exp.,1 250 000 exp.,100.0,85.0,80.0,80.0,100.0,150.0,
160,"Sylveroy, le Cavalier du Froid",Ice Rider Calyrex,898,/images/b/b5/Sylveroy%2C_le_Cavalier_du_Froid-EB.png,/images/9/9a/Cri_0898_Cavalier_du_Froid_HOME.ogg,Psy,Glace,"2,4","809,1",Osmose Équine,,,Asexué,3.0,119.0,Inconnu,,+3 Att.,250 exp.,1 250 000 exp.,100.0,165.0,150.0,150.0,130.0,50.0,
161,Sylveroy,Calyrex,898,/images/a/ac/Sylveroy-EB.png,/images/5/57/Cri_0898_HOME.ogg,Psy,Plante,"1,1","7,7",Tension,,,Asexué,3.0,120.0,Inconnu,,+3 PV,250 exp.,1 250 000 exp.,100.0,80.0,80.0,80.0,80.0,80.0,
162,Regidrago,Regidrago,895,/images/a/ac/Regidrago-EB.png,/images/b/b2/Cri_0895_HOME.ogg,Dragon,,"2,1","200,0",Dent de Dragon,,,Asexué,3.0,120.0,Inconnu,,+3 PV,290 exp.,1 250 000 exp.,200.0,100.0,50.0,50.0,50.0,80.0,
163,Regieleki,Regieleki,894,/images/6/6a/Regieleki-EB.png,/images/0/00/Cri_0894_HOME.ogg,Électrik,,"1,2","145,0",Transistor,,,Asexué,3.0,120.0,Inconnu,,+3 Vit.,290 exp.,1 250 000 exp.,80.0,100.0,50.0,50.0,50.0,200.0,
164,Zarude,Zarude,893,/images/1/17/Zarude-EB.png,/images/9/9d/Cri_0893_HOME.ogg,Ténèbres,Plante,"1,8","70,0",Feuille Garde,,,Asexué,3.0,120.0,Inconnu,,+3 Att.,300 exp.,1 250 000 exp.,105.0,120.0,105.0,105.0,95.0,105.0,
165,Shifours Gigamax,Gigantamax Urshifu,892,/images/b/be/Shifours_Gigamax_%28Style_Mille_Poings%29-EB.png,/images/f/f1/Cri_0892_Gigamax_Poing_Final_HOME.ogg,Bipède,,,"???,?",Poing Invisible,,,12.5 % femelle; 87.5 % mâle,,,,,,,,,,,,,,
166,Shifours,Urshifu,892,/images/a/ac/Shifours_%28Style_Mille_Poings%29-EB.png,/images/3/3d/Cri_0892_Poing_Final_HOME.ogg,Bipède,,"1,9","105,0",Poing Invisible,,,12.5 % femelle; 87.5 % mâle,3.0,120.0,Inconnu,,+3 Att.,275 exp.,1 250 000 exp.,100.0,130.0,100.0,100.0,60.0,97.0,
167,Wushours,Kubfu,891,/images/2/29/Wushours-EB.png,/images/a/a0/Cri_0891_HOME.ogg,Combat,,"0,6","12,0",Attention,,,12.5 % femelle; 87.5 % mâle,3.0,120.0,Inconnu,,+1 Att.,77 exp.,1 250 000 exp.,60.0,90.0,60.0,60.0,50.0,72.0,
168,Éthernatos Infinimax,Eternamax Eternatus,890,/images/c/c5/Sprite_0890_Infinimax_HOME.png,/images/d/da/Cri_0890_Infinimax_HOME.ogg,Poison,Dragon,"100,0","???,?",Pression,,,Asexué,,,,,,,,255.0,115.0,250.0,250.0,250.0,130.0,
169,Éthernatos,Eternatus,890,/images/4/4d/%C3%89thernatos-EB.png,/images/3/3c/Cri_0890_HOME.ogg,Poison,Dragon,"20,0","950,0",Pression,,,Asexué,255.0,120.0,Inconnu,,+3 PV,345 exp.,1 250 000 exp.,140.0,85.0,95.0,95.0,95.0,130.0,
170,Lanssorien,Dragapult,887,/images/b/b6/Lanssorien-EB.png,/images/6/66/Cri_0887_HOME.ogg,Dragon,Spectre,"3,0","50,0",Corps Sain,Infiltration,Corps Maudit,50 % femelle; 50 % mâle,45.0,40.0,Amorphe,Draconique,+3 Vit.,300 exp.,1 250 000 exp.,88.0,120.0,75.0,75.0,75.0,142.0,
171,Dispareptil,Drakloak,886,/images/c/c0/Dispareptil-EB.png,/images/0/01/Cri_0886_HOME.ogg,Dragon,Spectre,"1,4","11,0",Corps Sain,Infiltration,Corps Maudit,50 % femelle; 50 % mâle,45.0,40.0,Amorphe,Draconique,+2 Vit.,144 exp.,1 250 000 exp.,68.0,80.0,50.0,50.0,50.0,102.0,
172,Fantyrm,Dreepy,885,/images/5/5f/Fantyrm-EB.png,/images/0/0b/Cri_0885_HOME.ogg,Dragon,Spectre,"0,5","2,0",Corps Sain,Infiltration,Corps Maudit,50 % femelle; 50 % mâle,45.0,40.0,Amorphe,Draconique,+1 Vit.,54 exp.,1 250 000 exp.,28.0,60.0,30.0,30.0,30.0,82.0,
173,Duralugon Gigamax,Gigantamax Duraludon,884,/images/e/e8/Duralugon_%28Gigamax%29-EB.png,/images/e/e7/Cri_0884_Gigamax_HOME.ogg,Acier,Dragon,"43,0","???,?",Light Metal,Heavy Metal,Nerfs d'Acier,50 % femelle; 50 % mâle,,,,,,,,,,,,,,
174,Duralugon,Duraludon,884,/images/6/6c/Duralugon-EB.png,/images/b/b0/Cri_0884_HOME.ogg,Acier,Dragon,"1,8","40,0",Light Metal,Heavy Metal,Nerfs d'Acier,50 % femelle; 50 % mâle,45.0,30.0,Minéral,Draconique,+2 Att. Spé,187 exp.,1 000 000 exp.,70.0,95.0,115.0,115.0,50.0,85.0,
175,Hydragla,Arctovish,883,/images/f/f7/Hydragla-EB.png,/images/c/c4/Cri_0883_HOME.ogg,Eau,Glace,"2,0","175,0",Absorbe-Eau,Corps Gel,Chasse-Neige,Asexué,45.0,35.0,Inconnu,,+2 Déf.,177 exp.,1 250 000 exp.,90.0,90.0,100.0,100.0,90.0,55.0,
176,Hydragon,Dracovish,882,/images/1/12/Hydragon-EB.png,/images/5/5b/Cri_0882_HOME.ogg,Eau,Dragon,"2,3","215,0",Absorbe-Eau,Prognathe,Baigne Sable,Asexué,45.0,35.0,Inconnu,,+2 Déf.,177 exp.,1 250 000 exp.,90.0,90.0,100.0,100.0,80.0,75.0,
177,Galvagla,Arctozolt,881,/images/a/a8/Galvagla-EB.png,/images/2/2c/Cri_0881_HOME.ogg,Électrik,Glace,"2,3","150,0",Absorbe-Volt,Statik,Chasse-Neige,Asexué,45.0,35.0,Inconnu,,+2 Att.,177 exp.,1 250 000 exp.,90.0,100.0,90.0,90.0,80.0,55.0,
178,Galvagon,Dracozolt,880,/images/c/c5/Galvagon-EB.png,/images/f/f6/Cri_0880_HOME.ogg,Électrik,Dragon,"1,8","190,0",Absorbe-Volt,Agitation,Baigne Sable,Asexué,45.0,35.0,Inconnu,,+2 Att.,177 exp.,1 250 000 exp.,90.0,100.0,90.0,90.0,70.0,75.0,
179,Pachyradjah Gigamax,Gigantamax Copperajah,879,/images/e/ef/Pachyradjah_%28Gigamax%29-EB.png,/images/9/92/Cri_0879_Gigamax_HOME.ogg,Acier,,"23,0","???,?",Sans Limite,,Heavy Metal,50 % femelle; 50 % mâle,,,,,,,,,,,,,,
180,Pachyradjah,Copperajah,879,/images/9/93/Pachyradjah-EB.png,/images/6/6c/Cri_0879_HOME.ogg,Acier,,"3,0","650,0",Sans Limite,,Heavy Metal,50 % femelle; 50 % mâle,90.0,25.0,Terrestre,Minéral,+2 Att.,175 exp.,1 000 000 exp.,122.0,130.0,69.0,69.0,69.0,30.0,
181,Charibari,Cufant,878,/images/9/9f/Charibari-EB.png,/images/c/c7/Cri_0878_HOME.ogg,Acier,,"1,2","100,0",Sans Limite,,Heavy Metal,50 % femelle; 50 % mâle,190.0,25.0,Terrestre,Minéral,+1 Att.,66 exp.,1 000 000 exp.,72.0,80.0,49.0,49.0,49.0,40.0,
182,Morpeko,Morpeko,877,/images/c/c8/Morpeko_%28Mode_Rassasi%C3%A9%29-EB.png,/images/7/7c/Cri_0877_Rassasi%C3%A9_HOME.ogg,Électrik,Ténèbres,"0,3","3,0",Déclic Fringale,,,50 % femelle; 50 % mâle,180.0,10.0,Terrestre,Féerique,+2 Vit.,153 exp.,1 000 000 exp.,58.0,95.0,58.0,58.0,58.0,97.0,
183,Wimessir (♂),Indeedee (♂),876,/images/5/5b/Wimessir_%28M%C3%A2le%29-EB.png,/images/d/de/Cri_0876_%E2%99%82_HOME.ogg,Psy,Normal,"0,9","28,0",Tempo Perso,Synchro,Créa-Psy,50 % femelle; 50 % mâle,30.0,40.0,Féerique,,,166 exp.,800 000 exp.,60.0,65.0,55.0,55.0,95.0,95.0,
184,Bekaglaçon,Eiscue,875,/images/0/08/Bekagla%C3%A7on_%28T%C3%AAte_de_Gel%29-EB.png,/images/9/94/Cri_0875_T%C3%AAte_de_Gel_HOME.ogg,Glace,,"1,4","89,0",Tête de Gel,,,50 % femelle; 50 % mâle,60.0,25.0,Aquatique 1,Terrestre,+2 Défense,165 exp.,1 250 000 exp.,75.0,80.0,110.0,110.0,90.0,50.0,
185,Dolman,Stonjourner,874,/images/f/f5/Dolman-EB.png,/images/e/e3/Cri_0874_HOME.ogg,Roche,,"2,5","520,0",Cercle d'Énergie,,,50 % femelle; 50 % mâle,60.0,25.0,Minéral,,+2 Déf.,165 exp.,1 250 000 exp.,100.0,125.0,135.0,135.0,20.0,70.0,
186,Beldeneige,Frosmoth,873,/images/9/9b/Beldeneige-EB.png,/images/9/9a/Cri_0873_HOME.ogg,Glace,Insecte,"1,3","42,0",Écran Poudre,,Écailles Glacées,50 % femelle; 50 % mâle,75.0,20.0,Insectoïde,,+2 Att. Spé,166 exp.,1 000 000 exp.,70.0,65.0,60.0,60.0,90.0,65.0,
187,Frissonille,Snom,872,/images/b/be/Frissonille-EB.png,/images/6/6f/Cri_0872_HOME.ogg,Glace,Insecte,"0,3","3,8",Écran Poudre,,Écailles Glacées,50 % femelle; 50 % mâle,190.0,20.0,Insectoïde,,+1 Att. Spé,37 exp.,1 000 000 exp.,30.0,25.0,35.0,35.0,30.0,20.0,
188,Wattapik,Pincurchin,871,/images/9/98/Wattapik-EB.png,/images/7/7f/Cri_0871_HOME.ogg,Électrik,,"0,3","1,0",Paratonnerre,,Créa-Élec,50 % femelle; 50 % mâle,75.0,20.0,Aquatique 1,Amorphe,+2 Att.,152 exp.,1 000 000 exp.,48.0,101.0,95.0,95.0,85.0,15.0,
189,Hexadron,Falinks,870,/images/1/16/Hexadron-EB.png,/images/f/f1/Cri_0870_HOME.ogg,Combat,,"3,0","62,0",Armurbaston,,Acharné,Asexué,45.0,25.0,Féerique,Minéral,+2 Att +1 Déf. Spé.,165 exp.,1 000 000 exp.,65.0,100.0,100.0,100.0,60.0,75.0,
190,Charmilly Gigamax,Gigantamax Alcremie,869,/images/7/7c/Charmilly_%28Gigamax%29-EB.png,/images/0/0a/Cri_0869_Gigamax_HOME.ogg,Fée,,"30,0","???,?",Gluco-Voile,,,100 % femelle; 0 % mâle,,,,,,,,,,,,,,
191,Charmilly,Alcremie,869,/images/e/ef/Charmilly-EB.png,/images/c/c5/Cri_0869_HOME.ogg,Fée,,"0,3","0,5",Gluco-Voile,,Aroma-Voile,100 % femelle; 0 % mâle,100.0,20.0,Féerique,Amorphe,+2 Déf. Spé.,175 exp.,1 000 000 exp.,65.0,60.0,75.0,75.0,121.0,64.0,
192,Crèmy,Milcery,868,/images/f/fd/Cr%C3%A8my-EB.png,/images/8/8a/Cri_0868_HOME.ogg,Fée,,"0,2","0,3",Gluco-Voile,,Aroma-Voile,100 % femelle; 0 % mâle,200.0,20.0,Féerique,Amorphe,+1 Déf. Spé.,54 exp.,1 000 000 exp.,45.0,40.0,40.0,40.0,61.0,34.0,
193,Tutétékri,Runerigus,867,/images/a/ab/Tut%C3%A9t%C3%A9kri-EB.png,/images/3/3e/Cri_0867_HOME.ogg,Sol,Spectre,"1,6","66,6",Âme Vagabonde,,,50 % femelle; 50 % mâle,90.0,25.0,Minéral,Amorphe,+2 Déf.,169 exp.,1 000 000 exp.,58.0,95.0,145.0,145.0,105.0,30.0,
194,M. Glaquette,Mr. Rime,866,/images/c/c0/M._Glaquette-EB.png,/images/8/8e/Cri_0866_HOME.ogg,Glace,Psy,"1,5","58,2",Pieds Confus,Brise-Barrière,Corps Gel,50 % femelle; 50 % mâle,45.0,25.0,Humanoïde,,+3 Att. Spé,182 exp.,1 000 000 exp.,80.0,85.0,75.0,75.0,100.0,70.0,
195,Palarticho,Sirfetch'd,865,/images/a/a8/Palarticho-EB.png,/images/3/33/Cri_0865_HOME.ogg,Combat,,"0,8","117,0",Impassible,,Querelleur,50 % femelle; 50 % mâle,45.0,20.0,Aérien,Terrestre,+2 Att.,177 exp.,1 000 000 exp.,62.0,135.0,95.0,95.0,82.0,65.0,
196,Corayôme,Cursola,864,/images/5/55/Coray%C3%B4me-EB.png,/images/5/5d/Cri_0864_HOME.ogg,Spectre,,"1,0","0,4",Armurouillée,,Corps Condamné,75 % femelle; 25 % mâle,60.0,20.0,Aquatique 1,Aquatique 3,+1 Attaque Spéciale,179 exp.,800 000 exp.,60.0,95.0,50.0,50.0,130.0,30.0,
197,Berserkatt,Perrserker,863,/images/e/e1/Berserkatt-EB.png,/images/2/27/Cri_0863_HOME.ogg,Acier,,"0,8","28,0",Armurbaston,Griffe Dure,Boost Acier,50 % femelle; 50 % mâle,90.0,20.0,Terrestre,,+2 Att.,154 exp.,1 000 000 exp.,70.0,110.0,100.0,100.0,60.0,50.0,
198,Ixon,Obstagoon,862,/images/8/82/Ixon-EB.png,/images/a/aa/Cri_0862_HOME.ogg,Ténèbres,Normal,"1,6","46,0",Téméraire,Cran,Acharné,50 % femelle; 50 % mâle,45.0,15.0,Terrestre,,+3 Défense,260 exp.,1 000 000 exp.,93.0,90.0,101.0,101.0,81.0,95.0,
199,Angoliath Gigamax,Gigantamax Grimmsnarl,861,/images/c/c6/Angoliath_%28Gigamax%29-EB.png,/images/b/b5/Cri_0861_Gigamax_HOME.ogg,Ténèbres,Fée,"32,0","???,?",Farceur,Fouille,Pickpocket,0 % femelle; 100 % mâle,,,,,,,,,,,,,,
200,Angoliath,Grimmsnarl,861,/images/5/57/Angoliath-EB.png,/images/7/75/Cri_0861_HOME.ogg,Ténèbres,Fée,"1,5","61,0",Farceur,Fouille,Pickpocket,0 % femelle; 100 % mâle,45.0,20.0,Féerique,Humanoïde,+3 Attaque,255 exp.,1 000 000 exp.,95.0,120.0,65.0,65.0,75.0,60.0,
201,Fourbelin,Morgrem,860,/images/4/45/Fourbelin-EB.png,/images/b/ba/Cri_0860_HOME.ogg,Ténèbres,Fée,"0,8","12,5",Farceur,Fouille,Pickpocket,0 % femelle; 100 % mâle,120.0,20.0,Féerique,Humanoïde,+2 Att. Spé,130 exp.,1 000 000 exp.,65.0,60.0,45.0,45.0,55.0,70.0,
202,Grimalin,Impidimp,859,/images/4/41/Grimalin-EB.png,/images/1/13/Cri_0859_HOME.ogg,Ténèbres,Fée,"0,4","5,5",Farceur,Fouille,Pickpocket,0 % femelle; 100 % mâle,255.0,20.0,Féerique,Humanoïde,+1 Att. Spé,53 exp.,1 000 000 exp.,45.0,45.0,30.0,30.0,40.0,50.0,
203,Sorcilence Gigamax,Gigantamax Hatterene,858,/images/7/75/Sorcilence_%28Gigamax%29-EB.png,/images/a/a2/Cri_0858_Gigamax_HOME.ogg,Psy,Fée,"26,0","???,?",Cœur Soin,Anticipation,Miroir Magik,100 % femelle; 0 % mâle,,,,,,,,,,,,,,
204,Sorcilence,Hatterene,858,/images/a/a9/Sorcilence-EB.png,/images/7/7c/Cri_0858_HOME.ogg,Psy,Fée,"2,1","5,1",Cœur Soin,Anticipation,Miroir Magik,100 % femelle; 0 % mâle,45.0,20.0,Féerique,,+3 Att. Spé,255 exp.,1 250 000 exp.,57.0,90.0,95.0,95.0,103.0,29.0,
205,Chapotus,Hattrem,857,/images/8/8f/Chapotus-EB.png,/images/7/7c/Cri_0857_HOME.ogg,Psy,,"0,6","4,8",Cœur Soin,Anticipation,Miroir Magik,100 % femelle; 0 % mâle,120.0,20.0,Féerique,,+2 Att. Spé,130 exp.,1 250 000 exp.,57.0,40.0,65.0,65.0,73.0,49.0,
206,Bibichut,Hatenna,856,/images/7/79/Bibichut-EB.png,/images/6/6e/Cri_0856_HOME.ogg,Psy,,"0,4","3,4",Cœur Soin,Anticipation,Miroir Magik,100 % femelle; 0 % mâle,235.0,20.0,Féerique,,+1 Att. Spé,53 exp.,1 250 000 exp.,42.0,30.0,45.0,45.0,53.0,39.0,
207,Polthégeist,Polteageist,855,/images/f/f6/Polth%C3%A9geist-EB.png,/images/c/ca/Cri_0855_HOME.ogg,Spectre,,"0,2","0,4",Armurouillée,,Corps Maudit,Asexué,60.0,20.0,Minéral,Amorphe,+2 Att. Spé,178 exp.,1 000 000 exp.,60.0,65.0,65.0,65.0,114.0,70.0,
208,Théffroi,Sinistea,854,/images/0/09/Th%C3%A9ffroi-EB.png,/images/d/d5/Cri_0854_HOME.ogg,Spectre,,"0,1","0,2",Armurouillée,,Corps Maudit,Asexué,120.0,20.0,Minéral,Amorphe,+1 Att. Spé,62 exp.,1 000 000 exp.,40.0,45.0,45.0,45.0,54.0,50.0,
209,Krakos,Grapploct,853,/images/f/f8/Krakos-EB.png,/images/1/1c/Cri_0853_HOME.ogg,Combat,,"1,6","39,0",Échauffement,,Technicien,50 % femelle; 50 % mâle,45.0,25.0,Aquatique 1,Humanoïde,+2 Att.,168 exp.,1 059 860 exp.,80.0,118.0,90.0,90.0,80.0,42.0,
210,Poulpaf,Clobbopus,852,/images/0/01/Poulpaf-EB.png,/images/f/f2/Cri_0852_HOME.ogg,Combat,,"0,6","4,0",Échauffement,,Technicien,50 % femelle; 50 % mâle,180.0,25.0,Aquatique 1,Humanoïde,+1 Att.,62 exp.,1 059 860 exp.,50.0,68.0,60.0,60.0,50.0,32.0,
211,Scolocendre Gigamax,Gigantamax Centiskorch,851,/images/7/73/Scolocendre_%28Gigamax%29-EB.png,/images/8/8a/Cri_0851_Gigamax_HOME.ogg,Feu,Insecte,"75,0","???,?",Torche,Écran Fumée,Corps Ardent,50 % femelle; 50 % mâle,,,,,,,,,,,,,,
212,Scolocendre,Centiskorch,851,/images/1/1d/Scolocendre-EB.png,/images/a/ab/Cri_0851_HOME.ogg,Feu,Insecte,"3,0","120,0",Torche,Écran Fumée,Corps Ardent,50 % femelle; 50 % mâle,75.0,20.0,Insectoïde,,+2 Attaque,184 exp.,1 000 000 exp.,100.0,115.0,65.0,65.0,90.0,65.0,
213,Grillepattes,Sizzlipede,850,/images/a/a7/Grillepattes-EB.png,/images/4/4a/Cri_0850_HOME.ogg,Feu,Insecte,"0,7","1,0",Torche,Écran Fumée,Corps Ardent,50 % femelle; 50 % mâle,190.0,20.0,Insectoïde,,+1 Attaque,61 exp.,1 000 000 exp.,50.0,65.0,45.0,45.0,50.0,45.0,
214,Salarsen Gigamax,Gigantamax Toxtricity,849,/images/1/16/Salarsen_%28Gigamax%29-EB.png,/images/7/77/Cri_0849_Gigamax_HOME.ogg,Électrik,Poison,"24,0","???,?",Punk Rock,Plus (forme Aïgue) / Moins (forme Grave),Technicien,50 % femelle; 50 % mâle,,,,,,,,,,,,,,
215,Salarsen (Aïgue),Toxtricity (Amped),849,/images/a/ad/Salarsen_%28Forme_Aig%C3%BCe%29-EB.png,/images/f/f1/Cri_0849_Aig%C3%BCe_HOME.ogg,Électrik,Poison,"1,6","40,0",Punk Rock,Plus,Technicien,50 % femelle; 50 % mâle,45.0,25.0,Humanoïde,,+2 Att. Spé,176 exp.,1 059 860 exp.,75.0,98.0,70.0,70.0,70.0,75.0,
216,Toxizap,Toxel,848,/images/7/7d/Toxizap-EB.png,/images/4/4b/Cri_0848_HOME.ogg,Électrik,Poison,"0,4","11,0",Phobique,Statik,Maladresse,50 % femelle; 50 % mâle,75.0,25.0,Inconnu,,+1 Att. Spé.,48 exp.,1 059 860 exp.,40.0,38.0,35.0,35.0,35.0,40.0,
217,Hastacuda,Barraskewda,847,/images/8/8e/Hastacuda-EB.png,/images/4/49/Cri_0847_HOME.ogg,Eau,,"1,3","30,0",Glissade,,Propulseur,50 % femelle; 50 % mâle,60.0,20.0,Aquatique 2,,+2 Vit.,172 exp.,1 250 000 exp.,61.0,123.0,60.0,60.0,50.0,136.0,
218,Embrochet,Arrokuda,846,/images/2/20/Embrochet-EB.png,/images/5/54/Cri_0846_HOME.ogg,Eau,,"0,5","1,0",Glissade,,Propulseur,50 % femelle; 50 % mâle,255.0,20.0,Aquatique 2,,+1 Vit.,56 exp.,1 250 000 exp.,41.0,63.0,40.0,40.0,30.0,66.0,
219,Nigosier,Cramorant,845,/images/1/13/Nigosier-EB.png,/images/e/e9/Cri_0845_HOME.ogg,Vol,Eau,"0,8","18,0",Dégobage,,,50 % femelle; 50 % mâle,45.0,20.0,Aquatique 1,Aérien,+2 Déf. Spé.,166 exp.,1 000 000 exp.,70.0,85.0,55.0,55.0,95.0,85.0,
220,Dunaconda Gigamax,Gigantamax Sandaconda,844,/images/3/39/Dunaconda_%28Gigamax%29-EB.png,/images/b/b1/Cri_0844_Gigamax_HOME.ogg,Sol,,"22,0","???,?",Expul'Sable,Mue,Voile Sable,50 % femelle; 50 % mâle,,,,,,,,,,,,,,
221,Dunaconda,Sandaconda,844,/images/6/67/Dunaconda-EB.png,/images/5/55/Cri_0844_HOME.ogg,Sol,,"3,8","65,5",Expul'Sable,Mue,Voile Sable,50 % femelle; 50 % mâle,120.0,20.0,Terrestre,Draconique,+2 Def.,179 exp.,1 000 000 exp.,72.0,107.0,125.0,125.0,70.0,71.0,
222,Dunaja,Silicobra,843,/images/d/dd/Dunaja-EB.png,/images/5/5e/Cri_0843_HOME.ogg,Sol,,"2,2","7,6",Expul'Sable,Mue,Voile Sable,50 % femelle; 50 % mâle,255.0,20.0,Terrestre,Draconique,+1 Def.,63 exp.,1 000 000 exp.,52.0,57.0,75.0,75.0,50.0,46.0,
223,Monthracite Gigamax,Gigantamax Coalossal,839,/images/a/ab/Monthracite_%28Gigamax%29-EB.png,/images/5/5d/Cri_0839_Gigamax_HOME.ogg,Roche,Feu,"42,0","???,?",Turbine,Corps Ardent,Torche,50 % femelle; 50 % mâle,,,,,,,,,,,,,,
224,Monthracite,Coalossal,839,/images/f/f0/Monthracite-EB.png,/images/3/35/Cri_0839_HOME.ogg,Roche,Feu,"2,8","310,5",Turbine,Corps Ardent,Torche,50 % femelle; 50 % mâle,45.0,15.0,Minéral,,+3 Défense,255 exp.,1 059 862 exp.,110.0,80.0,120.0,120.0,90.0,30.0,
225,Wagomine,Carkol,838,/images/1/15/Wagomine-EB.png,/images/e/e4/Cri_0838_HOME.ogg,Roche,Feu,"1,1","78,0",Turbine,Corps Ardent,Torche,50 % femelle; 50 % mâle,120.0,15.0,Minéral,,+2 Défense,144 exp.,1 059 862 exp.,80.0,60.0,90.0,90.0,70.0,50.0,
226,Charbi,Rolycoly,837,/images/8/8d/Charbi-EB.png,/images/e/e2/Cri_0837_HOME.ogg,Roche,,"0,3","12,0",Turbine,Ignifugé,Torche,50 % femelle; 50 % mâle,255.0,15.0,Minéral,,+1 Défense,48 exp.,1 059 862 exp.,30.0,40.0,50.0,50.0,50.0,30.0,
227,Fulgudog,Boltund,836,/images/6/65/Fulgudog-EB.png,/images/8/8d/Cri_0836_HOME.ogg,Électrik,,"1,0","34,0",Prognathe,,Battant,50 % femelle; 50 % mâle,45.0,20.0,Terrestre,,+2 Vitesse,172 exp.,800 000 exp.,69.0,90.0,60.0,60.0,60.0,121.0,
228,Voltoutou,Yamper,835,/images/e/eb/Voltoutou-EB.png,/images/a/a0/Cri_0835_HOME.ogg,Électrik,,"0,3","13,5",Ramasse Ball,,Phobique,50 % femelle; 50 % mâle,255.0,20.0,Terrestre,,+1 PV,57 exp.,800 000 exp.,59.0,45.0,50.0,50.0,50.0,26.0,
229,Torgamord Gigamax,Gigantamax Drednaw,834,/images/f/f3/Torgamord_%28Gigamax%29-EB.png,/images/b/b5/Cri_0834_Gigamax_HOME.ogg,Eau,Roche,"24,0","???,?",Prognathe,Coque Armure,Glissade,50 % femelle; 50 % mâle,,,,,,,,,,,,,,
230,Torgamord,Drednaw,834,/images/7/70/Torgamord-EB.png,/images/7/74/Cri_0834_HOME.ogg,Eau,Roche,"1,0","115,5",Prognathe,Coque Armure,Glissade,50 % femelle; 50 % mâle,75.0,20.0,Monstrueux,Aquatique 1,+2 Attaque,170 exp.,1 000 000 exp.,90.0,115.0,90.0,90.0,68.0,74.0,
231,Khélocrok,Chewtle,833,/images/8/8a/Kh%C3%A9locrok-EB.png,/images/9/9c/Cri_0833_HOME.ogg,Eau,,"0,3","8,5",Prognathe,Coque Armure,Glissade,50 % femelle; 50 % mâle,255.0,20.0,Monstrueux,Aquatique 1,+1 Attaque,57 exp.,1 000 000 exp.,50.0,64.0,50.0,50.0,38.0,44.0,
232,Moumouflon,Dubwool,832,/images/4/4a/Moumouflon-EB.png,/images/1/14/Cri_0832_HOME.ogg,Normal,,"1,3","43,0",Boule de Poils,Impassible,Pare-Balles,50 % femelle; 50 % mâle,127.0,15.0,Terrestre,,+2 Défense,172 exp.,1 000 000 exp.,72.0,80.0,100.0,100.0,90.0,88.0,
233,Moumouton,Wooloo,831,/images/7/75/Moumouton-EB.png,/images/9/92/Cri_0831_HOME.ogg,Normal,,"0,6","6,0",Boule de Poils,Fuite,Pare-Balles,50 % femelle; 50 % mâle,255.0,15.0,Terrestre,,+1 Défense,122 exp.,1 000 000 exp.,42.0,40.0,55.0,55.0,45.0,48.0,
234,Blancoton,Eldegoss,830,/images/f/f7/Blancoton-EB.png,/images/8/82/Cri_0830_HOME.ogg,Plante,,"0,5","2,5",Effilochage,Régé-Force,Pose Spore,50 % femelle; 50 % mâle,75.0,20.0,Végétal,,+2 Défense Spéciale,161 exp.,1 000 000 exp.,60.0,50.0,90.0,90.0,120.0,60.0,
235,Tournicoton,Gossifleur,829,/images/2/20/Tournicoton-EB.png,/images/2/22/Cri_0829_HOME.ogg,Plante,,"0,4","2,2",Effilochage,Régé-Force,Pose Spore,50 % femelle; 50 % mâle,190.0,20.0,Végétal,,+1 Défense Spéciale,50 exp.,1 000 000 exp.,40.0,40.0,60.0,60.0,60.0,10.0,
236,Roublenard,Thievul,828,/images/c/c9/Roublenard-EB.png,/images/a/a9/Cri_0828_HOME.ogg,Ténèbres,,"1,2","19,9",Fuite,Délestage,Filature,50 % femelle; 50 % mâle,127.0,15.0,Terrestre,,+2 Déf Spé,159 exp.,800 000 exp.,70.0,58.0,58.0,58.0,92.0,90.0,
237,Goupilou,Nickit,827,/images/b/b4/Goupilou-EB.png,/images/0/03/Cri_0827_HOME.ogg,Ténèbres,,"0,6","8,9",Fuite,Délestage,Filature,50 % femelle; 50 % mâle,255.0,15.0,Terrestre,,+1 Déf. Spé.,49 exp.,800 000 exp.,40.0,28.0,28.0,28.0,52.0,50.0,
238,Astronelle Gigamax,Gigantamax Orbeetle,826,/images/1/1b/Astronelle_%28Gigamax%29-EB.png,/images/6/6b/Cri_0826_Gigamax_HOME.ogg,Insecte,Psy,"14,0","???,?",Essaim,Fouille,Télépathe,50 % femelle; 50 % mâle,,,,,,,,,,,,,,
239,Astronelle,Orbeetle,826,/images/a/a3/Astronelle-EB.png,/images/8/8b/Cri_0826_HOME.ogg,Insecte,Psy,"0,4","40,8",Essaim,Fouille,Télépathe,50 % femelle; 50 % mâle,45.0,15.0,Insectoïde,,+3 Défense Spéciale,253 exp.,1 000 000 exp.,60.0,45.0,110.0,110.0,120.0,90.0,
240,Coléodôme,Dottler,825,/images/a/a0/Col%C3%A9od%C3%B4me-EB.png,/images/0/0d/Cri_0825_HOME.ogg,Insecte,Psy,"0,4","19,5",Essaim,Œil Composé,Télépathe,50 % femelle; 50 % mâle,120.0,15.0,Insectoïde,,+2 Défense Spéciale,117 exp.,1 000 000 exp.,50.0,35.0,80.0,80.0,90.0,30.0,
241,Larvadar,Blipbug,824,/images/e/e5/Larvadar-EB.pngpng,/images/d/dd/Cri_0824_HOME.ogg,Insecte,,"0,4","8,0",Essaim,Œil Composé,Télépathe,50 % femelle; 50 % mâle,255.0,15.0,Insectoïde,,+1 Défense Spéciale,36 exp.,1 000 000 exp.,25.0,20.0,20.0,20.0,45.0,45.0,
242,Corvaillus Gigamax,Gigantamax Corviknight,823,/images/9/9f/Corvaillus_%28Gigamax%29-EB.png,/images/e/ed/Cri_0823_Gigamax_HOME.ogg,Vol,Acier,"14,0","???,?",Pression,Tension,Armure Miroir,50 % femelle; 50 % mâle,,,,,,,,,,,,,,
243,Corvaillus,Corviknight,823,/images/3/38/Corvaillus-EB.png,/images/0/0b/Cri_0823_HOME.ogg,Vol,Acier,"2,2","75,0",Pression,Tension,Armure Miroir,50 % femelle; 50 % mâle,45.0,15.0,Aérien,,+3 Défense,248 exp.,1 059 860 exp.,98.0,87.0,105.0,105.0,85.0,67.0,
244,Bleuseille,Corvisquire,822,/images/b/ba/Bleuseille-EB.png,/images/5/5b/Cri_0822_HOME.ogg,Vol,,"0,8","16,0",Regard Vif,Tension,Cœur de Coq,50 % femelle; 50 % mâle,120.0,15.0,Aérien,,+2 Vitesse,128 exp.,1 059 860 exp.,68.0,67.0,55.0,55.0,55.0,77.0,
245,Minisange,Rookidee,821,/images/7/77/Minisange-EB.png,/images/5/58/Cri_0821_HOME.ogg,Vol,,"0,2","1,8",Regard Vif,Tension,Cœur de Coq,50 % femelle; 50 % mâle,255.0,15.0,Aérien,,+1 Vitesse,49 exp.,1 059 860 exp.,38.0,47.0,35.0,35.0,35.0,57.0,
246,Rongrigou,Greedent,820,/images/4/4f/Rongrigou-EB.png,/images/5/5a/Cri_0820_HOME.ogg,Normal,,"0,6","6,0",Bajoues,,Gloutonnerie,50 % femelle; 50 % mâle,90.0,20.0,Terrestre,,+2 PV,161 exp.,1 000 000 exp.,120.0,95.0,95.0,95.0,75.0,20.0,
247,Rongourmand,Skwovet,819,/images/0/09/Rongourmand-EB.png,/images/c/cc/Cri_0819_HOME.ogg,Normal,,"0,3","2,5",Bajoues,,Gloutonnerie,50 % femelle; 50 % mâle,255.0,20.0,Terrestre,,+1 PV,55 exp.,1 000 000 exp.,70.0,55.0,55.0,55.0,35.0,25.0,
248,Lézargus Gigamax,Gigantamax Inteleon,818,/images/6/61/L%C3%A9zargus_%28Gigamax%29-EB.png,/images/f/fd/Cri_0818_Gigamax_HOME.ogg,Eau,,"40,0","???,?",Torrent,,Sniper,12.5 % femelle; 87.5 % mâle,,,,,,,,,,,,,,
249,Lézargus,Inteleon,818,/images/2/22/L%C3%A9zargus-EB.png,/images/5/54/Cri_0818_HOME.ogg,Eau,,"1,9","45,2",Torrent,,Sniper,12.5 % femelle; 87.5 % mâle,45.0,20.0,Aquatique 1,Terrestre,+3 Vitesse,265 exp.,1 059 862 exp.,70.0,85.0,65.0,65.0,65.0,120.0,
250,Pyrobut Gigamax,Gigantamax Cinderace,815,/images/7/7e/Pyrobut_%28Gigamax%29-EB.png,/images/9/99/Cri_0815_Gigamax_HOME.ogg,Feu,,"27,0","???,?",Brasier,,Libéro,12.5 % femelle; 87.5 % mâle,,,,,,,,,,,,,,
251,Pyrobut,Cinderace,815,/images/6/6d/Pyrobut-EB.png,/images/d/d6/Cri_0815_HOME.ogg,Feu,,"1,4","33,0",Brasier,,Libéro,12.5 % femelle; 87.5 % mâle,45.0,20.0,Terrestre,Humanoïde,+3 Vitesse,—,1 059 862 exp.,80.0,116.0,75.0,75.0,75.0,119.0,
252,Lapyro,Raboot,814,/images/8/89/Lapyro-EB.png,/images/6/68/Cri_0814_HOME.ogg,Feu,,"0,6","9,0",Brasier,,Libéro,12.5 % femelle; 87.5 % mâle,45.0,20.0,Terrestre,Humanoïde,+2 Vitesse,—,1 059 862 exp.,65.0,86.0,60.0,60.0,60.0,94.0,
253,Flambino,Scorbunny,813,/images/c/c6/Flambino-EB.png,/images/4/49/Cri_0813_HOME.ogg,Feu,,"0,3","4,5",Brasier,,Libéro,12.5 % femelle; 87.5 % mâle,45.0,20.0,Terrestre,Humanoïde,+1 Vitesse,—,1 059 862 exp.,50.0,71.0,40.0,40.0,40.0,69.0,
254,Gorythmic Gigamax,Gigantamax Rillaboom,812,/images/4/4e/Gorythmic_%28Gigamax%29-EB.png,/images/a/ae/Cri_0812_Gigamax_HOME.ogg,Plante,,"28,0","???,?",Engrais,,Créa-Herbe,12.5 % femelle; 87.5 % mâle,,,,,,,,,,,,,,
255,Gorythmic,Rillaboom,812,/images/1/1e/Gorythmic-EB.png,/images/8/83/Cri_0812_HOME.ogg,Plante,,"2,1","90,0",Engrais,,Créa-Herbe,12.5 % femelle; 87.5 % mâle,45.0,20.0,Terrestre,Végétal,+3 Attaque,256 exp.,1 059 860 exp.,100.0,125.0,90.0,90.0,70.0,85.0,
256,Badabouin,Thwackey,811,/images/7/78/Badabouin-EB.png,/images/6/69/Cri_0811_HOME.ogg,Plante,,"0,7","14,0",Engrais,,Créa-Herbe,12.5 % femelle; 87.5 % mâle,45.0,20.0,Terrestre,Végétal,+2 Attaque,—,1 059 862 exp.,70.0,85.0,70.0,70.0,60.0,80.0,
257,Ouistempo,Grookey,810,/images/e/e1/Ouistempo-EB.png,/images/2/29/Cri_0810_HOME.ogg,Plante,,"0,3","5,0",Engrais,,Créa-Herbe,12.5 % femelle; 87.5 % mâle,45.0,20.0,Terrestre,Végétal,+1 Attaque,62 exp.,1 059 862 exp.,50.0,65.0,50.0,50.0,40.0,65.0,
258,Melmetal Gigamax,Gigantamax Melmetal,809,/images/7/72/Melmetal_%28Gigamax%29-EB.png,/images/3/31/Cri_0809_Gigamax_HOME.ogg,Acier,,"25,0","???,?",Poing de Fer,,,Asexué,,,,,,,,,,,,,,
259,Melmetal,Melmetal,809,/images/d/d6/Melmetal-LGPE.png,/images/a/ae/Cri_0809_HOME.ogg,Acier,,"2,5","800,0",Poing de Fer,,,Asexué,3.0,120.0,Inconnu,,+3 Attaque,—,1 250 000 exp.,135.0,143.0,143.0,143.0,65.0,34.0,
260,Meltan,Meltan,808,/images/5/57/Meltan-LGPE.png,/images/6/61/Cri_0808_HOME.ogg,Acier,,"0,2","8,0",Magnépiège,,,Asexué,3.0,120.0,Inconnu,,+1 Attaque,—,1 250 000 exp.,46.0,65.0,65.0,65.0,35.0,34.0,
261,Zeraora,Zeraora,807,/images/6/6c/Zeraora-USUL.png,/images/4/40/Cri_0807_HOME.ogg,Électrik,,"1,5","44,5",Absorbe-Volt,,,Asexué,3.0,120.0,Inconnu,,+3 Vitesse,270 exp.,1 250 000 exp.,88.0,112.0,75.0,75.0,80.0,143.0,
262,Pierroteknik,Blacephalon,806,/images/b/b4/Pierroteknik-USUL.png,/images/3/3f/Cri_0806_HOME.ogg,Feu,Spectre,"1,8","13,0",Boost Chimère,,,Asexué,30.0,120.0,Inconnu,,+3 Attaque Spéciale,257 exp.,1 250 000 exp.,53.0,127.0,53.0,53.0,79.0,107.0,
263,Ama-Ama,Stakataka,805,/images/b/bb/Ama-Ama-USUL.png,/images/f/fc/Cri_0805_HOME.ogg,Roche,Acier,"5,5","820,0",Boost Chimère,,,Asexué,30.0,120.0,Inconnu,,+3 Défense,257 exp.,1 250 000 exp.,61.0,131.0,211.0,211.0,101.0,13.0,
264,Mandrillon,Naganadel,804,/images/a/a3/Mandrillon-USUL.png,/images/4/46/Cri_0804_HOME.ogg,Poison,Dragon,"3,6","150,0",Boost Chimère,,,Asexué,45.0,120.0,Inconnu,,+3 Att. Spé,243 exp.,1 250 000 exp.,73.0,73.0,73.0,73.0,73.0,121.0,
265,Vémini,Poipole,803,/images/4/40/V%C3%A9mini-USUL.png,/images/3/30/Cri_0803_HOME.ogg,Poison,,"0,6","1,8",Boost Chimère,,,Asexué,45.0,120.0,Inconnu,,+1 Défense Spéciale,189 exp.,1 250 000 exp.,67.0,73.0,67.0,67.0,67.0,73.0,
266,Marshadow,Marshadow,802,/images/a/a0/Marshadow-SL.png,/images/e/ed/Cri_0802_HOME.ogg,Combat,Spectre,"0,7","22,2",Technicien,,,Asexué,3.0,120.0,Inconnu,,+2 Attaque ; +1 Vitesse,270 exp. (120,1 250 000 exp.,90.0,125.0,80.0,80.0,90.0,125.0,
267,Magearna,Magearna,801,/images/c/cc/Magearna-SL.png,/images/d/de/Cri_0801_HOME.ogg,Acier,Fée,"1,0","80,5",Animacœur,,,Asexué,3.0,120.0,Inconnu,,+3 Attaque Spéciale,270 exp. (120,1 250 000 exp.,80.0,95.0,115.0,115.0,115.0,65.0,
268,Ultra-Necrozma,Ultra Necrozma,800,/images/3/33/Ultra-Necrozma-USUL.png,/images/d/d8/Cri_0800_Ultra_HOME.ogg,Psy,Dragon,"7,5","230,0",Cérébro-Force,,,Asexué,3.0,120.0,Inconnu,,+1 Attaque; +2 Attaque Spéciale,339 exp.,1 250 000 exp.,97.0,167.0,97.0,97.0,97.0,129.0,
269,Necrozma Ailes de l'Aurore,Necrozma Dawn Wings,800,/images/1/15/Necrozma_%28Ailes_de_l%27Aurore%29-USUL.png,/images/3/3b/Cri_0800_Ailes_de_l%27Aurore_HOME.ogg,Psy,Spectre,"4,2","350,0",Prisme-Armure,,,Asexué,3.0,120.0,Inconnu,,+3 Attaque Spe,306 exp.,1 250 000 exp.,97.0,113.0,109.0,109.0,127.0,77.0,
270,Necrozma Crinière du Couchant,Necrozma Dusk Mane,800,/images/7/7d/Necrozma_%28Crini%C3%A8re_du_Couchant%29-USUL.png,/images/2/2a/Cri_0800_Crini%C3%A8re_du_Couchant_HOME.ogg,Psy,Acier,"3,8","460,0",Prisme-Armure,,,Asexué,3.0,120.0,Inconnu,,+3 Attaque,306 exp.,1 250 000 exp.,97.0,157.0,127.0,127.0,109.0,77.0,
271,Necrozma,Necrozma,800,/images/6/68/Necrozma-SL.png,/images/5/58/Cri_0800_HOME.ogg,Psy,,"2,4","230,0",Prisme-Armure,,,Asexué,3.0,120.0,Inconnu,,+1 Attaque; +2 Attaque Spéciale,270 exp. (120,1 250 000 exp.,97.0,107.0,101.0,101.0,89.0,79.0,
272,Engloutyran,Guzzlord,799,/images/a/a2/Engloutyran-SL.png,/images/e/eb/Cri_0799_HOME.ogg,Ténèbres,Dragon,"5,5","888,0",Boost Chimère,,,Asexué,15.0,120.0,Inconnu,,+3 PV,257 exp. (114,1 250 000 exp.,223.0,101.0,53.0,53.0,53.0,43.0,
273,Katagami,Kartana,798,/images/3/3b/Katagami-SL.png,/images/c/c9/Cri_0798_HOME.ogg,Plante,Acier,"0,3","0,1",Boost Chimère,,,Asexué,25.0,120.0,Inconnu,,+3 Attaque,257 exp. (114,1 250 000 exp.,59.0,181.0,131.0,131.0,31.0,109.0,
274,Bamboiselle,Celesteela,797,/images/9/9a/Bamboiselle-SL.png,/images/b/b5/Cri_0797_HOME.ogg,Acier,Vol,"9,2","999,9",Boost Chimère,,,Asexué,25.0,120.0,Inconnu,,+1 Attaque; +1 Défense; +1 Attaque Spéciale,257 exp. (114,1 250 000 exp.,97.0,101.0,103.0,103.0,101.0,61.0,
275,Câblifère,Xurkitree,796,/images/5/58/C%C3%A2blif%C3%A8re-SL.png,/images/2/29/Cri_0796_HOME.ogg,Électrik,,"3,8","100,0",Boost Chimère,,,Asexué,30.0,120.0,Inconnu,,+3 Attaque Spéciale,257 exp. (114,1 250 000 exp.,83.0,89.0,71.0,71.0,71.0,83.0,
276,Cancrelove,Pheromosa,795,/images/2/2a/Cancrelove-SL.png,/images/8/88/Cri_0795_HOME.ogg,Insecte,Combat,"1,8","25,0",Boost Chimère,,,Asexué,25.0,120.0,Inconnu,,+3 Vitesse,257 exp. (114,1 250 000 exp.,71.0,137.0,37.0,37.0,37.0,151.0,
277,Mouscoto,Buzzwole,794,/images/a/a4/Mouscoto-SL.png,/images/2/2a/Cri_0794_HOME.ogg,Insecte,Combat,"2,4","333,6",Boost Chimère,,,Asexué,25.0,120.0,Inconnu,,+1 Attaque; +2 Défense,257 exp. (114,1 250 000 exp.,107.0,139.0,139.0,139.0,53.0,79.0,
278,Zéroïd,Nihilego,793,/images/8/81/Z%C3%A9ro%C3%AFd-SL.png,/images/c/ca/Cri_0793_HOME.ogg,Roche,Poison,"1,2","55,5",Boost Chimère,,,Asexué,45.0,120.0,Inconnu,,+3 Défense Spéciale,257 exp. (114,1 250 000 exp.,109.0,53.0,47.0,47.0,131.0,103.0,
279,Lunala,Lunala,792,/images/d/d7/Lunala-SL.png,/images/3/37/Cri_0792_HOME.ogg,Psy,Spectre,"4,0","120,0",Spectro-Bouclier,,,Asexué,45.0,120.0,Inconnu,,+3 Attaque Spéciale,306 exp. (136,1 250 000 exp.,137.0,113.0,89.0,89.0,107.0,97.0,
280,Solgaleo,Solgaleo,791,/images/a/a7/Solgaleo-SL.png,/images/1/15/Cri_0791_HOME.ogg,Psy,Acier,"3,4","230,0",Métallo-Garde,,,Asexué,45.0,120.0,Inconnu,,+3 Attaque,306 exp. (136,1 250 000 exp.,137.0,137.0,107.0,107.0,89.0,97.0,
281,Cosmovum,Cosmoem,790,/images/1/12/Cosmovum-SL.png,/images/4/46/Cri_0790_HOME.ogg,Psy,,"0,1","999,9",Fermeté,,,Asexué,45.0,120.0,Inconnu,,"+1 Défense, +1 Défense Spéciale",140 exp. (80,1 250 000 exp.,43.0,29.0,131.0,131.0,131.0,37.0,
282,Cosmog,Cosmog,789,/images/6/6f/Cosmog-SL.png,/images/4/4f/Cri_0789_HOME.ogg,Psy,,"0,2","0,1",Inconscient,,,Asexué,45.0,120.0,Inconnu,,+1 PV,40 exp.,1 250 000 exp.,43.0,29.0,31.0,31.0,31.0,37.0,
283,Tokopisco,Tapu Fini,788,/images/e/ec/Tokopisco-SL.png,/images/2/21/Cri_0788_HOME.ogg,Eau,Fée,"1,3","21,2",Créa-Brume,,Télépathe,Asexué,3.0,15.0,Inconnu,,+3 Défense Spéciale,257 exp. (114,1 250 000 exp.,70.0,75.0,115.0,115.0,130.0,85.0,
284,Tokotoro,Tapu Bulu,787,/images/b/bb/Tokotoro-SL.png,/images/7/7a/Cri_0787_HOME.ogg,Plante,Fée,"1,9","45,5",Créa-Herbe,,Télépathe,Asexué,3.0,15.0,Inconnu,,+3 Attaque,257 exp. (114,1 250 000 exp.,70.0,130.0,115.0,115.0,95.0,75.0,
285,Tokopiyon,Tapu Lele,786,/images/c/c4/Tokopiyon-SL.png,/images/9/9b/Cri_0786_HOME.ogg,Psy,Fée,"1,2","18,6",Créa-Psy,,Télépathe,Asexué,3.0,15.0,Inconnu,,+3 Attaque Spéciale,257 exp. (114,1 250 000 exp.,70.0,85.0,75.0,75.0,115.0,95.0,
286,Tokorico,Tapu Koko,785,/images/3/32/Tokorico-SL.png,/images/2/25/Cri_0785_HOME.ogg,Électrik,Fée,"1,8","20,5",Créa-Élec,,Télépathe,Asexué,3.0,15.0,Inconnu,,+3 Vitesse,257 exp. (114,1 250 000 exp.,70.0,115.0,85.0,85.0,75.0,130.0,
287,Ékaïser,Kommo-o,784,/images/e/e5/%C3%89ka%C3%AFser-SL.png,/images/f/f4/Cri_0784_HOME.ogg,Dragon,Combat,"1,6","78,2",Pare-Balles,Anti-Bruit,Envelocape,50 % femelle; 50 % mâle,45.0,40.0,Draconique,,+3 Défense,270 exp.,1 250 000 exp.,75.0,110.0,125.0,125.0,105.0,85.0,
288,Écaïd,Hakamo-o,783,/images/3/3e/%C3%89ca%C3%AFd-SL.png,/images/5/52/Cri_0783_HOME.ogg,Dragon,Combat,"1,2","47,0",Pare-Balles,Anti-Bruit,Envelocape,50 % femelle; 50 % mâle,45.0,40.0,Draconique,,+2 Défense,147 exp.,1 250 000 exp.,55.0,75.0,90.0,90.0,70.0,65.0,
289,Bébécaille,Jangmo-o,782,/images/e/e0/B%C3%A9b%C3%A9caille-SL.png,/images/9/99/Cri_0782_HOME.ogg,Dragon,,"0,6","29,7",Pare-Balles,Anti-Bruit,Envelocape,50 % femelle; 50 % mâle,45.0,40.0,Draconique,,+1 Défense,60 exp.,1 250 000 exp.,45.0,55.0,65.0,65.0,45.0,45.0,
290,Sinistrail,Dhelmise,781,/images/1/11/Sinistrail-SL.png,/images/d/d3/Cri_0781_HOME.ogg,Spectre,Plante,"3,9","210,0",Expert Acier,,,Asexué,25.0,25.0,Minéral,,+2 Attaque,181 exp.,1 000 000 exp.,70.0,131.0,100.0,100.0,90.0,40.0,
291,Draïeul,Drampa,780,/images/c/c7/Dra%C3%AFeul-SL.png,/images/c/ce/Cri_0780_HOME.ogg,Normal,Dragon,"3,0","185,0",Folle Furie,Herbivore,Ciel Gris,50 % femelle; 50 % mâle,70.0,20.0,Monstrueux,Draconique,+2 Attaque Spéciale,170 exp.,1 000 000 exp.,78.0,60.0,85.0,85.0,91.0,36.0,
292,Denticrisse,Bruxish,779,/images/d/d1/Denticrisse-SL.png,/images/7/71/Cri_0779_HOME.ogg,Eau,Psy,"0,9","19,0",Corps Coloré,Prognathe,Peau Miracle,50 % femelle; 50 % mâle,80.0,15.0,Aquatique 2,,+2 Attaque,166 exp.,1 000 000 exp.,68.0,105.0,70.0,70.0,70.0,92.0,
293,Mimiqui,Mimikyu,778,/images/d/da/Mimiqui_%28Forme_D%C3%A9guis%C3%A9e%29-SL.png,/images/4/42/Cri_0778_HOME.ogg,Spectre,Fée,"0,2","0,7",Fantômasque,,,50 % femelle; 50 % mâle,45.0,20.0,Amorphe,,+2 Défense Spéciale,167 exp.,1 000 000 exp.,55.0,90.0,80.0,80.0,105.0,96.0,
294,Togedemaru,Togedemaru,777,/images/e/eb/Togedemaru-SL.png,/images/5/59/Cri_0777_HOME.ogg,Électrik,Acier,"0,3","3,3",Épine de Fer,Paratonnerre,Fermeté,50 % femelle; 50 % mâle,180.0,10.0,Terrestre,Féerique,+2 Attaque,152 exp.,1 000 000 exp.,65.0,98.0,63.0,63.0,73.0,96.0,
295,Boumata,Turtonator,776,/images/d/db/Boumata-SL.png,/images/7/72/Cri_0776_HOME.ogg,Feu,Dragon,"2,0","212,0",Coque Armure,,,50 % femelle; 50 % mâle,70.0,20.0,Monstrueux,Draconique,+2 Défense,170 exp.,1 000 000 exp.,60.0,78.0,135.0,135.0,85.0,36.0,
296,Dodoala,Komala,775,/images/2/22/Dodoala-SL.png,/images/f/fb/Cri_0775_HOME.ogg,Normal,,"0,4","19,9",Hypersommeil,,,50 % femelle; 50 % mâle,45.0,20.0,Terrestre,,+2 Attaque,168 exp.,1 250 000 exp.,65.0,115.0,65.0,65.0,95.0,65.0,
297,Silvallié,Silvally,773,/images/e/e1/Silvalli%C3%A9-SL.png,/images/8/87/Cri_0773_HOME.ogg,Normal,,"2,3","100,5",Système Alpha,,,Asexué,3.0,120.0,Inconnu,,+3 PV,257 exp. (114,1 250 000 exp.,95.0,95.0,95.0,95.0,95.0,95.0,
298,Type:0,Type: Null,772,/images/0/07/Type_0-SL.png,/images/c/c0/Cri_0772_HOME.ogg,Normal,,"1,9","120,5",Armurbaston,,,Asexué,3.0,120.0,Inconnu,,+2 PV,—,—,95.0,95.0,95.0,95.0,95.0,59.0,
299,Concombaffe,Pyukumuku,771,/images/5/5d/Concombaffe-SL.png,/images/d/d8/Cri_0771_HOME.ogg,Eau,,"0,3","1,2",Expuls'Organes,,Inconscient,50 % femelle; 50 % mâle,60.0,15.0,Aquatique 1,,+2 Défense Spéciale,144 exp.,800 000 exp.,55.0,60.0,130.0,130.0,130.0,5.0,
300,Trépassable,Palossand,770,/images/a/ae/Tr%C3%A9passable-SL.png,/images/f/fe/Cri_0770_HOME.ogg,Spectre,Sol,"1,3","250,0",Sable Humide,,Voile Sable,50 % femelle; 50 % mâle,60.0,15.0,Amorphe,,+2 Défense,168 exp.,1 000 000 exp.,85.0,75.0,110.0,110.0,75.0,35.0,
301,Bacabouh,Sandygast,769,/images/a/a0/Bacabouh-SL.png,/images/d/dc/Cri_0769_HOME.ogg,Spectre,Sol,"0,5","70,0",Sable Humide,,Voile Sable,50 % femelle; 50 % mâle,140.0,15.0,Amorphe,,+1 Défense,64 exp.,1 000 000 exp.,55.0,55.0,80.0,80.0,45.0,15.0,
302,Sarmuraï,Golisopod,768,/images/3/38/Sarmura%C3%AF-SL.png,/images/1/12/Cri_0768_HOME.ogg,Insecte,Eau,"2,0","108,0",Repli Tactique,,,50 % femelle; 50 % mâle,45.0,20.0,Insectoïde,Aquatique 3,+2 Défense,186 exp.,1 000 000 exp.,75.0,125.0,140.0,140.0,90.0,40.0,
303,Sovkipou,Wimpod,767,/images/b/bb/Sovkipou-SL.png,/images/8/8b/Cri_0767_HOME.ogg,Insecte,Eau,"0,5","12,0",Escampette,,,50 % femelle; 50 % mâle,90.0,20.0,Insectoïde,Aquatique 3,+1 Vitesse,46 exp.,1 000 000 exp.,25.0,35.0,40.0,40.0,30.0,80.0,
304,Quartermac,Passimian,766,/images/a/af/Quartermac-SL.png,/images/2/26/Cri_0766_HOME.ogg,Combat,,"2,0","82,8",Receveur,,Acharné,50 % femelle; 50 % mâle,45.0,20.0,Terrestre,,+2 Attaque,—,1 250 000 exp.,100.0,120.0,90.0,90.0,60.0,80.0,
305,Gouroutan,Oranguru,765,/images/b/bc/Gouroutan-SL.png,/images/7/74/Cri_0765_HOME.ogg,Normal,Psy,"1,5","76,0",Attention,Télépathe,Symbiose,50 % femelle; 50 % mâle,45.0,20.0,Terrestre,,+2 Défense Spéciale,—,1 250 000 exp.,90.0,60.0,80.0,80.0,110.0,60.0,
306,Guérilande,Comfey,764,/images/3/3d/Gu%C3%A9rilande-SL.png,/images/f/f1/Cri_0764_HOME.ogg,Fée,,"0,1","0,3",Flora-Voile,Prioguérison,Médic Nature,75 % femelle; 25 % mâle,60.0,20.0,Végétal,,+2 Défense Spéciale,—,800 000 exp.,51.0,52.0,90.0,90.0,110.0,100.0,
307,Sucreine,Tsareena,763,/images/1/19/Sucreine-SL.png,/images/8/8c/Cri_0763_HOME.ogg,Plante,,"1,2","21,4",Feuille Garde,Prestance Royale,Gluco-Voile,100 % femelle; 0 % mâle,45.0,20.0,Végétal,,+3 Att.,230 exp.,1 059 860 exp.,72.0,120.0,98.0,98.0,98.0,72.0,
308,Candine,Steenee,762,/images/6/6c/Candine-SL.png,/images/5/55/Cri_0762_HOME.ogg,Plante,,"0,7","8,2",Feuille Garde,Benêt,Gluco-Voile,100 % femelle; 0 % mâle,120.0,20.0,Végétal,,+2 Vitesse,102 exp.,1 059 860 exp.,52.0,40.0,48.0,48.0,48.0,62.0,
309,Croquine,Bounsweet,761,/images/b/b4/Croquine-SL.png,/images/9/96/Cri_0761_HOME.ogg,Plante,,"0,3","3,2",Feuille Garde,Benêt,Gluco-Voile,100 % femelle; 0 % mâle,235.0,20.0,Végétal,,+1 PV,—,1 059 860 exp.,42.0,30.0,38.0,38.0,38.0,32.0,
310,Chelours,Bewear,760,/images/f/f3/Chelours-SL.png,/images/4/4e/Cri_0760_HOME.ogg,Normal,Combat,"2,1","135,0",Boule de Poils,Maladresse,Tension,50 % femelle; 50 % mâle,70.0,15.0,Terrestre,,+2 Att.,175 exp.,1 000 000 exp.,120.0,125.0,80.0,80.0,60.0,60.0,
311,Nounourson,Stufful,759,/images/6/6f/Nounourson-SL.png,/images/f/f7/Cri_0759_HOME.ogg,Normal,Combat,"0,5","6,8",Boule de Poils,Maladresse,Joli Sourire,50 % femelle; 50 % mâle,140.0,15.0,Terrestre,,+1 Att.,—,1 000 000 exp.,70.0,75.0,50.0,50.0,50.0,50.0,
312,Malamandre,Salazzle,758,/images/c/c7/Malamandre-SL.png,/images/5/59/Cri_0758_HOME.ogg,Poison,Feu,"1,2","22,2",Corrosion,,Benêt,100 % femelle; 0 % mâle,45.0,20.0,Draconique,Monstrueux,+2 Vitesse,—,1 000 000 exp.,60.0,64.0,60.0,60.0,60.0,117.0,
313,Tritox,Salandit,757,/images/b/b0/Tritox-SL.png,/images/0/02/Cri_0757_HOME.ogg,Poison,Feu,"0,6","4,8",Corrosion,,Benêt,12.5 % femelle; 87.5 % mâle,120.0,20.0,Draconique,Monstrueux,+1 Vitesse,—,1 000 000 exp.,48.0,44.0,40.0,40.0,40.0,77.0,
314,Lampignon,Shiinotic,756,/images/7/78/Lampignon-SL.png,/images/5/5a/Cri_0756_HOME.ogg,Plante,Fée,"1,0","11,5",Lumiattirance,Pose Spore,Cuvette,50 % femelle; 50 % mâle,75.0,20.0,Végétal,,+2 Défense Spéciale,—,1 000 000 exp.,60.0,45.0,80.0,80.0,100.0,30.0,
315,Spododo,Morelull,755,/images/1/10/Spododo-SL.png,/images/1/13/Cri_0755_HOME.ogg,Plante,Fée,"0,2","1,5",Lumiattirance,Pose Spore,Cuvette,50 % femelle; 50 % mâle,190.0,20.0,Végétal,,+1 Défense Spéciale,—,1 000 000 exp.,40.0,35.0,55.0,55.0,75.0,15.0,
316,Floramantis,Lurantis,754,/images/c/c7/Floramantis-SL.png,/images/6/61/Cri_0754_HOME.ogg,Plante,,"0,9","18,5",Feuille Garde,,Contestation,50 % femelle; 50 % mâle,75.0,20.0,Végétal,,+2 Attaque,—,1 000 000 exp.,70.0,105.0,90.0,90.0,90.0,45.0,
317,Mimantis,Fomantis,753,/images/4/47/Mimantis-SL.png,/images/1/11/Cri_0753_HOME.ogg,Plante,,"0,3","1,5",Feuille Garde,,Contestation,50 % femelle; 50 % mâle,190.0,20.0,Végétal,,+1 Attaque,—,1 000 000 exp.,40.0,55.0,35.0,35.0,35.0,35.0,
318,Tarenbulle,Araquanid,752,/images/6/66/Tarenbulle-SL.png,/images/4/4d/Cri_0752_HOME.ogg,Eau,Insecte,"1,8","82,0",Aquabulle,,Absorbe-Eau,50 % femelle; 50 % mâle,100.0,15.0,Aquatique 1,Insectoïde,+2 Défense Spéciale,—,1 000 000 exp.,68.0,70.0,92.0,92.0,132.0,42.0,
319,Araqua,Dewpider,751,/images/a/a6/Araqua-SL.png,/images/2/22/Cri_0751_HOME.ogg,Eau,Insecte,"0,3","4,0",Aquabulle,,Absorbe-Eau,50 % femelle; 50 % mâle,200.0,15.0,Aquatique 1,Insectoïde,+1 Défense Spéciale,—,1 000 000 exp.,38.0,40.0,52.0,52.0,72.0,27.0,
320,Bourrinos,Mudsdale,750,/images/b/b6/Bourrinos-SL.png,/images/2/2d/Cri_0750_HOME.ogg,Sol,,"2,5","920,0",Tempo Perso,Endurance,Attention,50 % femelle; 50 % mâle,60.0,20.0,Terrestre,,+2 Attaque,—,1 000 000 exp.,100.0,125.0,100.0,100.0,85.0,35.0,
321,Tiboudet,Mudbray,749,/images/f/f3/Tiboudet-SL.png,/images/c/c1/Cri_0749_HOME.ogg,Sol,,"1,0","110,0",Tempo Perso,Endurance,Attention,50 % femelle; 50 % mâle,190.0,20.0,Terrestre,,+1 Attaque,—,1 000 000 exp.,70.0,100.0,70.0,70.0,55.0,45.0,
322,Prédastérie,Toxapex,748,/images/4/49/Pr%C3%A9dast%C3%A9rie-SL.png,/images/3/34/Cri_0748_HOME.ogg,Poison,Eau,"0,7","14,5",Cruauté,Échauffement,Régé-Force,50 % femelle; 50 % mâle,75.0,20.0,Aquatique 1,,+2 Défense,173 exp.,1 000 000 exp.,50.0,63.0,152.0,152.0,142.0,35.0,
323,Vorastérie,Mareanie,747,/images/9/9b/Vorast%C3%A9rie-SL.png,/images/7/77/Cri_0747_HOME.ogg,Poison,Eau,"0,4","8,0",Cruauté ,Échauffement,Régé-Force,50 % femelle; 50 % mâle,190.0,20.0,Aquatique 1,,+1 Défense,61 exp.,1 000 000 exp.,50.0,53.0,62.0,62.0,52.0,45.0,
324,Lougaroc (Diurne),Lycanroc (Midday),745,/images/6/63/Lougaroc_%28Forme_Diurne%29-SL.png,/images/5/52/Cri_0745_Diurne_HOME.ogg,Roche,,,"25,0",Regard Vif,Esprit Vital,Annule Garde,50 % femelle; 50 % mâle,90.0,15.0,Terrestre,,+2 Attaque,170 exp.,1 000 000 exp.,75.0,115.0,65.0,65.0,65.0,112.0,
325,Rocabot,Rockruff,744,/images/b/b0/Rocabot-SL.png,/images/1/1a/Cri_0744_HOME.ogg,Roche,,"0,5","9,2",Regard Vif / Tempo Perso (Spécial),Esprit Vital,Impassible,50 % femelle; 50 % mâle,190.0,15.0,Terrestre,,+1 Attaque,56 exp.,1 000 000 exp.,45.0,65.0,40.0,40.0,40.0,60.0,
326,Rubombelle,Ribombee,743,/images/d/d3/Rubombelle-SL.png,/images/5/50/Cri_0743_HOME.ogg,Insecte,Fée,"0,2","0,5",Cherche Miel,Écran Poudre,Gluco-Voile,50 % femelle; 50 % mâle,75.0,20.0,Insectoïde,Féerique,+2 Vitesse,162 exp.,1 000 000 exp.,60.0,55.0,60.0,60.0,70.0,124.0,
327,Bombydou,Cutiefly,742,/images/f/f5/Bombydou-SL.png,/images/b/bb/Cri_0742_HOME.ogg,Insecte,Fée,"0,1","0,2",Cherche Miel,Écran Poudre,Gluco-Voile,50 % femelle; 50 % mâle,190.0,20.0,Insectoïde,Féerique,+1 Vitesse,61 exp.,1 000 000 exp.,40.0,45.0,40.0,40.0,40.0,84.0,
328,Plumeline,Oricorio,741,/images/a/ae/Plumeline_%28Style_Buy%C5%8D%29-SL.png,/images/b/ba/Cri_0741_Flamenco_HOME.ogg,Dispose,,"0,6","3,4",Danseuse,,,75 % femelle; 25 % mâle,45.0,20.0,Aérien,,+2 Attaque Spéciale,167 exp.,1 000 000 exp.,75.0,70.0,70.0,70.0,70.0,93.0,
329,Crabominable,Crabominable,740,/images/a/a4/Crabominable-SL.png,/images/4/4e/Cri_0740_HOME.ogg,Combat,Glace,"1,7","180,0",Hyper Cutter,Poing de Fer,Colérique,50 % femelle; 50 % mâle,60.0,20.0,Aquatique 3,,+2 Attaque,167 exp.,1 000 000 exp.,97.0,132.0,77.0,77.0,67.0,43.0,
330,Crabagarre,Crabrawler,739,/images/a/ab/Crabagarre-SL.png,/images/3/39/Cri_0739_HOME.ogg,Combat,,"0,6","7,0",Hyper Cutter,Poing de Fer,Colérique,50 % femelle; 50 % mâle,225.0,20.0,Aquatique 3,,+1 Attaque,68 exp.,1 000 000 exp.,47.0,82.0,57.0,57.0,47.0,63.0,
331,Lucanon,Vikavolt,738,/images/f/f0/Lucanon-SL.png,/images/0/05/Cri_0738_HOME.ogg,Insecte,Électrik,"1,5","45,0",Lévitation,,,50 % femelle; 50 % mâle,45.0,15.0,Insectoïde,,+3 Attaque Spéciale,225 exp.,1 000 000 exp.,77.0,70.0,90.0,90.0,75.0,43.0,
332,Chrysapile,Charjabug,737,/images/0/04/Chrysapile-SL.png,/images/1/13/Cri_0737_HOME.ogg,Insecte,Électrik,"0,5","10,5",Batterie,,,50 % femelle; 50 % mâle,120.0,15.0,Insectoïde,,+2 Défense,140 exp.,1 000 000 exp.,57.0,82.0,95.0,95.0,75.0,36.0,
333,Larvibule,Grubbin,736,/images/9/98/Larvibule-SL.png,/images/f/fd/Cri_0736_HOME.ogg,Insecte,,"0,4","4,4",Essaim,,,50 % femelle; 50 % mâle,255.0,15.0,Insectoïde,,+1 Attaque,60 exp.,1 000 000 exp.,47.0,62.0,45.0,45.0,45.0,46.0,
334,Argouste,Gumshoos,735,/images/8/8b/Argouste-SL.png,/images/c/c4/Cri_0735_HOME.ogg,Normal,,"0,7","14,2",Filature,Prognathe,Adaptabilité,50 % femelle; 50 % mâle,127.0,15.0,Terrestre,,+2 Attaque,146 exp.,1 000 000 exp.,88.0,110.0,60.0,60.0,60.0,45.0,
335,Manglouton,Yungoos,734,/images/f/f9/Manglouton-SL.png,/images/5/5f/Cri_0734_HOME.ogg,Normal,,"0,4","6,0",Filature,Prognathe,Adaptabilité,50 % femelle; 50 % mâle,255.0,15.0,Terrestre,,+1 Attaque,51 exp.,1 000 000 exp.,48.0,70.0,30.0,30.0,30.0,45.0,
336,Bazoucan,Toucannon,733,/images/0/06/Bazoucan-SL.png,/images/b/b2/Cri_0733_HOME.ogg,Normal,Vol,"1,1","26,0",Regard Vif,Multi-Coups,Sans Limite,50 % femelle; 50 % mâle,45.0,15.0,Aérien,,+3 Attaque,218 exp.,1 000 000 exp.,80.0,120.0,75.0,75.0,75.0,60.0,
337,Piclairon,Trumbeak,732,/images/d/d9/Piclairon-SL.png,/images/f/f9/Cri_0732_HOME.ogg,Normal,Vol,"0,6","14,8",Regard Vif,Multi-Coups,Ramassage,50 % femelle; 50 % mâle,120.0,15.0,Aérien,,+2 Attaque,124 exp.,1 000 000 exp.,55.0,85.0,50.0,50.0,50.0,75.0,
338,Picassaut,Pikipek,731,/images/c/c2/Picassaut-SL.png,/images/8/8e/Cri_0731_HOME.ogg,Normal,Vol,"0,3","1,2",Regard Vif,Multi-Coups,Ramassage,50 % femelle; 50 % mâle,255.0,15.0,Aérien,,+1 Attaque,53 exp.,1 000 000 exp.,35.0,75.0,30.0,30.0,30.0,65.0,
339,Oratoria,Primarina,730,/images/2/26/Oratoria-SL.png,/images/4/4d/Cri_0730_HOME.ogg,Eau,Fée,"1,8","44,0",Torrent,,Hydrata-Son,12.5 % femelle; 87.5 % mâle,45.0,15.0,Aquatique 1,Terrestre,+3 Attaque Spéciale,239 exp.,1 059 860 exp.,80.0,74.0,74.0,74.0,116.0,60.0,
340,Otarlette,Brionne,729,/images/f/f8/Otarlette-SL.png,/images/2/22/Cri_0729_HOME.ogg,Eau,,"0,6","17,5",Torrent,,Hydrata-Son,12.5 % femelle; 87.5 % mâle,45.0,15.0,Aquatique 1,Terrestre,+2 Attaque Spéciale,147 exp.,1 059 860 exp.,60.0,69.0,69.0,69.0,81.0,50.0,
341,Otaquin,Popplio,728,/images/6/62/Otaquin-USUL.png,/images/3/31/Cri_0728_HOME.ogg,Eau,,"0,4","7,5",Torrent,,Hydrata-Son,12.5 % femelle; 87.5 % mâle,45.0,15.0,Aquatique 1,Terrestre,+1 Attaque Spéciale,64 exp.,1 059 860 exp.,50.0,54.0,54.0,54.0,56.0,40.0,
342,Félinferno,Incineroar,727,/images/0/02/F%C3%A9linferno-SL.png,/images/a/ad/Cri_0727_HOME.ogg,Feu,Ténèbres,"1,8","83,0",Brasier,,Intimidation,12.5 % femelle; 87.5 % mâle,45.0,15.0,Terrestre,,+3 Attaque,239 exp.,1 059 860 exp.,95.0,115.0,90.0,90.0,90.0,60.0,
343,Matoufeu,Torracat,726,/images/8/8b/Matoufeu-SL.png,/images/9/99/Cri_0726_HOME.ogg,Feu,,"0,7","25,0",Brasier,,Intimidation,12.5 % femelle; 87.5 % mâle,45.0,15.0,Terrestre,,+2 Vitesse,147 exp.,1 059 860 exp.,65.0,85.0,50.0,50.0,50.0,90.0,
344,Flamiaou,Litten,725,/images/6/6c/Flamiaou-USUL.png,/images/9/90/Cri_0725_HOME.ogg,Feu,,"0,4","4,3",Brasier,,Intimidation,12.5 % femelle; 87.5 % mâle,45.0,15.0,Terrestre,,+1 Vitesse,64 exp.,1 059 860 exp.,45.0,65.0,40.0,40.0,40.0,70.0,
345,Archéduc de Hisui,Hisuian Decidueye,724,/images/5/51/Arch%C3%A9duc_de_Hisui-LPA.png,/images/9/9c/Cri_0724_HOME.ogg,Plante,Combat,"1,6","37,0",Engrais,,Querelleur,12.5 % femelle; 87.5 % mâle,45.0,15.0,Aérien,,+3 Att.,239 exp.,1 059 860 exp.,88.0,112.0,80.0,80.0,95.0,60.0,
346,Archéduc,Decidueye,724,/images/7/70/Arch%C3%A9duc-SL.png,/images/9/9c/Cri_0724_HOME.ogg,Plante,Spectre,"1,6","36,6",Engrais,,Longue Portée,12.5 % femelle; 87.5 % mâle,45.0,15.0,Aérien,,+3 Attaque,239 exp.,1 059 860 exp.,78.0,107.0,75.0,75.0,100.0,70.0,
347,Efflèche,Dartrix,723,/images/b/b4/Effl%C3%A8che-SL.png,/images/d/d7/Cri_0723_HOME.ogg,Plante,Vol,"0,7","16,0",Engrais,,Longue Portée,12.5 % femelle; 87.5 % mâle,45.0,15.0,Aérien,,+2 PV,147 exp.,1 059 860 exp.,78.0,75.0,75.0,75.0,70.0,52.0,
348,Brindibou,Rowlet,722,/images/2/23/Brindibou-LPA.png,/images/3/3e/Cri_0722_HOME.ogg,Plante,Vol,"0,3","1,5",Engrais,,Longue Portée,12.5 % femelle; 87.5 % mâle,45.0,15.0,Aérien,,+1 PV,64 exp.,1 059 860 exp.,68.0,55.0,55.0,55.0,50.0,42.0,
349,Méga-Diancie,Mega Diancie,719,/images/4/48/M%C3%A9ga-Diancie-ROSA.png,/images/4/45/Cri_0719_M%C3%A9ga_HOME.ogg,Roche,Fée,"1,1","27,8",Miroir Magik,,,Asexué,3.0,25.0,Inconnu,,+1 Défense; +2 Défense Spéciale,306 exp.,1 250 000 exp.,50.0,160.0,110.0,110.0,110.0,110.0,
350,Diancie,Diancie,719,/images/f/f0/Diancie-XY.png,/images/4/4e/Cri_0719_HOME.ogg,Roche,Fée,"0,7","8,8",Corps Sain,,,Asexué,3.0,25.0,Inconnu,,+1 Déf. ; +2 Déf. Spé,306 exp.,1 250 000 exp.,50.0,100.0,150.0,150.0,150.0,50.0,
351,Yveltal,Yveltal,717,/images/a/a0/Yveltal-XY.png,/images/f/fe/Cri_0717_HOME.ogg,Ténèbres,Vol,"5,8","203,0",Aura Ténébreuse,,,Asexué,45.0,120.0,Inconnu,,+3 PV,306 exp.,1 250 000 exp.,126.0,131.0,95.0,95.0,98.0,99.0,
352,Xerneas,Xerneas,716,/images/b/bb/Xerneas_%28Mode_D%C3%A9cha%C3%AEn%C3%A9%29-XY.png,/images/d/d1/Cri_0716_HOME.ogg,Fée,,"3,0","215,0",Aura Féérique,,,Asexué,45.0,120.0,Inconnu,,+3 PV,306 exp.,1 250 000 exp.,126.0,131.0,95.0,95.0,98.0,99.0,
353,Bruyverne,Noivern,715,/images/f/fa/Bruyverne-XY.png,/images/2/21/Cri_0715_HOME.ogg,Vol,Dragon,"1,5","85,0",Fouille,Infiltration,Télépathe,50 % femelle; 50 % mâle,45.0,20.0,Aérien,Draconique,+2 Vitesse,187 exp.,1 000 000 exp.,85.0,70.0,80.0,80.0,80.0,123.0,
354,Sonistrelle,Noibat,714,/images/0/07/Sonistrelle-XY.png,/images/e/e4/Cri_0714_HOME.ogg,Vol,Dragon,"0,5","8,0",Fouille,Infiltration,Télépathe,50 % femelle; 50 % mâle,200.0,20.0,Aérien,Draconique,+1 Vitesse,49 exp.,1 000 000 exp.,40.0,30.0,35.0,35.0,40.0,55.0,
355,Séracrawl de Hisui,Hisuian Avalugg,713,/images/8/8d/S%C3%A9racrawl_de_Hisui-LPA.png,/images/7/71/Cri_0713_HOME.ogg,Glace,Roche,"1,4","262,4",Prognathe,Corps Gel,Fermeté,50 % femelle; 50 % mâle,,,,,,,,95.0,127.0,184.0,184.0,36.0,38.0,
356,Séracrawl,Avalugg,713,/images/b/b2/S%C3%A9racrawl-XY.png,/images/7/71/Cri_0713_HOME.ogg,Glace,,"2,0","505,0",Tempo Perso,Corps Gel,Fermeté,50 % femelle; 50 % mâle,55.0,20.0,Monstrueux,Minéral,+2 Défense,180 exp.,1 000 000 exp.,95.0,117.0,184.0,184.0,46.0,28.0,
357,Grelaçon,Bergmite,712,/images/5/57/Grela%C3%A7on-XY.png,/images/8/88/Cri_0712_HOME.ogg,Glace,,"1,0","99,5",Tempo Perso,Corps Gel,Fermeté,50 % femelle; 50 % mâle,255.0,20.0,Monstrueux,Minéral,+1 Défense,61 exp.,1 000 000 exp.,55.0,69.0,85.0,85.0,35.0,28.0,
358,Desséliande,Trevenant,709,/images/4/48/Dess%C3%A9liande-XY.png,/images/f/f5/Cri_0709_HOME.ogg,Spectre,Plante,"1,5","71,0",Médic Nature,Fouille,Récolte,50 % femelle; 50 % mâle,60.0,20.0,Végétal,Amorphe,+2 Attaque,166 exp.,1 000 000 exp.,85.0,110.0,76.0,76.0,82.0,56.0,
359,Brocélôme,Phantump,708,/images/3/3c/Broc%C3%A9l%C3%B4me-XY.png,/images/f/f2/Cri_0708_HOME.ogg,Spectre,Plante,"0,4","7,0",Médic Nature,Fouille,Récolte,50 % femelle; 50 % mâle,120.0,20.0,Végétal,Amorphe,+1 Att.,62 exp.,1 000 000 exp.,43.0,70.0,48.0,48.0,60.0,38.0,
360,Trousselin,Klefki,707,/images/b/be/Trousselin-XY.png,/images/6/68/Cri_0707_HOME.ogg,Acier,Fée,"0,2","3,0",Farceur,,Magicien,50 % femelle; 50 % mâle,75.0,20.0,Minéral,,+1 Défense,—,800 000 exp.,57.0,80.0,91.0,91.0,87.0,75.0,
361,Muplodocus de Hisui,Hisuian Goodra,706,/images/3/3b/Muplodocus_de_Hisui-LPA.png,/images/5/53/Cri_0706_HOME.ogg,Acier,Dragon,"1,7","334,1",Herbivore,Coque Armure,Poisseux,50 % femelle; 50 % mâle,45.0,40.0,Draconique,,+3 Déf. Spé.,270 exp.,1 250 000 exp.,80.0,100.0,100.0,100.0,150.0,60.0,
362,Muplodocus,Goodra,706,/images/9/96/Muplodocus-XY.png,/images/5/53/Cri_0706_HOME.ogg,Dragon,,"2,0","150,5",Herbivore,Hydratation,Poisseux,50 % femelle; 50 % mâle,45.0,40.0,Draconique,,+3 Déf. Spé,—,1 250 000 exp.,90.0,100.0,70.0,70.0,150.0,80.0,
363,Colimucus de Hisui,Hisuian Sliggoo,705,/images/a/a7/Colimucus_de_Hisui-LPA.png,/images/1/19/Cri_0705_HOME.ogg,Acier,Dragon,"0,7","68,5",Herbivore,Coque Armure,Poisseux,50 % femelle; 50 % mâle,45.0,40.0,Draconique,,+2 Déf. Spé.,158 exp.,1 250 000 exp.,58.0,75.0,83.0,83.0,113.0,40.0,
364,Colimucus,Sliggoo,705,/images/6/68/Colimucus-XY.png,/images/1/19/Cri_0705_HOME.ogg,Dragon,,"0,8","17,5",Herbivore,Hydratation,Poisseux,50 % femelle; 50 % mâle,45.0,40.0,Draconique,,+2 Déf. Spé,—,1 250 000 exp.,68.0,75.0,53.0,53.0,113.0,60.0,
365,Mucuscule,Goomy,704,/images/a/a6/Mucuscule-XY.png,/images/b/be/Cri_0704_HOME.ogg,Dragon,,"0,3","2,8",Herbivore,Hydratation,Poisseux,50 % femelle; 50 % mâle,45.0,40.0,Draconique,,+1 Déf. Spé,—,1 250 000 exp.,45.0,50.0,35.0,35.0,75.0,40.0,
366,Strassie,Carbink,703,/images/5/51/Strassie-XY.png,/images/8/83/Cri_0703_HOME.ogg,Roche,Fée,"0,3","5,7",Corps Sain,,Fermeté,Asexué,30.0,25.0,Féerique,Minéral,+1 Déf. ; +1 Déf. Spé,—,1 250 000 exp.,50.0,50.0,150.0,150.0,150.0,50.0,
367,Dedenne,Dedenne,702,/images/7/75/Dedenne-XY.png,/images/d/d8/Cri_0702_HOME.ogg,Électrik,Fée,"0,2","2,2",Ramassage,Bajoues,Plus,50 % femelle; 50 % mâle,200.0,20.0,Terrestre,Féerique,+2 Vit.,—,1 000 000 exp.,67.0,58.0,57.0,57.0,67.0,101.0,
368,Brutalibré,Hawlucha,701,/images/a/a8/Brutalibr%C3%A9-XY.png,/images/4/45/Cri_0701_HOME.ogg,Combat,Vol,"0,8","21,5",Échauffement,Délestage,Brise Moule,50 % femelle; 50 % mâle,100.0,20.0,Humanoïde,Aérien,+2 Att.,—,1 000 000 exp.,78.0,92.0,75.0,75.0,63.0,118.0,
369,Nymphali,Sylveon,700,/images/8/83/Nymphali-XY.png,/images/9/98/Cri_0700_HOME.ogg,Fée,,"1,0","23,5",Joli Sourire,,Peau Féérique,12.5 % femelle; 87.5 % mâle,45.0,35.0,Terrestre,,+2 Déf. Spé,—,1 000 000 exp.,95.0,65.0,65.0,65.0,130.0,60.0,
370,Dragmara,Aurorus,699,/images/4/46/Dragmara-XY.png,/images/4/45/Cri_0699_HOME.ogg,Roche,Glace,"2,7","225,0",Peau Gelée,,Alerte Neige,12.5 % femelle; 87.5 % mâle,45.0,30.0,Monstrueux,,+2 PV,—,1 000 000 exp.,123.0,77.0,72.0,72.0,92.0,58.0,
371,Amagara,Amaura,698,/images/f/f9/Amagara-XY.png,/images/5/56/Cri_0698_HOME.ogg,Roche,Glace,"1,3","25,2",Peau Gelée,,Alerte Neige,12.5 % femelle; 87.5 % mâle,45.0,30.0,Monstrueux,,+1 PV,—,1 000 000 exp.,77.0,59.0,50.0,50.0,63.0,46.0,
372,Rexillius,Tyrantrum,697,/images/d/d2/Rexillius-XY.png,/images/1/13/Cri_0697_HOME.ogg,Roche,Dragon,"2,5","270,0",Prognathe,,Tête de Roc,12.5 % femelle; 87.5 % mâle,45.0,30.0,Monstrueux,Draconique,+2 Att.,—,1 000 000 exp.,82.0,121.0,119.0,119.0,59.0,71.0,
373,Ptyranidur,Tyrunt,696,/images/c/cf/Ptyranidur-XY.png,/images/1/18/Cri_0696_HOME.ogg,Roche,Dragon,"0,8","26,0",Prognathe,,Fermeté,12.5 % femelle; 87.5 % mâle,45.0,30.0,Monstrueux,Draconique,+1 Att.,—,1 000 000 exp.,58.0,89.0,77.0,77.0,45.0,48.0,
374,Iguolta,Heliolisk,695,/images/4/47/Iguolta-XY.png,/images/1/19/Cri_0695_HOME.ogg,Électrik,Normal,"1,0","21,0",Peau Sèche,Voile Sable,Force Soleil,50 % femelle; 50 % mâle,75.0,20.0,Monstrueux,Draconique,+2 Vit.,—,1 000 000 exp.,62.0,55.0,52.0,52.0,94.0,109.0,
375,Galvaran,Helioptile,694,/images/f/fe/Galvaran-XY.png,/images/e/e9/Cri_0694_HOME.ogg,Électrik,Normal,"0,5","6,0",Peau Sèche,Voile Sable,Force Soleil,50 % femelle; 50 % mâle,190.0,20.0,Monstrueux,Draconique,+1 Vit.,—,1 000 000 exp.,44.0,38.0,33.0,33.0,43.0,70.0,
376,Gamblast,Clawitzer,693,/images/1/1c/Gamblast-XY.png,/images/9/92/Cri_0693_HOME.ogg,Eau,,"1,3","35,3",Méga Blaster,,,50 % femelle; 50 % mâle,155.0,15.0,Aquatique 1,Aquatique 3,+2 Att. Spé,—,1 250 000 exp.,71.0,73.0,88.0,88.0,89.0,59.0,
377,Flingouste,Clauncher,692,/images/5/50/Flingouste-XY.png,/images/0/00/Cri_0692_HOME.ogg,Eau,,"0,5","8,3",Méga Blaster,,,50 % femelle; 50 % mâle,155.0,15.0,Aquatique 1,Aquatique 3,+1 Att. Spé,—,1 250 000 exp.,50.0,53.0,62.0,62.0,63.0,44.0,
378,Kravarech,Dragalge,691,/images/5/57/Kravarech-XY.png,/images/9/9c/Cri_0691_HOME.ogg,Poison,Dragon,"1,8","81,5",Point Poison,Toxitouche,Adaptabilité,50 % femelle; 50 % mâle,225.0,20.0,Aquatique 1,Draconique,+2 Déf. Spé,—,1 000 000 exp.,65.0,75.0,90.0,90.0,123.0,44.0,
379,Venalgue,Skrelp,690,/images/2/22/Venalgue-XY.png,/images/4/42/Cri_0690_HOME.ogg,Poison,Eau,"0,5","7,3",Point Poison,Toxitouche,Adaptabilité,50 % femelle; 50 % mâle,225.0,20.0,Aquatique 1,Draconique,+1 Déf. Spé,—,1 000 000 exp.,50.0,60.0,60.0,60.0,60.0,30.0,
380,Golgopathe,Barbaracle,689,/images/5/5c/Golgopathe-XY.png,/images/e/ef/Cri_0689_HOME.ogg,Roche,Eau,"1,3","96,0",Sniper,Griffe Dure,Pickpocket,50 % femelle; 50 % mâle,45.0,20.0,Aquatique 3,,+2 Att.,—,1 000 000 exp.,72.0,105.0,115.0,115.0,86.0,68.0,
381,Opermine,Binacle,688,/images/4/4f/Opermine-XY.png,/images/5/53/Cri_0688_HOME.ogg,Roche,Eau,"0,5","31,0",Sniper,Griffe Dure,Pickpocket,50 % femelle; 50 % mâle,255.0,20.0,Aquatique 3,,+1 Att.,—,1 000 000 exp.,42.0,52.0,67.0,67.0,56.0,50.0,
382,Sepiatroce,Malamar,687,/images/5/57/Sepiatroce-XY.png,/images/a/ad/Cri_0687_HOME.ogg,Ténèbres,Psy,"1,5","47,0",Ventouse,Contestation,Infiltration,50 % femelle; 50 % mâle,120.0,20.0,Aquatique 1,Aquatique 2,+2 Att.,169 exp.,1 000 000 exp.,86.0,92.0,88.0,88.0,75.0,73.0,
383,Sepiatop,Inkay,686,/images/b/b1/Sepiatop-XY.png,/images/1/1c/Cri_0686_HOME.ogg,Ténèbres,Psy,"0,4","3,5",Ventouse,Contestation,Infiltration,50 % femelle; 50 % mâle,120.0,20.0,Aquatique 1,Aquatique 2,+1 Att.,58 exp.,1 000 000 exp.,53.0,54.0,53.0,53.0,46.0,45.0,
384,Cupcanaille,Slurpuff,685,/images/9/9a/Cupcanaille-XY.png,/images/0/0e/Cri_0685_HOME.ogg,Fée,,"0,8","5,0",Gluco-Voile,,Délestage,50 % femelle; 50 % mâle,200.0,20.0,Féerique,,+2 Déf.,168 exp.,1 000 000 exp.,82.0,80.0,86.0,86.0,75.0,72.0,
385,Sucroquin,Swirlix,684,/images/3/3c/Sucroquin-XY.png,/images/9/99/Cri_0684_HOME.ogg,Fée,,"0,4","3,5",Gluco-Voile,,Délestage,50 % femelle; 50 % mâle,200.0,20.0,Féerique,,+1 Déf.,68 exp.,1 000 000 exp.,62.0,48.0,66.0,66.0,57.0,49.0,
386,Cocotine,Aromatisse,683,/images/b/bd/Cocotine-XY.png,/images/6/6d/Cri_0683_HOME.ogg,Fée,,"0,8","15,5",Cœur Soin,,Aroma-Voile,50 % femelle; 50 % mâle,200.0,20.0,Féerique,,+2 PV,162 exp.,1 000 000 exp.,101.0,72.0,72.0,72.0,89.0,29.0,
387,Fluvetin,Spritzee,682,/images/b/b2/Fluvetin-XY.png,/images/b/b0/Cri_0682_HOME.ogg,Fée,,"0,2","0,5",Cœur Soin,,Aroma-Voile,50 % femelle; 50 % mâle,200.0,20.0,Féerique,,+1 PV,68 exp.,1 000 000 exp.,78.0,52.0,60.0,60.0,65.0,23.0,
388,Exagide,Aegislash,681,/images/7/70/Exagide_%28Forme_Parade%29-XY.png,/images/8/84/Cri_0681_HOME.ogg,Acier,Spectre,"1,7","53,0",Déclic Tactique,,,50 % femelle; 50 % mâle,45.0,20.0,Minéral,,+3 Défense,234 exp.,1 000 000 exp.,60.0,140.0,50.0,50.0,50.0,60.0,
389,Dimoclès,Doublade,680,/images/4/41/Dimocl%C3%A8s-XY.png,/images/2/2b/Cri_0680_HOME.ogg,Acier,Spectre,"0,8","4,5",Annule Garde,,,50 % femelle; 50 % mâle,90.0,20.0,Minéral,,+2 Défense,157 exp.,1 000 000 exp.,59.0,110.0,150.0,150.0,49.0,35.0,
390,Monorpale,Honedge,679,/images/7/70/Monorpale-XY.png,/images/3/30/Cri_0679_HOME.ogg,Acier,Spectre,"0,8","2,0",Annule Garde,,,50 % femelle; 50 % mâle,180.0,20.0,Minéral,,+1 Défense,65 exp.,1 000 000 exp.,45.0,80.0,100.0,100.0,37.0,28.0,
391,Mistigrix (♂),Meowstic (♂),678,/images/5/57/Mistigrix_%28Femelle%29-XY.png,/images/f/fa/Cri_0678_HOME.ogg,Psy,,"0,6","8,5",Regard Vif,Infiltration,Farceur,50 % femelle; 50 % mâle,228.0,20.0,Terrestre,,+2 Vitesse,163 exp.,1 000 000 exp.,74.0,48.0,76.0,76.0,81.0,104.0,
392,Psystigri,Espurr,677,/images/8/85/Psystigri-XY.png,/images/e/e8/Cri_0677_HOME.ogg,Psy,,"0,3","3,5",Infiltration,Regard Vif,Tempo Perso,50 % femelle; 50 % mâle,190.0,20.0,Terrestre,,+1 Vitesse,71 exp.,1 000 000 exp.,62.0,48.0,54.0,54.0,60.0,68.0,
393,Chevroum,Gogoat,673,/images/f/f1/Chevroum-XY.png,/images/d/d3/Cri_0673_HOME.ogg,Plante,,"1,7","91,0",Herbivore,,Toison Herbue,50 % femelle; 50 % mâle,45.0,20.0,Terrestre,,+2 PV,186 exp.,1 000 000 exp.,123.0,100.0,62.0,62.0,81.0,68.0,
394,Cabriolaine,Skiddo,672,/images/c/c1/Cabriolaine-XY.png,/images/3/34/Cri_0672_HOME.ogg,Plante,,"0,9","31,0",Herbivore,,Toison Herbue,50 % femelle; 50 % mâle,160.0,20.0,Terrestre,,+1 PV,105 exp.,1 000 000 exp.,66.0,65.0,48.0,48.0,57.0,52.0,
395,Florges,Florges,671,/images/6/64/Florges_%28Fleur_Rouge%29-XY.png,/images/3/38/Cri_0671_HOME.ogg,Fée,,"1,1","10,0",Flora-Voile,,Symbiose,100 % femelle; 0 % mâle,45.0,20.0,Féerique,,+3 Défense Spéciale,248 exp.,1 000 000 exp.,78.0,65.0,68.0,68.0,154.0,75.0,
396,Floette,Floette,670,/images/f/f6/Floette_%28Fleur_Rouge%29-XY.png,/images/2/20/Cri_0670_HOME.ogg,Fée,,"0,2","0,9",Flora-Voile,,Symbiose,100 % femelle; 0 % mâle,120.0,20.0,Féerique,,+2 Défense Spéciale,130 exp.,1 000 000 exp.,54.0,45.0,47.0,47.0,98.0,52.0,
397,Flabébé,Flabébé,669,/images/4/46/Flab%C3%A9b%C3%A9_%28Fleur_Rouge%29-XY.png,/images/d/dd/Cri_0669_HOME.ogg,Fée,,"0,1","0,1",Flora-Voile,,Symbiose,100 % femelle; 0 % mâle,255.0,20.0,Féerique,,+1 Défense Spéciale,61 exp.,1 000 000 exp.,44.0,38.0,39.0,39.0,79.0,42.0,
398,Némélios,Pyroar,668,/images/b/be/N%C3%A9m%C3%A9lios_%28M%C3%A2le%29-XY.png,/images/c/ca/Cri_0668_HOME.ogg,Feu,Normal,"1,5","81,5",Rivalité,Tension,Impudence,87.5 % femelle; 12.5 % mâle,200.0,20.0,Terrestre,,+2 Attaque Spéciale,177 exp.,1 059 860 exp.,86.0,68.0,72.0,72.0,66.0,106.0,
399,Hélionceau,Litleo,667,/images/3/3a/H%C3%A9lionceau-XY.png,/images/1/10/Cri_0667_HOME.ogg,Feu,Normal,"0,6","13,5",Rivalité,Tension,Impudence,87.5 % femelle; 12.5 % mâle,200.0,20.0,Terrestre,,+1 Attaque Spéciale,74 exp.,1 059 860 exp.,62.0,50.0,58.0,58.0,54.0,72.0,
400,Prismillon,Vivillon,666,/images/0/0b/Prismillon_%28Motif_Floraison%29-XY.png,/images/e/e0/Cri_0666_HOME.ogg,Insecte,Vol,"1,2","17,0",Œil Composé,Écran Poudre,Garde-Ami,50 % femelle; 50 % mâle,45.0,15.0,Insectoïde,,+1 PV.; +1 Attaque Spéciale; +1 Vitesse,185 exp.,1 000 000 exp.,80.0,52.0,50.0,50.0,50.0,89.0,
401,Pérégrain,Spewpa,665,/images/8/84/P%C3%A9r%C3%A9grain-XY.png,/images/e/e2/Cri_0665_HOME.ogg,Insecte,,"0,3","8,4",Mue,,Garde-Ami,50 % femelle; 50 % mâle,255.0,15.0,Insectoïde,,+2 Défense,75 exp.,1 000 000 exp.,45.0,22.0,60.0,60.0,30.0,29.0,
402,Amphinobi,Greninja,658,/images/7/75/Amphinobi-XY.png,/images/9/9c/Cri_0658_HOME.ogg,Eau,Ténèbres,"1,5","40,0",Torrent,,Protéen,12.5 % femelle; 87.5 % mâle,45.0,20.0,Aquatique 1,,+3 Vitesse,239 exp.,1 059 860 exp.,72.0,95.0,67.0,67.0,71.0,122.0,
403,Croâporal,Frogadier,657,/images/6/62/Cro%C3%A2poral-XY.png,/images/3/3e/Cri_0657_HOME.ogg,Eau,,"0,6","10,9",Torrent,,Protéen,12.5 % femelle; 87.5 % mâle,45.0,20.0,Aquatique 1,,+2 Vitesse,142 exp.,1 059 860 exp.,54.0,63.0,52.0,52.0,56.0,97.0,
404,Grenousse,Froakie,656,/images/8/82/Grenousse-XY.png,/images/e/eb/Cri_0656_HOME.ogg,Eau,,"0,3","7,0",Torrent,,Protéen,12.5 % femelle; 87.5 % mâle,45.0,20.0,Aquatique 1,,+1 Vitesse,63 exp.,1 059 860 exp.,41.0,56.0,40.0,40.0,44.0,71.0,
405,Goupelin,Delphox,655,/images/f/fd/Goupelin-XY.png,/images/f/f6/Cri_0655_HOME.ogg,Feu,Psy,"1,5","39,0",Brasier,,Magicien,12.5 % femelle; 87.5 % mâle,45.0,20.0,Terrestre,,+3 Att. Spé,240 exp.,1 059 860 exp.,75.0,69.0,72.0,72.0,100.0,104.0,
406,Roussil,Braixen,654,/images/8/86/Roussil-XY.png,/images/7/79/Cri_0654_HOME.ogg,Feu,,"1,0","14,5",Brasier,,Magicien,12.5 % femelle; 87.5 % mâle,45.0,20.0,Terrestre,,+2 Attaque Spéciale,143 exp.,1 059 860 exp.,59.0,59.0,58.0,58.0,70.0,73.0,
407,Feunnec,Fennekin,653,/images/6/62/Feunnec-XY.png,/images/2/24/Cri_0653_HOME.ogg,Feu,,"0,4","9,4",Brasier,,Magicien,12.5 % femelle; 87.5 % mâle,45.0,20.0,Terrestre,,+1 Attaque Spéciale,61 exp.,1 059 860 exp.,40.0,45.0,40.0,40.0,60.0,60.0,
408,Blindépique,Chesnaught,652,/images/e/eb/Blind%C3%A9pique-XY.png,/images/0/0d/Cri_0652_HOME.ogg,Plante,Combat,"1,6","90,0",Engrais,,Pare-Balles,12.5 % femelle; 87.5 % mâle,45.0,20.0,Terrestre,,+3 Défense,239 exp.,1 059 860 exp.,88.0,107.0,122.0,122.0,75.0,64.0,
409,Boguérisse,Quilladin,651,/images/5/5d/Bogu%C3%A9risse-XY.png,/images/d/d8/Cri_0651_HOME.ogg,Plante,,"0,7","29,0",Engrais,,Pare-Balles,12.5 % femelle; 87.5 % mâle,45.0,20.0,Terrestre,,+2 Défense,142 exp.,1 059 860 exp.,61.0,78.0,95.0,95.0,58.0,57.0,
410,Marisson,Chespin,650,/images/c/ce/Marisson-XY.png,/images/0/09/Cri_0650_HOME.ogg,Plante,,"0,4","9,0",Engrais,,Pare-Balles,12.5 % femelle; 87.5 % mâle,45.0,20.0,Terrestre,,+1 Défense,63 exp.,1 059 860 exp.,56.0,61.0,65.0,65.0,45.0,38.0,
411,Genesect,Genesect,649,/images/f/f6/Genesect-N2B2.png,/images/1/14/Cri_0649_HOME.ogg,Insecte,Acier,"1,5","82,5",Télécharge,,,Asexué,3.0,120.0,Inconnu,,+1 Att. ; +1 Att. Spé ; +1 Vit.,270 exp.,1 250 000 exp.,71.0,120.0,95.0,95.0,95.0,99.0,
412,Meloetta,Meloetta,648,/images/6/62/Meloetta_%28Forme_Chant%29-NB.png,/images/4/4a/Cri_0648_HOME.ogg,Bipède,,"0,6","6,5",Sérénité,,,Asexué,3.0,120.0,Inconnu,,+1 Att. Spé ; +1 Déf. Spé ; +1 Vit.,270 exp.,1 250 000 exp.,100.0,77.0,77.0,77.0,128.0,90.0,
413,Keldeo,Keldeo,647,/images/1/14/Keldeo_%28Aspect_Normal%29-NB.png,/images/8/8b/Cri_0647_HOME.ogg,Eau,Combat,"1,4","48,5",Cœur Noble,,,Asexué,3.0,80.0,Inconnu,,+3 Att. Spé.,261 exp.,1 250 000 exp.,91.0,72.0,90.0,90.0,90.0,108.0,
414,Kyurem Noir,Black Kyurem,646,/images/6/66/Kyurem_Noir-N2B2.png,/images/d/d9/Cri_0646_Noir_HOME.ogg,Dragon,Glace,"3,3","325,0",Téra-Voltage,,,Asexué,3.0,120.0,Inconnu,,+3 Attaque,297 exp.,1 250 000 exp.,125.0,170.0,100.0,100.0,90.0,95.0,
415,Kyurem Blanc,White Kyurem,646,/images/1/13/Kyurem_Blanc-N2B2.png,/images/0/0c/Cri_0646_Blanc_HOME.ogg,Dragon,Glace,"3,6","325,0",Turbo Brasier,,,Asexué,3.0,120.0,Inconnu,,+3 Att.Spé.,297 exp.,1 250 000 exp.,125.0,120.0,90.0,90.0,100.0,95.0,
416,Kyurem,Kyurem,646,/images/a/a5/Kyurem-NB.png,/images/4/4a/Cri_0646_HOME.ogg,Dragon,Glace,"3,0","325,0",Pression,,,Asexué,3.0,120.0,Inconnu,,+1 PV ; +1 Att. ; +1 Déf. Spé,297 exp.,1 250 000 exp.,125.0,130.0,90.0,90.0,90.0,95.0,
417,Démétéros (Avatar),Landorus (Incarnate),645,/images/8/87/D%C3%A9m%C3%A9t%C3%A9ros_%28Forme_Avatar%29-NB.png,/images/f/ff/Cri_0645_HOME.ogg,Sol,Vol,1.5,"68,0",Force Sable,,Sans Limite,0 % femelle; 100 % mâle,3.0,120.0,Inconnu,,+3 Att.,270 exp.,1 250 000 exp.,89.0,125.0,90.0,90.0,80.0,101.0,
418,Zekrom,Zekrom,644,/images/c/c7/Zekrom-NB.png,/images/3/36/Cri_0644_HOME.ogg,Dragon,Électrik,"2,9","345,0",Téra-Voltage,,,Asexué,3.0,120.0,Inconnu,,+3 Att.,306 exp.,1 250 000 exp.,100.0,150.0,120.0,120.0,100.0,90.0,
419,Reshiram,Reshiram,643,/images/b/b3/Reshiram-NB.png,/images/5/58/Cri_0643_HOME.ogg,Dragon,Feu,"3,2","330,0",Turbo Brasier,,,Asexué,3.0,120.0,Inconnu,,+3 Att. Spé,306 exp.,1 250 000 exp.,100.0,120.0,100.0,100.0,120.0,90.0,
420,Fulguris (Avatar),Thundurus (Incarnate),642,/images/1/1b/Fulguris_%28Forme_Avatar%29-NB.png,/images/c/ce/Cri_0642_HOME.ogg,Électrik,Vol,1.5,"61,0",Farceur,,Acharné,0 % femelle; 100 % mâle,3.0,120.0,Inconnu,,+3 Att. Spé,261 exp.,1 250 000 exp.,79.0,115.0,70.0,70.0,80.0,111.0,
421,Boréas (Avatar),Tornadus (Incarnate),641,/images/1/1b/Bor%C3%A9as_%28Forme_Avatar%29-NB.png,/images/6/62/Cri_0641_HOME.ogg,Vol,,1.5,"63,0",Farceur,,Acharné,0 % femelle; 100 % mâle,3.0,120.0,Inconnu,,+3 Att. Spé,261 exp.,1 250 000 exp.,79.0,115.0,70.0,70.0,80.0,111.0,
422,Viridium,Virizion,640,/images/d/d1/Viridium-NB.png,/images/5/55/Cri_0640_HOME.ogg,Plante,Combat,"2,0","200,0",Cœur Noble,,,Asexué,3.0,80.0,Inconnu,,+3 Déf. Spé,261 exp.,1 250 000 exp.,91.0,90.0,72.0,72.0,129.0,108.0,
423,Terrakium,Terrakion,639,/images/6/66/Terrakium-NB.png,/images/2/25/Cri_0639_HOME.ogg,Roche,Combat,"1,9","260,0",Cœur Noble,,,Asexué,3.0,80.0,Inconnu,,+3 Att.,261 exp.,1 250 000 exp.,91.0,129.0,90.0,90.0,90.0,108.0,
424,Cobaltium,Cobalion,638,/images/8/8f/Cobaltium-NB.png,/images/3/32/Cri_0638_HOME.ogg,Acier,Combat,"2,1","250,0",Cœur Noble,,,Asexué,3.0,80.0,Inconnu,,+3 Déf.,261 exp.,1 250 000 exp.,91.0,90.0,129.0,129.0,72.0,108.0,
425,Pyrax,Volcarona,637,/images/4/47/Pyrax-NB.png,/images/5/5a/Cri_0637_HOME.ogg,Insecte,Feu,"1,6","46,0",Corps Ardent,,Essaim,50 % femelle; 50 % mâle,15.0,40.0,Insectoïde,,+3 Att. Spé,248 exp.,1 250 000 exp.,85.0,60.0,65.0,65.0,105.0,100.0,
426,Pyronille,Larvesta,636,/images/d/d4/Pyronille-NB.png,/images/d/dd/Cri_0636_HOME.ogg,Insecte,Feu,"1,1","28,8",Corps Ardent,,Essaim,50 % femelle; 50 % mâle,45.0,40.0,Insectoïde,,+1 Att.,72 exp.,1 250 000 exp.,55.0,85.0,55.0,55.0,55.0,60.0,
427,Trioxhydre,Hydreigon,635,/images/6/65/Trioxhydre-NB.png,/images/d/d6/Cri_0635_HOME.ogg,Ténèbres,Dragon,"1,8","160,0",Lévitation,,,50 % femelle; 50 % mâle,30.0,40.0,Draconique,,+3 Att. Spé,270 exp.,1 250 000 exp.,92.0,105.0,90.0,90.0,90.0,98.0,
428,Diamat,Zweilous,634,/images/9/9b/Diamat-NB.png,/images/3/3b/Cri_0634_HOME.ogg,Ténèbres,Dragon,"1,4","50,0",Agitation,,,50 % femelle; 50 % mâle,190.0,40.0,Draconique,,+2 Att.,147 exp.,1 250 000 exp.,72.0,85.0,70.0,70.0,70.0,58.0,
429,Solochi,Deino,633,/images/c/cf/Solochi-NB.png,/images/5/58/Cri_0633_HOME.ogg,Ténèbres,Dragon,"0,8","17,3",Agitation,,,50 % femelle; 50 % mâle,45.0,40.0,Draconique,,+1 Att.,60 exp.,1 250 000 exp.,52.0,65.0,50.0,50.0,50.0,38.0,
430,Fermite,Durant,632,/images/c/cc/Fermite-NB.png,/images/b/b6/Cri_0632_HOME.ogg,Insecte,Acier,"0,3","33,0",Essaim,Agitation,Absentéisme,50 % femelle; 50 % mâle,90.0,20.0,Insectoïde,,+2 Déf.,169 exp.,1 000 000 exp.,58.0,109.0,112.0,112.0,48.0,109.0,
431,Aflamanoir,Heatmor,631,/images/4/48/Aflamanoir-NB.png,/images/3/39/Cri_0631_HOME.ogg,Feu,,"1,4","58,0",Gloutonnerie,Torche,Écran Fumée,50 % femelle; 50 % mâle,90.0,20.0,Terrestre,,+2 Att Spé.,169 exp.,1 000 000 exp.,85.0,97.0,66.0,66.0,66.0,65.0,
432,Vaututrice,Mandibuzz,630,/images/6/63/Vaututrice-NB.png,/images/2/29/Cri_0630_HOME.ogg,Ténèbres,Vol,"1,2","39,5",Cœur de Coq,Envelocape,Armurouillée,100 % femelle; 0 % mâle,60.0,20.0,Aérien,,+2 Att. Spé,179 exp.,1 250 000 exp.,110.0,65.0,105.0,105.0,95.0,80.0,
433,Vostourno,Vullaby,629,/images/e/e6/Vostourno-NB.png,/images/1/19/Cri_0629_HOME.ogg,Ténèbres,Vol,"0,5","9,0",Cœur de Coq,Envelocape,Armurouillée,100 % femelle; 0 % mâle,190.0,20.0,Aérien,,+1 Déf.,74 exp.,1 250 000 exp.,70.0,55.0,75.0,75.0,65.0,60.0,
434,Gueriaigle de Hisui,Hisuian Braviary,628,/images/0/04/Gueriaigle_de_Hisui-LPA.png,/images/e/e6/Cri_0628_HOME.ogg,Psy,Vol,"1,7","43,4",Regard Vif,Sans Limite,Lentiteintée,0 % femelle; 100 % mâle,60.0,20.0,Aérien,,+2 Att. Spé.,179 exp.,1 250 000 exp.,110.0,83.0,70.0,70.0,70.0,65.0,
435,Gueriaigle,Braviary,628,/images/1/12/Gueriaigle-NB.png,/images/e/e6/Cri_0628_HOME.ogg,Normal,Vol,"1,5","41,0",Regard Vif,Sans Limite,Acharné,0 % femelle; 100 % mâle,60.0,20.0,Aérien,,+2 Att.,179 exp.,1 250 000 exp.,100.0,123.0,75.0,75.0,75.0,80.0,
436,Furaiglon,Rufflet,627,/images/3/33/Furaiglon-NB.png,/images/9/9a/Cri_0627_HOME.ogg,Normal,Vol,"0,5","10,5",Regard Vif,Sans Limite,Agitation,0 % femelle; 100 % mâle,190.0,20.0,Aérien,,+1 Att.,70 exp.,1 250 000 exp.,70.0,83.0,50.0,50.0,50.0,60.0,
437,Frison,Bouffalant,626,/images/5/51/Frison-NB.png,/images/1/14/Cri_0626_HOME.ogg,Normal,,"1,6","94,5",Téméraire,Herbivore,Anti-Bruit,50 % femelle; 50 % mâle,45.0,20.0,Terrestre,,+2 Att.,172 exp.,1 000 000 exp.,95.0,110.0,95.0,95.0,95.0,55.0,
438,Scalproie,Bisharp,625,/images/e/e1/Scalproie-NB.png,/images/6/6c/Cri_0625_HOME.ogg,Ténèbres,Acier,"1,6","70,0",Acharné,Attention,Pression,50 % femelle; 50 % mâle,45.0,20.0,Humanoïde,,+2 Att.,172 exp.,1 000 000 exp.,65.0,125.0,100.0,100.0,70.0,70.0,
439,Scalpion,Pawniard,624,/images/e/e5/Scalpion-NB.png,/images/3/3c/Cri_0624_HOME.ogg,Ténèbres,Acier,"0,5","10,2",Acharné,Attention,Pression,50 % femelle; 50 % mâle,120.0,20.0,Humanoïde,,+1 Att.,68 exp.,1 000 000 exp.,45.0,85.0,70.0,70.0,40.0,60.0,
440,Golemastoc,Golurk,623,/images/e/ee/Golemastoc-NB.png,/images/1/11/Cri_0623_HOME.ogg,Sol,Spectre,"2,8","330,0",Poing de Fer,Maladresse,Annule Garde,Asexué,90.0,25.0,Minéral,,+2 Att.,169 exp.,1 000 000 exp.,89.0,124.0,80.0,80.0,80.0,55.0,
441,Gringolem,Golett,622,/images/a/a2/Gringolem-NB.png,/images/c/ce/Cri_0622_HOME.ogg,Sol,Spectre,"1,0","92,0",Poing de Fer,Maladresse,Annule Garde,Asexué,190.0,25.0,Minéral,,+1 Att.,61 exp.,1 000 000 exp.,59.0,74.0,50.0,50.0,50.0,35.0,
442,Drakkarmin,Druddigon,621,/images/7/79/Drakkarmin-NB.png,/images/f/f3/Cri_0621_HOME.ogg,Dragon,,"1,6","139,0",Peau Dure,Sans Limite,Brise Moule,50 % femelle; 50 % mâle,45.0,30.0,Draconique,Monstrueux,+2 Att.,173 exp.,1 000 000 exp.,77.0,120.0,90.0,90.0,90.0,48.0,
443,Shaofouine,Mienshao,620,/images/6/66/Shaofouine-NB.png,/images/b/b5/Cri_0620_HOME.ogg,Combat,,"1,4","35,5",Régé-Force,Attention,Téméraire,50 % femelle; 50 % mâle,45.0,25.0,Terrestre,Humanoïde,+2 Att.,179 exp.,1 059 860 exp.,65.0,125.0,60.0,60.0,60.0,105.0,
444,Kungfouine,Mienfoo,619,/images/e/ee/Kungfouine-NB.png,/images/6/63/Cri_0619_HOME.ogg,Combat,,"0,8","20,0",Régé-Force,Attention,Téméraire,50 % femelle; 50 % mâle,180.0,25.0,Terrestre,Humanoïde,+1 Att.,70 exp.,1 059 860 exp.,45.0,85.0,50.0,50.0,50.0,65.0,
445,Limonde de Galar,Galarian Stunfisk,618,/images/8/8a/Limonde_de_Galar-EB.png,/images/1/10/Cri_0618_HOME.ogg,Sol,Acier,"0,7","20,5",Mimétisme,,,50 % femelle; 50 % mâle,75.0,20.0,Aquatique 1,Amorphe,+2 PV,165 exp.,1 000 000 exp.,109.0,81.0,99.0,99.0,84.0,32.0,
446,Limonde,Stunfisk,618,/images/b/b3/Limonde-NB.png,/images/1/10/Cri_0618_HOME.ogg,Sol,Électrik,"0,7","11,0",Statik,Échauffement,Voile Sable,50 % femelle; 50 % mâle,75.0,20.0,Aquatique 1,Amorphe,+2 PV,165 exp.,1 000 000 exp.,109.0,66.0,84.0,84.0,99.0,32.0,
447,Limaspeed,Accelgor,617,/images/5/55/Limaspeed-NB.png,/images/0/08/Cri_0617_HOME.ogg,Insecte,,"0,8","23,5",Hydratation,Glu,Délestage,50 % femelle; 50 % mâle,75.0,15.0,Insectoïde,,+2 Vit.,173 exp.,1 000 000 exp.,80.0,70.0,40.0,40.0,60.0,145.0,
448,Escargaume,Shelmet,616,/images/4/4f/Escargaume-NB.png,/images/e/e3/Cri_0616_HOME.ogg,Insecte,,"0,4","7,7",Hydratation,Coque Armure,Envelocape,50 % femelle; 50 % mâle,200.0,15.0,Insectoïde,,+1 Déf.,61 exp.,1 000 000 exp.,50.0,40.0,85.0,85.0,65.0,25.0,
449,Hexagel,Cryogonal,615,/images/3/3e/Hexagel-NB.png,/images/d/d9/Cri_0615_HOME.ogg,Glace,,"1,1","148,0",Lévitation,,,Asexué,25.0,25.0,Minéral,,+2 Déf. Spé,170 exp.,1 000 000 exp.,80.0,50.0,50.0,50.0,135.0,105.0,
450,Polagriffe,Beartic,614,/images/3/3d/Polagriffe-NB.png,/images/c/c1/Cri_0614_HOME.ogg,Glace,,"2,6","260,0",Rideau Neige,Chasse-Neige,Glissade,50 % femelle; 50 % mâle,60.0,20.0,Terrestre,,+2 Att.,170 exp.,1 000 000 exp.,95.0,130.0,80.0,80.0,80.0,50.0,
451,Polarhume,Cubchoo,613,/images/1/14/Polarhume-NB.png,/images/1/13/Cri_0613_HOME.ogg,Glace,,"0,5","8,5",Rideau Neige,Chasse-Neige,Phobique,50 % femelle; 50 % mâle,120.0,20.0,Terrestre,,+1 Att.,61 exp.,1 000 000 exp.,55.0,70.0,40.0,40.0,40.0,40.0,
452,Tranchodon,Haxorus,612,/images/0/03/Tranchodon-NB.png,/images/7/71/Cri_0612_HOME.ogg,Dragon,,"1,8","105,5",Rivalité,Brise Moule,Tension,50 % femelle; 50 % mâle,45.0,40.0,Monstrueux,Draconique,+3 Att.,243 exp.,1 250 000 exp.,76.0,147.0,90.0,90.0,70.0,97.0,
453,Incisache,Fraxure,611,/images/7/7d/Incisache-NB.png,/images/5/5a/Cri_0611_HOME.ogg,Dragon,,"1,0","36,0",Rivalité,Brise Moule,Tension,50 % femelle; 50 % mâle,60.0,40.0,Monstrueux,Draconique,+2 Att.,144 exp.,1 250 000 exp.,66.0,117.0,70.0,70.0,50.0,67.0,
454,Coupenotte,Axew,610,/images/b/b4/Coupenotte-NB.png,/images/a/a4/Cri_0610_HOME.ogg,Dragon,,"0,6","18,0",Rivalité,Brise Moule,Tension,50 % femelle; 50 % mâle,75.0,40.0,Monstrueux,Draconique,+1 Att.,64 exp.,1 250 000 exp.,46.0,87.0,60.0,60.0,40.0,57.0,
455,Lugulabre,Chandelure,609,/images/d/d2/Lugulabre-NB.png,/images/8/84/Cri_0609_HOME.ogg,Spectre,Feu,"1,0","34,3",Torche,Corps Ardent,Marque Ombre (gen 5) / Infiltration (gen 6:),50 % femelle; 50 % mâle,45.0,20.0,Amorphe,,+3 Att. Spé,234 exp.,1 059 860 exp.,60.0,55.0,90.0,90.0,90.0,80.0,
456,Mélancolux,Lampent,608,/images/5/52/M%C3%A9lancolux-NB.png,/images/d/d6/Cri_0608_HOME.ogg,Spectre,Feu,"0,6","13,0",Torche,Corps Ardent,Infiltration,50 % femelle; 50 % mâle,190.0,20.0,Amorphe,,+2 Att. Spé,130 exp.,1 059 860 exp.,60.0,40.0,60.0,60.0,60.0,55.0,
457,Funécire,Litwick,607,/images/e/e5/Fun%C3%A9cire-NB.png,/images/3/33/Cri_0607_HOME.ogg,Spectre,Feu,"0,3","3,1",Torche,Corps Ardent,Infiltration,50 % femelle; 50 % mâle,190.0,20.0,Amorphe,,+1 Att. Spé,55 exp.,1 059 860 exp.,50.0,30.0,55.0,55.0,55.0,20.0,
458,Neitram,Beheeyem,606,/images/2/2c/Neitram-NB.png,/images/6/64/Cri_0606_HOME.ogg,Psy,,"1,0","34,5",Télépathe,Synchro,Analyste,50 % femelle; 50 % mâle,90.0,20.0,Humanoïde,,+2 Att. Spé,170 exp.,1 000 000 exp.,75.0,75.0,75.0,75.0,95.0,40.0,
459,Lewsor,Elgyem,605,/images/e/e4/Lewsor-NB.png,/images/c/c3/Cri_0605_HOME.ogg,Psy,,"0,5","9,0",Télépathe,Synchro,Analyste,50 % femelle; 50 % mâle,255.0,20.0,Humanoïde,,+1 Att. Spé,67 exp.,1 000 000 exp.,55.0,55.0,55.0,55.0,55.0,30.0,
460,Ohmassacre,Eelektross,604,/images/6/6b/Ohmassacre-NB.png,/images/b/bd/Cri_0604_HOME.ogg,Électrik,,"2,1","80,5",Lévitation,,,50 % femelle; 50 % mâle,30.0,20.0,Amorphe,,+3 Att.,232 exp.,1 250 000 exp.,85.0,115.0,80.0,80.0,80.0,50.0,
461,Lampéroie,Eelektrik,603,/images/b/b9/Lamp%C3%A9roie-NB.png,/images/a/a3/Cri_0603_HOME.ogg,Électrik,,"1,2","22,0",Lévitation,,,50 % femelle; 50 % mâle,60.0,20.0,Amorphe,,+2 Att.,142 exp.,1 250 000 exp.,65.0,85.0,70.0,70.0,70.0,40.0,
462,Anchwatt,Tynamo,602,/images/a/a7/Anchwatt-NB.png,/images/e/ec/Cri_0602_HOME.ogg,Électrik,,"0,2","0,3",Lévitation,,,50 % femelle; 50 % mâle,190.0,20.0,Amorphe,,+1 Vit.,55 exp.,1 250 000 exp.,35.0,55.0,40.0,40.0,40.0,60.0,
463,Cliticlic,Klinklang,601,/images/a/a2/Cliticlic-NB.png,/images/9/95/Cri_0601_HOME.ogg,Acier,,"0,6","81,0",Plus,Moins,Corps Sain,Asexué,30.0,20.0,Minéral,,+3 Déf.,234 exp.,1 059 860 exp.,60.0,100.0,115.0,115.0,85.0,90.0,
464,Clic,Klang,600,/images/a/a6/Clic-NB.png,/images/3/31/Cri_0600_HOME.ogg,Acier,,"0,6","51,0",Plus,Moins,Corps Sain,Asexué,60.0,20.0,Minéral,,+2 Défense,51 exp.,1 059 860 exp.,60.0,80.0,95.0,95.0,85.0,50.0,
465,Tic,Klink,599,/images/5/56/Tic-NB.png,/images/2/23/Cri_0599_HOME.ogg,Acier,,"0,3","21,0",Plus,Moins,Corps Sain,Asexué,130.0,20.0,Minéral,,+1 Déf,60 exp.,1 059 860 exp.,40.0,55.0,70.0,70.0,60.0,30.0,
466,Noacier,Ferrothorn,598,/images/c/c1/Noacier-NB.png,/images/6/6b/Cri_0598_HOME.ogg,Plante,Acier,"1,0","110,0",Épine de Fer,,Anticipation,50 % femelle; 50 % mâle,90.0,20.0,Végétal,Minéral,+2 Déf.,171 exp.,1 000 000 exp.,74.0,94.0,131.0,131.0,116.0,20.0,
467,Grindur,Ferroseed,597,/images/d/d5/Grindur-NB.png,/images/0/01/Cri_0597_HOME.ogg,Plante,Acier,"0,6","18,8",Épine de Fer,,,50 % femelle; 50 % mâle,255.0,20.0,Végétal,Minéral,+1 Déf.,61 exp.,1 000 000 exp.,44.0,50.0,91.0,91.0,86.0,10.0,
468,Mygavolt,Galvantula,596,/images/d/d0/Mygavolt-NB.png,/images/c/c0/Cri_0596_HOME.ogg,Insecte,Électrik,"0,8","14,3",Œil Composé,Tension,Essaim,50 % femelle; 50 % mâle,75.0,20.0,Insectoïde,,+2 Vit.,165 exp.,1 000 000 exp.,70.0,77.0,60.0,60.0,60.0,108.0,
469,Statitik,Joltik,595,/images/c/c3/Statitik-NB.png,/images/e/eb/Cri_0595_HOME.ogg,Insecte,Électrik,"0,1","0,6",Œil Composé,Tension,Essaim,50 % femelle; 50 % mâle,190.0,20.0,Insectoïde,,+1 Vit.,64 exp.,1 000 000 exp.,50.0,47.0,50.0,50.0,50.0,65.0,
470,Mamanbo,Alomomola,594,/images/2/29/Mamanbo-NB.png,/images/4/40/Cri_0594_HOME.ogg,Eau,,"1,2","31,6",Hydratation,Cœur Soin,Régé-Force,50 % femelle; 50 % mâle,75.0,40.0,Aquatique 1,Aquatique 2,+2 PV,65 exp.,800 000 exp.,165.0,75.0,80.0,80.0,45.0,65.0,
471,Moyade,Jellicent,593,/images/2/23/Moyade_%28Femelle%29-NB.png,/images/0/0f/Cri_0593_HOME.ogg,Eau,Spectre,"2,2","135,0",Absorbe-Eau,Corps Maudit,Moiteur,50 % femelle; 50 % mâle,60.0,20.0,Amorphe,,+2 Déf. Spé,168 exp.,1 000 000 exp.,100.0,60.0,70.0,70.0,105.0,60.0,
472,Viskuse,Frillish,592,/images/0/0c/Viskuse_%28Femelle%29-NB.png,/images/5/51/Cri_0592_HOME.ogg,Eau,Spectre,"1,2","33,0",Absorbe-Eau,Corps Maudit,Moiteur,50 % femelle; 50 % mâle,190.0,20.0,Amorphe,,+1 Déf. Spé,67 exp.,1 000 000 exp.,55.0,40.0,50.0,50.0,85.0,40.0,
473,Gaulet,Amoonguss,591,/images/1/1e/Gaulet-NB.png,/images/5/5e/Cri_0591_HOME.ogg,Plante,Poison,"0,6","10,5",Pose Spore,,Régé-Force,50 % femelle; 50 % mâle,75.0,20.0,Végétal,,+2 PV,163 exp.,1 000 000 exp.,114.0,85.0,70.0,70.0,80.0,30.0,
474,Trompignon,Foongus,590,/images/9/94/Trompignon-NB.png,/images/6/69/Cri_0590_HOME.ogg,Plante,Poison,"0,2","1,0",Pose Spore,,Régé-Force,50 % femelle; 50 % mâle,190.0,20.0,Végétal,,+1 PV,59 exp.,1 000 000 exp.,69.0,55.0,45.0,45.0,55.0,15.0,
475,Lançargot,Escavalier,589,/images/f/f6/Lan%C3%A7argot-NB.png,/images/1/11/Cri_0589_HOME.ogg,Insecte,Acier,"1,0","33,0",Essaim,Coque Armure,Envelocape,50 % femelle; 50 % mâle,75.0,15.0,Insectoïde,,+2 Att.,173 exp.,1 000 000 exp.,70.0,135.0,105.0,105.0,105.0,20.0,
476,Carabing,Karrablast,588,/images/a/a4/Carabing-NB.png,/images/4/46/Cri_0588_HOME.ogg,Insecte,,"0,5","5,9",Essaim,Mue,Annule Garde,50 % femelle; 50 % mâle,200.0,15.0,Insectoïde,,+1 Att.,63 exp.,1 000 000 exp.,50.0,75.0,45.0,45.0,45.0,60.0,
477,Emolga,Emolga,587,/images/d/d9/Emolga-NB.png,/images/c/c4/Cri_0587_HOME.ogg,Électrik,Vol,"0,4","5,0",Statik,,Motorisé,50 % femelle; 50 % mâle,200.0,20.0,Terrestre,,+2 Vit.,150 exp.,1 000 000 exp.,55.0,75.0,60.0,60.0,60.0,103.0,
478,Haydaim,Sawsbuck,586,/images/6/62/Haydaim_%28Forme_%C3%89t%C3%A9%29-NB.png,/images/9/94/Cri_0586_HOME.ogg,Normal,Plante,"1,9","92,5",Chlorophylle,Herbivore,Sérénité,50 % femelle; 50 % mâle,75.0,20.0,Terrestre,,+2 Att.,166 exp.,1 000 000 exp.,80.0,100.0,70.0,70.0,70.0,95.0,
479,Vivaldaim,Deerling,585,/images/c/cd/Vivaldaim_%28Forme_Hiver%29-NB.png,/images/c/c8/Cri_0585_HOME.ogg,Normal,Plante,"0,6","19,5",Chlorophylle,Herbivore,Sérénité,50 % femelle; 50 % mâle,190.0,20.0,Terrestre,,+1 Vit.,67 exp.,1 000 000 exp.,60.0,60.0,50.0,50.0,50.0,75.0,
480,Sorbouboul,Vanilluxe,584,/images/e/ee/Sorbouboul-NB.png,/images/9/9b/Cri_0584_HOME.ogg,Glace,,"1,3","57,5",Corps Gel,Alerte Neige,Armurouillée,50 % femelle; 50 % mâle,45.0,20.0,Minéral,,+3 Att. Spé,241 exp.,1 250 000 exp.,71.0,95.0,85.0,85.0,95.0,79.0,
481,Sorboul,Vanillish,583,/images/f/f9/Sorboul-NB.png,/images/f/ff/Cri_0583_HOME.ogg,Glace,,"1,1","41,0",Corps Gel,Rideau Neige,Armurouillée,50 % femelle; 50 % mâle,120.0,20.0,Minéral,,+2 Att. Spé,138 exp.,1 250 000 exp.,51.0,65.0,65.0,65.0,75.0,59.0,
482,Sorbébé,Vanillite,582,/images/5/50/Sorb%C3%A9b%C3%A9-NB.png,/images/8/84/Cri_0582_HOME.ogg,Glace,,"0,4","5,7",Corps Gel,Rideau Neige,Armurouillée,50 % femelle; 50 % mâle,255.0,20.0,Minéral,,+1 Att. Spé,61 exp.,1 250 000 exp.,36.0,50.0,50.0,50.0,60.0,44.0,
483,Lakmécygne,Swanna,581,/images/8/86/Lakm%C3%A9cygne-NB.png,/images/0/0e/Cri_0581_HOME.ogg,Eau,Vol,"1,3","24,2",Regard Vif,Cœur de Coq,Hydratation,50 % femelle; 50 % mâle,45.0,20.0,Aquatique 1,Aérien,+2 Vit.,166 exp.,1 000 000 exp.,75.0,87.0,63.0,63.0,63.0,98.0,
484,Couaneton,Ducklett,580,/images/6/61/Couaneton-NB.png,/images/1/17/Cri_0580_HOME.ogg,Eau,Vol,"0,5","5,5",Regard Vif,Cœur de Coq,Hydratation,50 % femelle; 50 % mâle,190.0,20.0,Aquatique 1,Aérien,+1 PV,61 exp.,1 000 000 exp.,62.0,44.0,50.0,50.0,50.0,55.0,
485,Symbios‎,Reuniclus,579,/images/0/07/Symbios-NB.png,/images/c/c1/Cri_0579_HOME.ogg,Psy,,"1,0","20,1",Envelocape,Garde Magik,Régé-Force,50 % femelle; 50 % mâle,50.0,20.0,Amorphe,,+3 Att. Spé,221 exp.,1 059 860 exp.,110.0,65.0,75.0,75.0,85.0,30.0,
486,Méios,Duosion,578,/images/1/1c/M%C3%A9ios-NB.png,/images/f/ff/Cri_0578_HOME.ogg,Psy,,"0,6","8,0",Envelocape,Garde Magik,Régé-Force,50 % femelle; 50 % mâle,100.0,20.0,Amorphe,,+2 Att. Spé,130 exp.,1 059 860 exp.,65.0,40.0,50.0,50.0,60.0,30.0,
487,Nucléos,Solosis,577,/images/e/e2/Nucl%C3%A9os-NB.png,/images/e/e3/Cri_0577_HOME.ogg,Psy,,"0,3","1,0",Envelocape,Garde Magik,Régé-Force,50 % femelle; 50 % mâle,200.0,20.0,Amorphe,,+1 Att. Spé,58 exp.,1 059 860 exp.,45.0,30.0,40.0,40.0,50.0,20.0,
488,Sidérella,Gothitelle,576,/images/5/52/Sid%C3%A9rella-NB.png,/images/0/0f/Cri_0576_HOME.ogg,Psy,,"1,5","44,0",Fouille,Battant,Marque Ombre,75 % femelle; 25 % mâle,50.0,20.0,Humanoïde,,+3 Déf. Spé.,221 exp.,1 059 860 exp.,70.0,55.0,95.0,95.0,110.0,65.0,
489,Mesmérella,Gothorita,575,/images/e/eb/Mesm%C3%A9rella-NB.png,/images/2/2c/Cri_0575_HOME.ogg,Psy,,"0,7","18,0",Fouille,Battant,Marque Ombre,75 % femelle; 25 % mâle,100.0,20.0,Humanoïde,,+2 Déf. Spé,137 exp.,1 059 860 exp.,60.0,45.0,70.0,70.0,85.0,55.0,
490,Scrutella,Gothita,574,/images/f/f8/Scrutella-NB.png,/images/3/3b/Cri_0574_HOME.ogg,Psy,,"0,4","5,8",Fouille,Battant,Marque Ombre,75 % femelle; 25 % mâle,200.0,20.0,Humanoïde,,+1 Déf. Spé,58 exp.,1 059 860 exp.,45.0,30.0,50.0,50.0,55.0,45.0,
491,Pashmilla,Cinccino,573,/images/6/69/Pashmilla-NB.png,/images/c/c9/Cri_0573_HOME.ogg,Normal,,"0,5","7,5",Joli Sourire,Technicien,Multi-Coups,75 % femelle; 25 % mâle,60.0,15.0,Terrestre,,+2 Vit.,165 exp.,800 000 exp.,75.0,95.0,60.0,60.0,60.0,115.0,
492,Chinchidou,Minccino,572,/images/0/07/Chinchidou-NB.png,/images/8/84/Cri_0572_HOME.ogg,Normal,,"0,4","5,8",Joli Sourire,Technicien,Multi-Coups,75 % femelle; 25 % mâle,255.0,15.0,Terrestre,,+1 Vit.,60 exp.,800 000 exp.,55.0,50.0,40.0,40.0,40.0,75.0,
493,Zoroark de Hisui,Hisuian Zoroark,571,/images/8/8f/Zoroark_de_Hisui-LPA.png,/images/b/be/Cri_0571_HOME.ogg,Normal,Spectre,"1,6","73,0",Illusion,,,12.5 % femelle; 87.5 % mâle,45.0,20.0,Terrestre,,+2 Vit.,179 exp.,1 059 860 exp.,55.0,100.0,60.0,60.0,60.0,110.0,
494,Zoroark,Zoroark,571,/images/4/41/Zoroark-NB.png,/images/b/be/Cri_0571_HOME.ogg,Ténèbres,,"1,6","81,1",Illusion,,,12.5 % femelle; 87.5 % mâle,45.0,20.0,Terrestre,,+2 Att. Spé,179 exp.,1 059 860 exp.,60.0,105.0,60.0,60.0,60.0,105.0,
495,Zorua de Hisui,Hisuian Zorua,570,/images/8/85/Zorua_de_Hisui-LPA.png,/images/c/cc/Cri_0570_HOME.ogg,Normal,Spectre,"0,7","12,5",Illusion,,,12.5 % femelle; 87.5 % mâle,75.0,25.0,Terrestre,,+1 Att. Spé.,66 exp.,1 059 860 exp.,35.0,60.0,40.0,40.0,40.0,70.0,
496,Zorua,Zorua,570,/images/d/da/Zorua-NB.png,/images/c/cc/Cri_0570_HOME.ogg,Ténèbres,,"0,7","12,5",Illusion,,,12.5 % femelle; 87.5 % mâle,75.0,25.0,Terrestre,,+1 Att. Spé,66 exp.,1 059 860 exp.,40.0,65.0,40.0,40.0,40.0,65.0,
497,Miasmax Gigamax,Gigantamax Garbodor,569,/images/4/49/Miasmax_%28Gigamax%29-EB.png,/images/c/ce/Cri_0569_Gigamax_HOME.ogg,Poison,,"21,0","???,?",Puanteur,Armurouillée,Boom Final,50 % femelle; 50 % mâle,,,,,,,,,,,,,,
498,Miasmax,Garbodor,569,/images/c/cb/Miasmax-NB.png,/images/c/c4/Cri_0569_HOME.ogg,Poison,,"1,9","107,3",Puanteur,Armurouillée,Boom Final,50 % femelle; 50 % mâle,60.0,20.0,Minéral,,+2 Att.,166 exp.,1 000 000 exp.,80.0,95.0,82.0,82.0,82.0,75.0,
499,Miamiasme,Trubbish,568,/images/2/2a/Miamiasme-NB.png,/images/8/8d/Cri_0568_HOME.ogg,Poison,,"0,6","31,0",Puanteur,Glu,Boom Final,50 % femelle; 50 % mâle,190.0,20.0,Minéral,,+1 Vit.,66 exp.,1 000 000 exp.,50.0,50.0,62.0,62.0,62.0,65.0,
500,Aéroptéryx,Archeops,567,/images/e/e3/A%C3%A9ropt%C3%A9ryx-NB.png,/images/9/96/Cri_0567_HOME.ogg,Roche,Vol,"1,4","32,0",Défaitiste,,,12.5 % femelle; 87.5 % mâle,45.0,30.0,Aérien,Aquatique 3,+2 Att.,177 exp.,1 000 000 exp.,75.0,140.0,65.0,65.0,65.0,110.0,
501,Arkéapti,Archen,566,/images/a/a6/Ark%C3%A9apti-NB.png,/images/0/04/Cri_0566_HOME.ogg,Roche,Vol,"0,5","9,5",Défaitiste,,,12.5 % femelle; 87.5 % mâle,45.0,30.0,Aérien,Aquatique 3,+1 Att.,71 exp.,1 000 000 exp.,55.0,112.0,45.0,45.0,45.0,70.0,
502,Mégapagos,Carracosta,565,/images/9/91/M%C3%A9gapagos-NB.png,/images/6/68/Cri_0565_HOME.ogg,Eau,Roche,"1,2","81,0",Solide Roc,Fermeté,Glissade,12.5 % femelle; 87.5 % mâle,45.0,30.0,Aquatique 1,Aquatique 3,+2 Déf.,173 exp.,1 000 000 exp.,74.0,108.0,133.0,133.0,65.0,32.0,
503,Carapagos,Tirtouga,564,/images/c/c2/Carapagos-NB.png,/images/9/96/Cri_0564_HOME.ogg,Eau,Roche,"0,7","16,5",Solide Roc,Fermeté,Glissade,12.5 % femelle; 87.5 % mâle,45.0,30.0,Aquatique 1,Aquatique 3,+1 Déf.,71 exp.,1 000 000 exp.,54.0,78.0,103.0,103.0,45.0,22.0,
504,Tutankafer,Cofagrigus,563,/images/9/93/Tutankafer-NB.png,/images/5/5a/Cri_0563_HOME.ogg,Spectre,,"1,7","76,5",Momie,,,50 % femelle; 50 % mâle,90.0,25.0,Minéral,Amorphe,+2 Déf.,169 exp.,1 000 000 exp.,58.0,50.0,145.0,145.0,105.0,30.0,
505,Tutafeh de Galar,Galarian Yamask,562,/images/3/3f/Tutafeh_de_Galar-EB.png,/images/d/d9/Cri_0562_HOME.ogg,Sol,Spectre,"0,5","1,5",Âme Vagabonde,,,50 % femelle; 50 % mâle,190.0,25.0,Minéral,Amorphe,+1 Déf.,61 exp.,1 000 000 exp.,38.0,55.0,85.0,85.0,65.0,30.0,
506,Tutafeh,Yamask,562,/images/5/50/Tutafeh-NB.png,/images/d/d9/Cri_0562_HOME.ogg,Spectre,,"0,5","1,5",Momie,,,50 % femelle; 50 % mâle,190.0,25.0,Minéral,Amorphe,+1 Déf.,61 exp.,1 000 000 exp.,38.0,30.0,85.0,85.0,65.0,30.0,
507,Cryptéro,Sigilyph,561,/images/5/57/Crypt%C3%A9ro-NB.png,/images/2/28/Cri_0561_HOME.ogg,Psy,Vol,"1,4","14,0",Peau Miracle,Garde Magik,Lentiteintée,50 % femelle; 50 % mâle,45.0,20.0,Aérien,,+2 Att. Spé,172 exp.,1 000 000 exp.,72.0,58.0,80.0,80.0,80.0,97.0,
508,Baggaïd,Scrafty,560,/images/4/42/Bagga%C3%AFd-NB.png,/images/c/c6/Cri_0560_HOME.ogg,Ténèbres,Combat,"1,1","30,0",Mue,Impudence,Intimidation,50 % femelle; 50 % mâle,90.0,15.0,Terrestre,Draconique,+1 Déf. ; +1 Déf. Spé,171 exp.,1 000 000 exp.,65.0,90.0,115.0,115.0,115.0,58.0,
509,Baggiguane,Scraggy,559,/images/7/72/Baggiguane-NB.png,/images/a/a6/Cri_0559_HOME.ogg,Ténèbres,Combat,"0,6","11,8",Mue,Impudence,Intimidation,50 % femelle; 50 % mâle,180.0,15.0,Draconique,Terrestre,+1 Att.,70 exp.,1 000 000 exp.,50.0,75.0,70.0,70.0,70.0,48.0,
510,Crabicoque,Dwebble,557,/images/c/c4/Crabicoque-NB.png,/images/1/17/Cri_0557_HOME.ogg,Insecte,Roche,"0,3","14,5",Fermeté,Coque Armure,Armurouillée,50 % femelle; 50 % mâle,190.0,20.0,Insectoïde,Minéral,+1 Déf.,65 exp.,1 000 000 exp.,50.0,65.0,85.0,85.0,35.0,55.0,
511,Maracachi,Maractus,556,/images/9/93/Maracachi-NB.png,/images/4/48/Cri_0556_HOME.ogg,Plante,,"1,0","28,0",Absorbe-Eau,Chlorophylle,Lavabo,50 % femelle; 50 % mâle,255.0,20.0,Végétal,,+2 Att. Spé,161 exp.,1 000 000 exp.,75.0,86.0,67.0,67.0,67.0,60.0,
512,Darumacho de Galar,Galarian Darmanitan,555,/images/d/da/Darumacho_de_Galar-EB.png,/images/3/3c/Cri_0555_HOME.ogg,Quadrupède,,"1,7","120,0",Entêtement,,Mode Transe,50 % femelle; 50 % mâle,60.0,20.0,Terrestre,,,168 exp.,1 059 860 exp.,105.0,140.0,55.0,55.0,55.0,95.0,
513,Darumacho,Darmanitan,555,/images/1/11/Darumacho-NB.png,/images/3/3c/Cri_0555_HOME.ogg,Quadrupède,,"1,3","92,9",Sans Limite,,Mode Transe,50 % femelle; 50 % mâle,60.0,20.0,Terrestre,,+2 Att,168 exp.,1 059 860 exp.,105.0,140.0,55.0,55.0,55.0,95.0,
514,Darumarond de Galar,Galarian Darumaka,554,/images/1/12/Darumarond_de_Galar-EB.png,/images/d/d8/Cri_0554_HOME.ogg,Glace,,"0,7","40,0",Agitation,,Attention,50 % femelle; 50 % mâle,120.0,20.0,Terrestre,,+1 Att.,63 exp.,1 059 860 exp.,70.0,90.0,45.0,45.0,45.0,50.0,
515,Darumarond,Darumaka,554,/images/0/04/Darumarond-NB.png,/images/d/d8/Cri_0554_HOME.ogg,Feu,,"0,6","37,5",Agitation,,Attention ,50 % femelle; 50 % mâle,120.0,20.0,Terrestre,,+1 Att.,63 exp.,1 059 860 exp.,70.0,90.0,45.0,45.0,45.0,50.0,
516,Crocorible,Krookodile,553,/images/a/a4/Crocorible-NB.png,/images/7/7d/Cri_0553_HOME.ogg,Sol,Ténèbres,"1,5","96,3",Intimidation,Impudence,Colérique,50 % femelle; 50 % mâle,45.0,20.0,Terrestre,,+3 Att.,229 exp.,1 059 860 exp.,95.0,117.0,80.0,80.0,70.0,92.0,
517,Escroco,Krokorok,552,/images/0/0e/Escroco-NB.png,/images/1/1b/Cri_0552_HOME.ogg,Sol,Ténèbres,"1,0","33,4",Intimidation,Impudence,Colérique,50 % femelle; 50 % mâle,90.0,20.0,Terrestre,,+2 Att.,123 exp.,1 059 860 exp.,60.0,82.0,45.0,45.0,45.0,74.0,
518,Mascaïman,Sandile,551,/images/b/be/Masca%C3%AFman-NB.png,/images/8/8b/Cri_0551_HOME.ogg,Sol,Ténèbres,"0,7","15,2",Intimidation,Impudence,Colérique,50 % femelle; 50 % mâle,180.0,20.0,Terrestre,,+1 Att.,58 exp.,1 059 860 exp.,50.0,72.0,35.0,35.0,35.0,65.0,
519,Bargantua (Motif Blanc),Basculin (White-Striped),550,/images/f/fa/Bargantua_%28Motif_Blanc%29-LPA.png,/images/e/e6/Cri_0550_HOME.ogg,Eau,,"1,0","18,0",Phobique,Adaptabilité,Brise Moule,50 % femelle; 50 % mâle,25.0,40.0,Aquatique 2,,+2 Vit.,161 exp.,1 000 000 exp.,,92.0,65.0,65.0,55.0,98.0,
520,Fragilady de Hisui,Hisuian Lilligant,549,/images/4/4d/Fragilady_de_Hisui-LPA.png,/images/0/0f/Cri_0549_HOME.ogg,Plante,Combat,"1,2","19,2",Chlorophylle,Agitation,Feuille Garde,100 % femelle; 0 % mâle,75.0,20.0,Végétal,,+1 Att ; +1 Vit.,168 exp.,1 000 000 exp.,70.0,105.0,75.0,75.0,75.0,105.0,
521,Fragilady,Lilligant,549,/images/3/32/Fragilady-NB.png,/images/0/0f/Cri_0549_HOME.ogg,Plante,,"1,1","16,3",Chlorophylle,Tempo Perso,Feuille Garde,100 % femelle; 0 % mâle,75.0,20.0,Végétal,,+2 Att. Spé,168 exp.,1 000 000 exp.,70.0,60.0,75.0,75.0,75.0,90.0,
522,Chlorobule,Petilil,548,/images/c/c6/Chlorobule-NB.png,/images/a/a2/Cri_0548_HOME.ogg,Plante,,"0,5","6,6",Chlorophylle,Tempo Perso,Feuille Garde,100 % femelle; 0 % mâle,190.0,20.0,Végétal,,+1 Att. Spé,56 exp.,1 000 000 exp.,45.0,35.0,50.0,50.0,50.0,30.0,
523,Farfaduvet,Whimsicott,547,/images/f/f1/Farfaduvet-NB.png,/images/f/fe/Cri_0547_HOME.ogg,Plante,Fée,"0,7","6,6",Farceur,Infiltration,Chlorophylle,50 % femelle; 50 % mâle,75.0,20.0,Végétal,Féerique,+2 Vit.,168 exp.,1 000 000 exp.,60.0,67.0,85.0,85.0,75.0,116.0,
524,Doudouvet,Cottonee,546,/images/8/8b/Doudouvet-NB.png,/images/7/75/Cri_0546_HOME.ogg,Plante,Fée,"0,3","0,6",Farceur,Infiltration,Chlorophylle,50 % femelle; 50 % mâle,190.0,20.0,Végétal,Féerique,+1 Vit.,56 exp.,1 000 000 exp.,40.0,27.0,60.0,60.0,50.0,66.0,
525,Brutapode,Scolipede,545,/images/f/f1/Brutapode-NB.png,/images/5/56/Cri_0545_HOME.ogg,Insecte,Poison,"2,5","200,5",Point Poison,Essaim,Pied Véloce (gen 5) / Turbo (gen 6:),50 % femelle; 50 % mâle,45.0,20.0,Insectoïde,,+3 Vit.,214 exp.,1 059 860 exp.,60.0,100.0,89.0,89.0,69.0,112.0,
526,Scobolide,Whirlipede,544,/images/0/0f/Scobolide-NB.png,/images/2/26/Cri_0544_HOME.ogg,Insecte,Poison,"1,2","58,5",Point Poison,Essaim,Turbo,50 % femelle; 50 % mâle,120.0,15.0,Insectoïde,,+2 Déf.,126 exp.,1 059 860 exp.,40.0,55.0,99.0,99.0,79.0,47.0,
527,Venipatte,Venipede,543,/images/1/13/Venipatte-NB.png,/images/f/f0/Cri_0543_HOME.ogg,Insecte,Poison,"0,4","5,3",Point Poison,Essaim,Turbo,50 % femelle; 50 % mâle,255.0,15.0,Insectoïde,,+1 Déf.,52 exp.,1 059 860 exp.,30.0,45.0,59.0,59.0,39.0,57.0,
528,Manternel,Leavanny,542,/images/d/d9/Manternel-NB.png,/images/5/54/Cri_0542_HOME.ogg,Insecte,Plante,"1,2","20,5",Essaim,Chlorophylle,Envelocape,50 % femelle; 50 % mâle,45.0,15.0,Insectoïde,,+3 Att.,221 exp.,1 059 860 exp.,75.0,103.0,80.0,80.0,80.0,92.0,
529,Couverdure,Swadloon,541,/images/3/30/Couverdure-NB.png,/images/d/d3/Cri_0541_HOME.ogg,Insecte,Plante,"0,5","7,3",Feuille Garde,Chlorophylle,Envelocape,50 % femelle; 50 % mâle,120.0,15.0,Insectoïde,,+2 Déf.,133 exp.,1 059 860 exp.,55.0,63.0,90.0,90.0,80.0,42.0,
530,Larveyette,Sewaddle,540,/images/1/1f/Larveyette-NB.png,/images/0/01/Cri_0540_HOME.ogg,Insecte,Plante,"0,3","2,5",Essaim,Chlorophylle,Envelocape,50 % femelle; 50 % mâle,255.0,15.0,Insectoïde,,+1 Déf.,62 exp.,1 059 860 exp.,45.0,53.0,70.0,70.0,60.0,42.0,
531,Karaclée,Sawk,539,/images/f/f8/Karacl%C3%A9e-NB.png,/images/3/3c/Cri_0539_HOME.ogg,Combat,,"1,4","51,0",Fermeté,Attention,Brise Moule,0 % femelle; 100 % mâle,45.0,20.0,Humanoïde,,+2 Att.,163 exp.,1 000 000 exp.,75.0,125.0,75.0,75.0,75.0,85.0,
532,Judokrak,Throh,538,/images/c/c0/Judokrak-NB.png,/images/1/1b/Cri_0538_HOME.ogg,Combat,,"1,3","55,5",Cran,Attention,Brise Moule,0 % femelle; 100 % mâle,45.0,20.0,Humanoïde,,+2 PV,163 exp.,1 000 000 exp.,120.0,100.0,85.0,85.0,85.0,45.0,
533,Crapustule,Seismitoad,537,/images/8/8f/Crapustule-NB.png,/images/f/fd/Cri_0537_HOME.ogg,Eau,Sol,"1,5","62,0",Glissade,Toxitouche,Absorbe-Eau,50 % femelle; 50 % mâle,45.0,20.0,Aquatique 1,,+3 PV,225 exp.,1 059 860 exp.,105.0,95.0,75.0,75.0,75.0,74.0,
534,Batracné,Palpitoad,536,/images/f/f7/Batracn%C3%A9-NB.png,/images/d/dc/Cri_0536_HOME.ogg,Eau,Sol,"0,8","17,0",Glissade,Hydratation,Absorbe-Eau,50 % femelle; 50 % mâle,120.0,20.0,Aquatique 1,,+2 PV,134 exp.,1 059 860 exp.,75.0,65.0,55.0,55.0,55.0,69.0,
535,Tritonde,Tympole,535,/images/5/5a/Tritonde-NB.png,/images/6/60/Cri_0535_HOME.ogg,Eau,,"0,5","4,5",Glissade,Hydratation,Absorbe-Eau,50 % femelle; 50 % mâle,255.0,20.0,Aquatique 1,,+1 Vit.,59 exp.,1 059 860 exp.,50.0,50.0,40.0,40.0,40.0,64.0,
536,Bétochef,Conkeldurr,534,/images/4/4d/B%C3%A9tochef-NB.png,/images/6/6c/Cri_0534_HOME.ogg,Combat,,"1,4","87,0",Cran,Sans Limite,Poing de Fer,25 % femelle; 75 % mâle,45.0,20.0,Humanoïde,,+3 Att.,227 exp.,1 059 860 exp.,105.0,140.0,95.0,95.0,65.0,45.0,
537,Ouvrifier,Gurdurr,533,/images/e/e6/Ouvrifier-NB.png,/images/b/b2/Cri_0533_HOME.ogg,Combat,,"1,2","40,0",Cran,Sans Limite,Poing de Fer,25 % femelle; 75 % mâle,90.0,20.0,Humanoïde,,+2 Att.,142 exp.,1 059 860 exp.,85.0,105.0,85.0,85.0,50.0,40.0,
538,Charpenti,Timburr,532,/images/c/c0/Charpenti-NB.png,/images/9/93/Cri_0532_HOME.ogg,Combat,,"0,6","12,5",Cran,Sans Limite,Poing de Fer,25 % femelle; 75 % mâle,190.0,20.0,Humanoïde,,+1 Att.,61 exp.,1 059 860 exp.,75.0,80.0,55.0,55.0,35.0,35.0,
539,Méga-Nanméouïe,Mega Audino,531,/images/c/c2/M%C3%A9ga-Nanm%C3%A9ou%C3%AFe-ROSA.png,/images/7/74/Cri_0531_M%C3%A9ga_HOME.ogg,Normal,Fée,"1,5","32,0",Cœur Soin,,,50 % femelle; 50 % mâle,,,,,,,,103.0,60.0,126.0,126.0,126.0,50.0,
540,Nanméouïe,Audino,531,/images/4/4c/Nanm%C3%A9ou%C3%AFe-NB.png,/images/e/e6/Cri_0531_HOME.ogg,Normal,,"1,1","31,0",Cœur Soin,Régé-Force,Maladresse,50 % femelle; 50 % mâle,255.0,20.0,Féerique,,+2 PV,390 exp.,800 000 exp.,103.0,60.0,86.0,86.0,86.0,50.0,
541,Minotaupe,Excadrill,530,/images/2/26/Minotaupe-NB.png,/images/c/c4/Cri_0530_HOME.ogg,Sol,Acier,"0,7","40,4",Baigne Sable,Force Sable,Brise Moule,50 % femelle; 50 % mâle,60.0,20.0,Terrestre,,+2 Att.,178 exp.,1 000 000 exp.,110.0,135.0,60.0,60.0,65.0,88.0,
542,Rototaupe,Drilbur,529,/images/a/a9/Rototaupe-NB.png,/images/a/ad/Cri_0529_HOME.ogg,Sol,,"0,3","8,5",Baigne Sable,Force Sable,Brise Moule,50 % femelle; 50 % mâle,120.0,20.0,Terrestre,,+1 Att.,66 exp.,1 000 000 exp.,60.0,85.0,40.0,40.0,45.0,68.0,
543,Rhinolove,Swoobat,528,/images/9/94/Rhinolove-NB.png,/images/3/3c/Cri_0528_HOME.ogg,Psy,Vol,"0,9","10,5",Inconscient,Maladresse,Simple,50 % femelle; 50 % mâle,45.0,15.0,Terrestre,Aérien,+2 Vit.,149 exp.,1 000 000 exp.,67.0,57.0,55.0,55.0,55.0,114.0,
544,Chovsourir,Woobat,527,/images/b/ba/Chovsourir-NB.png,/images/8/89/Cri_0527_HOME.ogg,Psy,Vol,"0,4","2,1",Inconscient,Maladresse,Simple,50 % femelle; 50 % mâle,190.0,15.0,Terrestre,Aérien,+1 Vit.,63 exp.,1 000 000 exp.,65.0,45.0,43.0,43.0,43.0,72.0,
545,Gigalithe,Gigalith,526,/images/b/ba/Gigalithe-NB.png,/images/9/9d/Cri_0526_HOME.ogg,Roche,,"1,7","260,0",Fermeté,Sable Volant,Force Sable,50 % femelle; 50 % mâle,45.0,15.0,Minéral,,+3 Att.,227 exp.,1 059 860 exp.,85.0,135.0,130.0,130.0,80.0,25.0,
546,Géolithe,Boldore,525,/images/9/99/G%C3%A9olithe-NB.png,/images/2/29/Cri_0525_HOME.ogg,Roche,,"0,9","102,0",Fermeté,Armurouillée,Force Sable,50 % femelle; 50 % mâle,120.0,15.0,Minéral,,+1 Att. ; +1 Déf.,137 exp.,1 059 860 exp.,70.0,105.0,105.0,105.0,40.0,20.0,
547,Nodulithe,Roggenrola,524,/images/2/2d/Nodulithe-NB.png,/images/7/7e/Cri_0524_HOME.ogg,Roche,,"0,4","18,0",Fermeté,Armurouillée (gen :7),Force Sable,50 % femelle; 50 % mâle,255.0,15.0,Minéral,,+1 Déf.,56 exp.,1 059 860 exp.,55.0,75.0,85.0,85.0,25.0,15.0,
548,Zéblitz,Zebstrika,523,/images/f/f5/Z%C3%A9blitz-NB.png,/images/f/f7/Cri_0523_HOME.ogg,Électrik,,"1,6","79,5",Paratonnerre,Motorisé,Herbivore,50 % femelle; 50 % mâle,75.0,20.0,Terrestre,,+2 Vit.,174 exp.,1 000 000 exp.,75.0,100.0,63.0,63.0,63.0,116.0,
549,Zébibron,Blitzle,522,/images/1/1b/Z%C3%A9bibron-NB.png,/images/4/4e/Cri_0522_HOME.ogg,Électrik,,"0,8","29,8",Paratonnerre,Motorisé,Herbivore,50 % femelle; 50 % mâle,190.0,20.0,Terrestre,,+1 Vit.,59 exp.,1 000 000 exp.,45.0,60.0,32.0,32.0,32.0,76.0,
550,Déflaisan,Unfezant,521,/images/6/6c/D%C3%A9flaisan_%28Femelle%29-NB.png,/images/b/b6/Cri_0521_HOME.ogg,Normal,Vol,"1,2","29,0",Cœur de Coq,Chanceux,Rivalité,50 % femelle; 50 % mâle,45.0,15.0,Aérien,,+3 Att.,215 exp.,1 059 860 exp.,80.0,115.0,80.0,80.0,55.0,93.0,
551,Colombeau,Tranquill,520,/images/6/6c/Colombeau-NB.png,/images/c/ca/Cri_0520_HOME.ogg,Normal,Vol,"0,6","15,0",Cœur de Coq ,Chanceux,Rivalité,50 % femelle; 50 % mâle,120.0,15.0,Aérien,,+2 Att.,125 exp.,1 059 860 exp.,62.0,77.0,62.0,62.0,42.0,65.0,
552,Poichigeon,Pidove,519,/images/4/40/Poichigeon-NB.png,/images/1/1b/Cri_0519_HOME.ogg,Normal,Vol,"0,3","2,1",Cœur de Coq,Chanceux,Rivalité,50 % femelle; 50 % mâle,255.0,15.0,Aérien,,+1 Att.,53 exp.,1 059 860 exp.,50.0,55.0,50.0,50.0,30.0,43.0,
553,Mushana,Musharna,518,/images/a/a1/Mushana-NB.png,/images/1/17/Cri_0518_HOME.ogg,Psy,,"1,1","60,5",Prédiction,Synchro,Télépathe,50 % femelle; 50 % mâle,75.0,10.0,Terrestre,,+2 PV,170 exp.,800 000 exp.,116.0,55.0,85.0,85.0,95.0,29.0,
554,Munna,Munna,517,/images/8/8c/Munna-NB.png,/images/a/a9/Cri_0517_HOME.ogg,Psy,,"0,6","23,3",Prédiction,Synchro,Télépathe,50 % femelle; 50 % mâle,190.0,10.0,Terrestre,,+1 PV,58 exp.,800 000 exp.,76.0,25.0,45.0,45.0,55.0,24.0,
555,Flotoutan,Simipour,516,/images/b/bc/Flotoutan-NB.png,/images/3/38/Cri_0516_HOME.ogg,Eau,,"1,0","29,0",Gloutonnerie,,Torrent,12.5 % femelle; 87.5 % mâle,75.0,20.0,Terrestre,,+2 Vit.,174 exp.,1 000 000 exp.,75.0,98.0,63.0,63.0,63.0,101.0,
556,Flotajou,Panpour,515,/images/1/11/Flotajou-NB.png,/images/3/34/Cri_0515_HOME.ogg,Eau,,"0,6","13,5",Gloutonnerie,,Torrent,12.5 % femelle; 87.5 % mâle,190.0,20.0,Terrestre,,+1 Vit.,63 exp.,1 000 000 exp.,50.0,53.0,48.0,48.0,48.0,64.0,
557,Flamoutan,Simisear,514,/images/7/7b/Flamoutan-NB.png,/images/7/71/Cri_0514_HOME.ogg,Feu,,"1,0","28,0",Gloutonnerie,,Brasier,12.5 % femelle; 87.5 % mâle,75.0,20.0,Terrestre,,+2 Vit.,174 exp.,1 000 000 exp.,75.0,98.0,63.0,63.0,63.0,101.0,
558,Flamajou,Pansear,513,/images/6/68/Flamajou-NB.png,/images/5/5e/Cri_0513_HOME.ogg,Feu,,"0,5","11,0",Gloutonnerie,,Brasier,12.5 % femelle; 87.5 % mâle,190.0,20.0,Terrestre,,+1 Vit.,63 exp.,1 000 000 exp.,50.0,53.0,48.0,48.0,48.0,64.0,
559,Feuiloutan,Simisage,512,/images/6/62/Feuiloutan-NB.png,/images/c/c8/Cri_0512_HOME.ogg,Plante,,"1,1","30,5",Gloutonnerie,,Engrais,12.5 % femelle; 87.5 % mâle,75.0,20.0,Terrestre,,+2 Vit.,174 exp.,1 000 000 exp.,75.0,98.0,63.0,63.0,63.0,101.0,
560,Feuillajou,Pansage,511,/images/a/aa/Feuillajou-NB.png,/images/7/76/Cri_0511_HOME.ogg,Plante,,"0,6","10,5",Gloutonnerie,,Engrais,12.5 % femelle; 87.5 % mâle,190.0,20.0,Terrestre,,+1 Vit.,63 exp.,1 000 000 exp.,50.0,53.0,48.0,48.0,48.0,64.0,
561,Léopardus,Liepard,510,/images/7/7f/L%C3%A9opardus-NB.png,/images/2/24/Cri_0510_HOME.ogg,Ténèbres,,"1,1","37,5",Échauffement,Délestage,Farceur,50 % femelle; 50 % mâle,90.0,20.0,Terrestre,,+2 Vit.,156 exp.,1 000 000 exp.,64.0,88.0,50.0,50.0,50.0,106.0,
562,Chacripan,Purrloin,509,/images/5/59/Chacripan-NB.png,/images/d/de/Cri_0509_HOME.ogg,Ténèbres,,"0,4","10,1",Échauffement,Délestage,Farceur,50 % femelle; 50 % mâle,255.0,20.0,Terrestre,,+1 Vit.,56 exp.,1 000 000 exp.,41.0,50.0,37.0,37.0,37.0,66.0,
563,Mastouffe,Stoutland,508,/images/9/90/Mastouffe-NB.png,/images/7/75/Cri_0508_HOME.ogg,Normal,,"1,2","61,0",Intimidation,Baigne Sable,Querelleur,50 % femelle; 50 % mâle,45.0,15.0,Terrestre,,+3 Att.,221 exp.,1 059 860 exp.,85.0,110.0,90.0,90.0,90.0,80.0,
564,Ponchien,Herdier,507,/images/9/99/Ponchien-NB.png,/images/7/7e/Cri_0507_HOME.ogg,Normal,,"0,9","14,7",Intimidation,Baigne Sable,Querelleur,50 % femelle; 50 % mâle,120.0,15.0,Terrestre,,+2 Att.,130 exp.,1 059 860 exp.,65.0,80.0,65.0,65.0,65.0,60.0,
565,Ponchiot,Lillipup,506,/images/8/8b/Ponchiot-NB.png,/images/d/da/Cri_0506_HOME.ogg,Normal,,"0,4","4,1",Esprit Vital,Ramassage,Fuite,50 % femelle; 50 % mâle,255.0,15.0,Terrestre,,+1 Att.,55 exp.,1 059 860 exp.,45.0,60.0,45.0,45.0,45.0,55.0,
566,Miradar,Watchog,505,/images/8/82/Miradar-NB.png,/images/5/56/Cri_0505_HOME.ogg,Normal,,"1,1","27,0",Lumiattirance,Regard Vif,Analyste,50 % femelle; 50 % mâle,255.0,20.0,Terrestre,,+1 Att.,147 exp.,1 000 000 exp.,60.0,85.0,69.0,69.0,69.0,77.0,
567,Ratentif,Patrat,504,/images/1/10/Ratentif-NB.png,/images/a/ac/Cri_0504_HOME.ogg,Normal,,"0,5","11,6",Fuite,Regard Vif,Analyste,50 % femelle; 50 % mâle,255.0,15.0,Terrestre,,+1 Att.,51 exp.,1 000 000 exp.,45.0,55.0,39.0,39.0,39.0,42.0,
568,Clamiral de Hisui,Hisuian Samurott,503,/images/2/22/Clamiral_de_Hisui-LPA.png,/images/2/29/Cri_0503_HOME.ogg,Eau,Ténèbres,"1,5","58,2",Torrent,,Incisif,12.5 % femelle; 87.5 % mâle,45.0,20.0,Terrestre,,+3 Att.,238 exp.,1 059 860 exp.,90.0,108.0,80.0,80.0,65.0,85.0,
569,Clamiral,Samurott,503,/images/6/64/Clamiral-NB.png,/images/2/29/Cri_0503_HOME.ogg,Eau,,"1,5","94,6",Torrent,,Coque Armure,12.5 % femelle; 87.5 % mâle,45.0,20.0,Terrestre,,+3 Att. Spé.,238 exp.,1 059 860 exp.,95.0,100.0,85.0,85.0,70.0,70.0,
570,Mateloutre,Dewott,502,/images/8/82/Mateloutre-NB.png,/images/3/3f/Cri_0502_HOME.ogg,Eau,,"0,8","24,5",Torrent,,Coque Armure,12.5 % femelle; 87.5 % mâle,45.0,20.0,Terrestre,,+2 Att. Spé.,145 exp.,1 059 860 exp.,75.0,75.0,60.0,60.0,60.0,60.0,
571,Moustillon,Oshawott,501,/images/b/b4/Moustillon-LPA.png,/images/6/6e/Cri_0501_HOME.ogg,Eau,,"0,5","5,9",Torrent,,Coque Armure,12.5 % femelle; 87.5 % mâle,45.0,20.0,Terrestre,,+1 Att. Spé.,28 exp.,1 059 860 exp.,55.0,55.0,45.0,45.0,45.0,45.0,
572,Roitiflam,Emboar,500,/images/c/c7/Roitiflam-NB.png,/images/7/76/Cri_0500_HOME.ogg,Feu,Combat,"1,6","150,0",Brasier,,Téméraire,12.5 % femelle; 87.5 % mâle,45.0,20.0,Terrestre,,+3 Att.,238 exp.,1 059 860 exp.,110.0,123.0,65.0,65.0,65.0,65.0,
573,Grotichon,Pignite,499,/images/6/69/Grotichon-NB.png,/images/1/1e/Cri_0499_HOME.ogg,Feu,Combat,"1,0","55,5",Brasier,,Isograisse,12.5 % femelle; 87.5 % mâle,45.0,20.0,Terrestre,,+2 Att.,146 exp.,1 059 860 exp.,90.0,93.0,55.0,55.0,55.0,55.0,
574,Gruikui,Tepig,498,/images/f/f1/Gruikui-N2B2.png,/images/5/5e/Cri_0498_HOME.ogg,Feu,,"0,5","9,9",Brasier,,Isograisse,12.5 % femelle; 87.5 % mâle,45.0,20.0,Terrestre,,+1 PV,28 exp.,1 059 860 exp.,65.0,63.0,45.0,45.0,45.0,45.0,
575,Majaspic,Serperior,497,/images/5/55/Majaspic-NB.png,/images/c/c0/Cri_0497_HOME.ogg,Plante,,"3,3","63,0",Engrais,,Contestation,12.5 % femelle; 87.5 % mâle,45.0,20.0,Terrestre,Végétal,+3 Vit.,238 exp.,1 059 860 exp.,75.0,75.0,95.0,95.0,95.0,113.0,
576,Lianaja,Servine,496,/images/c/c0/Lianaja-NB.png,/images/7/7f/Cri_0496_HOME.ogg,Plante,,"0,8","16,0",Engrais,,Contestation,12.5 % femelle; 87.5 % mâle,45.0,20.0,Terrestre,Végétal,+2 Vit.,145 exp.,1 059 860 exp.,60.0,60.0,75.0,75.0,75.0,83.0,
577,Vipélierre,Snivy,495,/images/f/f1/Vip%C3%A9lierre-N2B2.png,/images/f/ff/Cri_0495_HOME.ogg,Plante,,"0,6","8,1",Engrais,,Contestation,12.5 % femelle; 87.5 % mâle,45.0,20.0,Terrestre,Végétal,+1 Vit.,28 exp.,1 059 860 exp.,45.0,45.0,55.0,55.0,55.0,63.0,
578,Victini,Victini,494,/images/d/d9/Victini-NB.png,/images/f/fe/Cri_0494_HOME.ogg,Psy,Feu,"0,4","4,0",Victorieux,,,Asexué,3.0,120.0,Inconnu,,+3 PV,270 exp.,1 250 000 exp.,100.0,100.0,100.0,100.0,100.0,100.0,
579,Arceus,Arceus,493,/images/2/26/Arceus-DEPS.png,/images/2/21/Cri_0493_HOME.ogg,Normal,,"3,2","320,0",Multitype,,,Asexué,3.0,120.0,Inconnu,,+3 PV,324 exp.,1 250 000 exp.,120.0,120.0,120.0,120.0,120.0,120.0,
580,Darkrai,Darkrai,491,/images/1/17/Darkrai-DEPS.png,/images/0/06/Cri_0491_HOME.ogg,Ténèbres,,"1,5","50,5",Mauvais Rêve,,,Asexué,3.0,120.0,Inconnu,,+2 Att. Spé ; +1 Vit.,210 exp.,1 250 000 exp.,70.0,90.0,90.0,90.0,90.0,125.0,
581,Manaphy,Manaphy,490,/images/5/52/Manaphy-DEPS.png,/images/6/68/Cri_0490_HOME.ogg,Eau,,"0,3","1,4",Hydratation,,,Asexué,3.0,10.0,Aquatique 1,Féerique,+3 PV,215 exp.,1 250 000 exp.,100.0,100.0,100.0,100.0,100.0,100.0,
582,Phione,Phione,489,/images/c/ca/Phione-DEPS.png,/images/d/d6/Cri_0489_HOME.ogg,Eau,,"0,4","3,1",Hydratation,,,Asexué,30.0,40.0,Aquatique 1,Féerique,+1 PV,165 exp.,1 250 000 exp.,80.0,80.0,80.0,80.0,80.0,80.0,
583,Cresselia,Cresselia,488,/images/a/a5/Cresselia-DEPS.png,/images/b/b0/Cri_0488_HOME.ogg,Psy,,"1,5","85,6",Lévitation,,,100 % femelle; 0 % mâle,3.0,120.0,Inconnu,,+3 Déf. Spé,210 exp.,1 250 000 exp.,120.0,70.0,120.0,120.0,130.0,85.0,
584,Regigigas,Regigigas,486,/images/0/0a/Regigigas-DEPS.png,/images/3/3b/Cri_0486_HOME.ogg,Normal,,"3,7","420,0",Début Calme,,,Asexué,3.0,120.0,Inconnu,,+3 Att.,220 exp.,1 250 000 exp.,110.0,160.0,110.0,110.0,110.0,100.0,
585,Heatran,Heatran,485,/images/c/c2/Heatran-DEPS.png,/images/d/db/Cri_0485_HOME.ogg,Feu,Acier,"1,7","430,0",Torche,,Corps Ardent,50 % femelle; 50 % mâle,3.0,10.0,Inconnu,,+3 Att. Spé,215 exp.,1 250 000 exp.,91.0,90.0,106.0,106.0,106.0,77.0,
586,Créfadet,Azelf,482,/images/8/87/Cr%C3%A9fadet-DEPS.png,/images/2/2c/Cri_0482_HOME.ogg,Psy,,"0,3","0,3",Lévitation,,,Asexué,3.0,80.0,Inconnu,,+2 Att. ; +1 Att. Spé,210 exp.,1 250 000 exp.,75.0,125.0,70.0,70.0,70.0,115.0,
587,Créfollet,Mesprit,481,/images/b/b9/Cr%C3%A9follet-DEPS.png,/images/9/9b/Cri_0481_HOME.ogg,Psy,,"0,3","0,3",Lévitation,,,Asexué,3.0,80.0,Inconnu,,+1 Att. Spé ; +1 Déf. Spé ; +1 Vit.,210 exp.,1 250 000 exp.,80.0,105.0,105.0,105.0,105.0,80.0,
588,Créhelf,Uxie,480,/images/d/d0/Cr%C3%A9helf-DEPS.png,/images/4/43/Cri_0480_HOME.ogg,Psy,,"0,3","0,3",Lévitation,,,Asexué,3.0,80.0,Inconnu,,+2 Déf. ; +1 Déf. Spé,210 exp.,1 250 000 exp.,75.0,75.0,130.0,130.0,130.0,95.0,
589,Motisma (Normale),Rotom (Normal),479,/images/d/dd/Motisma_%28Forme_Normale%29-DEPS.png,/images/7/77/Cri_0479_HOME.ogg,Électrik,Spectre,"0,3","0,3",Lévitation,,,Asexué,45.0,20.0,Amorphe,,+1 Att. Spé ; +1 Vit.,132 exp.,1 000 000 exp.,50.0,50.0,77.0,77.0,77.0,91.0,
590,Momartik,Froslass,478,/images/3/32/Momartik-DP.png,/images/c/cc/Cri_0478_HOME.ogg,Glace,Spectre,"1,3","26,6",Rideau Neige,,Corps Maudit,100 % femelle; 0 % mâle,75.0,20.0,Féerique,Minéral,+2 Vit.,187 exp.,1 000 000 exp.,70.0,80.0,70.0,70.0,70.0,110.0,
591,Noctunoir,Dusknoir,477,/images/c/ce/Noctunoir-DP.png,/images/0/04/Cri_0477_HOME.ogg,Spectre,,"2,2","106,6",Pression,,Fouille,50 % femelle; 50 % mâle,45.0,25.0,Amorphe,,+1 Déf. ; +2 Déf. Spé,210 exp.,800 000 exp.,45.0,100.0,135.0,135.0,135.0,45.0,
592,Tarinorme,Probopass,476,/images/b/b4/Tarinorme-DP.png,/images/c/c6/Cri_0476_HOME.ogg,Roche,Acier,"1,4","340,0",Fermeté,Magnépiège,Force Sable,50 % femelle; 50 % mâle,60.0,20.0,Minéral,,+1 Déf. ; +2 Déf. Spé,198 exp.,1 000 000 exp.,60.0,55.0,145.0,145.0,150.0,40.0,
593,Méga-Gallame,Mega Gallade,475,/images/8/87/M%C3%A9ga-Gallame-ROSA.png,/images/a/aa/Cri_0475_M%C3%A9ga_HOME.ogg,Psy,Combat,"1,6","56,4",Attention,,,0 % femelle; 100 % mâle,,,,,,,,68.0,165.0,95.0,95.0,115.0,110.0,
594,Gallame,Gallade,475,/images/2/22/Gallame-DP.png,/images/c/c2/Cri_0475_HOME.ogg,Psy,Combat,"1,6","52,0",Impassible,Incisif,Cœur Noble,0 % femelle; 100 % mâle,60.0,20.0,Amorphe,Humanoïde,+3 Att.,208 exp.,1 250 000 exp.,68.0,125.0,65.0,65.0,115.0,80.0,
595,Porygon-Z,Porygon-Z,474,/images/8/80/Porygon-Z-DP.png,/images/f/f8/Cri_0474_HOME.ogg,Normal,,"0,9","34,0",Adaptabilité ,Télécharge,Analyste,Asexué,30.0,20.0,Minéral,,+3 Att. Spé,185 exp.,1 000 000 exp.,85.0,80.0,70.0,70.0,75.0,90.0,
596,Mammochon,Mamoswine,473,/images/3/3c/Mammochon-DP.png,/images/2/26/Cri_0473_HOME.ogg,Glace,Sol,"2,5","291,0",Benêt,Rideau Neige,Isograisse,50 % femelle; 50 % mâle,50.0,20.0,Terrestre,,+3 Att.,207 exp.,1 250 000 exp.,110.0,130.0,80.0,80.0,60.0,80.0,
597,Scorvol,Gliscor,472,/images/8/82/Scorvol-DEPS.png,/images/b/b8/Cri_0472_HOME.ogg,Sol,Vol,"2,0","42,5",Hyper Cutter,Voile Sable,Soin Poison,50 % femelle; 50 % mâle,30.0,20.0,Insectoïde,,+2 Déf.,192 exp.,1 059 860 exp.,75.0,95.0,125.0,125.0,75.0,95.0,
598,Givrali,Glaceon,471,/images/1/1b/Givrali-DEPS.png,/images/f/f9/Cri_0471_HOME.ogg,Glace,,"0,8","25,9",Rideau Neige,,Corps Gel,12.5 % femelle; 87.5 % mâle,45.0,35.0,Terrestre,,+2 Att. Spé,196 exp.,1 000 000 exp.,65.0,60.0,110.0,110.0,95.0,65.0,
599,Phyllali,Leafeon,470,/images/f/ff/Phyllali-DEPS.png,/images/6/65/Cri_0470_HOME.ogg,Plante,,"1,0","25,5",Feuille Garde,,Chlorophylle,12.5 % femelle; 87.5 % mâle,45.0,35.0,Terrestre,,+2 Déf.,196 exp.,1 000 000 exp.,65.0,110.0,130.0,130.0,65.0,95.0,
600,Yanmega,Yanmega,469,/images/f/f2/Yanmega-DP.png,/images/e/e4/Cri_0469_HOME.ogg,Insecte,Vol,"1,9","51,5",Turbo,Lentiteintée,Fouille,50 % femelle; 50 % mâle,30.0,20.0,Insectoïde,,+2 Att.,198 exp.,1 000 000 exp.,86.0,76.0,86.0,86.0,56.0,95.0,
601,Togekiss,Togekiss,468,/images/0/02/Togekiss-DP.png,/images/5/54/Cri_0468_HOME.ogg,Fée,Vol,"1,5","38,0",Sérénité,Agitation,Chanceux,12.5 % femelle; 87.5 % mâle,30.0,10.0,Aérien,Féerique,+2 Att. Spé ; +1 Déf. Spé,220 exp.,800 000 exp.,85.0,50.0,95.0,95.0,115.0,80.0,
602,Maganon,Magmortar,467,/images/c/cc/Maganon-DEPS.png,/images/7/70/Cri_0467_HOME.ogg,Feu,,"1,6","68,0",Corps Ardent,,Esprit Vital,25 % femelle; 75 % mâle,30.0,25.0,Humanoïde,,+3 Att. Spé,199 exp.,1 000 000 exp.,75.0,95.0,67.0,67.0,95.0,83.0,
603,Élekable,Electivire,466,/images/b/b0/%C3%89lekable-DEPS.png,/images/7/75/Cri_0466_HOME.ogg,Électrik,,"1,8","138,6",Motorisé,,Esprit Vital,25 % femelle; 75 % mâle,30.0,25.0,Humanoïde,,+3 Att.,199 exp.,1 000 000 exp.,75.0,123.0,67.0,67.0,85.0,95.0,
604,Bouldeneu,Tangrowth,465,/images/7/75/Bouldeneu-DP.png,/images/b/bd/Cri_0465_HOME.ogg,Plante,,"2,0","128,6",Chlorophylle,Feuille Garde,Régé-Force,50 % femelle; 50 % mâle,30.0,20.0,Végétal,,+2 Déf.,211 exp.,1 000 000 exp.,100.0,100.0,125.0,125.0,50.0,50.0,
605,Dimoret,Weavile,461,/images/e/e7/Dimoret-DEPS.png,/images/9/9a/Cri_0461_HOME.ogg,Ténèbres,Glace,"1,1","34,0",Pression,,Pickpocket,50 % femelle; 50 % mâle,45.0,20.0,Terrestre,,+1 Att. ; +1 Vit.,199 exp.,1 059 860 exp.,70.0,120.0,65.0,65.0,85.0,125.0,
606,Méga-Blizzaroi,Mega Abomasnow,460,/images/b/ba/M%C3%A9ga-Blizzaroi-XY.png,/images/b/b7/Cri_0460_M%C3%A9ga_HOME.ogg,Plante,Glace,"2,7","185,0",Alerte Neige,,,50 % femelle; 50 % mâle,,,,,,,,90.0,132.0,105.0,105.0,105.0,30.0,
607,Blizzaroi,Abomasnow,460,/images/2/21/Blizzaroi-DEPS.png,/images/9/98/Cri_0460_HOME.ogg,Plante,Glace,"2,2","135,5",Alerte Neige,,Anti-Bruit,50 % femelle; 50 % mâle,60.0,20.0,Monstrueux,Végétal,+1 Att. ; +1 Att. Spé,214 exp.,1 250 000 exp.,90.0,92.0,75.0,75.0,85.0,60.0,
608,Blizzi,Snover,459,/images/6/66/Blizzi-DP.png,/images/7/7c/Cri_0459_HOME.ogg,Plante,Glace,"1,0","50,5",Alerte Neige,,Anti-Bruit,50 % femelle; 50 % mâle,120.0,20.0,Monstrueux,Végétal,+1 Att.,131 exp.,1 250 000 exp.,60.0,62.0,50.0,50.0,62.0,40.0,
609,Babimanta,Mantyke,458,/images/9/9b/Babimanta-DP.png,/images/3/34/Cri_0458_HOME.ogg,Eau,Vol,"1,0","65,0",Glissade,Absorbe-Eau,Ignifu-Voile,50 % femelle; 50 % mâle,25.0,25.0,Inconnu,,+1 Défense Spéciale,108 exp.,1 250 000 exp.,45.0,20.0,50.0,50.0,120.0,50.0,
610,Luminéon,Lumineon,457,/images/3/31/Lumin%C3%A9on-DP.png,/images/7/72/Cri_0457_HOME.ogg,Eau,,"1,2","24,0",Glissade,Lavabo,Ignifu-Voile,50 % femelle; 50 % mâle,75.0,20.0,Aquatique 2,,+2 Vit.,156 exp.,600 000 exp.,69.0,69.0,76.0,76.0,86.0,91.0,
611,Écayon,Finneon,456,/images/4/48/%C3%89cayon-DP.png,/images/d/da/Cri_0456_HOME.ogg,Eau,,"0,4","7,0",Lavabo,Glissade,Ignifu-Voile,50 % femelle; 50 % mâle,190.0,20.0,Aquatique 2,,+1 Vit.,90 exp.,600 000 exp.,49.0,49.0,56.0,56.0,61.0,66.0,
612,Vortente,Carnivine,455,/images/a/aa/Vortente-DP.png,/images/a/aa/Cri_0455_HOME.ogg,Plante,,"1,4","27,0",Lévitation,,,50 % femelle; 50 % mâle,200.0,25.0,Végétal,,+2 Att.,164 exp.,1 250 000 exp.,74.0,100.0,72.0,72.0,72.0,46.0,
613,Coatox,Toxicroak,454,/images/5/56/Coatox-DEPS.png,/images/1/1a/Cri_0454_HOME.ogg,Poison,Combat,"1,3","44,4",Anticipation,Peau Sèche,Toxitouche,50 % femelle; 50 % mâle,75.0,20.0,Humanoïde,,+2 Att.,181 exp.,1 000 000 exp.,83.0,106.0,65.0,65.0,65.0,85.0,
614,Cradopaud,Croagunk,453,/images/6/62/Cradopaud-DP.png,/images/c/cf/Cri_0453_HOME.ogg,Poison,Combat,"0,7","23,0",Anticipation,Peau Sèche,Toxitouche,50 % femelle; 50 % mâle,140.0,10.0,Humanoïde,,+1 Att.,83 exp.,1 000 000 exp.,48.0,61.0,40.0,40.0,40.0,50.0,
615,Drascore,Drapion,452,/images/b/b7/Drascore-DP.png,/images/6/61/Cri_0452_HOME.ogg,Poison,Ténèbres,"1,3","61,5",Armurbaston,Sniper,Regard Vif,50 % femelle; 50 % mâle,45.0,20.0,Insectoïde,Aquatique 3,+2 Déf.,204 exp.,1 250 000 exp.,70.0,90.0,110.0,110.0,75.0,95.0,
616,Rapion,Skorupi,451,/images/2/2b/Rapion-DP.png,/images/6/65/Cri_0451_HOME.ogg,Poison,Insecte,"0,8","12,0",Armurbaston,Sniper,Regard Vif,50 % femelle; 50 % mâle,120.0,20.0,Insectoïde,Aquatique 3,+1 Déf.,114 exp.,1 250 000 exp.,40.0,50.0,90.0,90.0,55.0,65.0,
617,Hippodocus,Hippowdon,450,/images/f/f0/Hippodocus-DP.png,/images/d/dd/Cri_0450_HOME.ogg,Sol,,"2,0","300,0",Sable Volant,,Force Sable,50 % femelle; 50 % mâle,60.0,30.0,Terrestre,,+2 Déf.,198 exp.,1 250 000 exp.,108.0,112.0,118.0,118.0,72.0,47.0,
618,Hippopotas,Hippopotas,449,/images/8/8b/Hippopotas-DP.png,/images/f/fd/Cri_0449_HOME.ogg,Sol,,"0,8","49,5",Sable Volant,,Force Sable,50 % femelle; 50 % mâle,140.0,30.0,Terrestre,,+1 Déf.,95 exp.,1 250 000 exp.,68.0,72.0,78.0,78.0,42.0,32.0,
619,Méga-Lucario,Mega Lucario,448,/images/a/ae/M%C3%A9ga-Lucario-XY.png,/images/b/bf/Cri_0448_M%C3%A9ga_HOME.ogg,Combat,Acier,"1,3","57,5",Adaptabilité,,,12.5 % femelle; 87.5 % mâle,,,,,,,,70.0,145.0,88.0,88.0,70.0,112.0,
620,Lucario,Lucario,448,/images/7/7e/Lucario-DEPS.png,/images/8/86/Cri_0448_HOME.ogg,Combat,Acier,"1,2","54,0",Attention,Impassible,Cœur Noble,12.5 % femelle; 87.5 % mâle,45.0,25.0,Terrestre,Humanoïde,+1 Att. ; +1 Att. Spé,184 exp. (204 (Quatrième génération)),1 059 860 exp.,70.0,110.0,70.0,70.0,70.0,90.0,
621,Riolu,Riolu,447,/images/0/03/Riolu-DEPS.png,/images/f/f9/Cri_0447_HOME.ogg,Combat,,"0,7","20,2",Attention,Impassible,Farceur,12.5 % femelle; 87.5 % mâle,75.0,25.0,Inconnu,,+1 Att.,72 exp.,1 059 860 exp.,40.0,70.0,40.0,40.0,40.0,60.0,
622,Goinfrex,Munchlax,446,/images/9/9c/Goinfrex-DP.png,/images/3/39/Cri_0446_HOME.ogg,Normal,,"0,6","105,0",Ramassage,Isograisse,Gloutonnerie,12.5 % femelle; 87.5 % mâle,50.0,40.0,Inconnu,,+1 PV,94 exp.,1 250 000 exp.,135.0,85.0,40.0,40.0,85.0,5.0,
623,Méga-Carchacrok,Mega Garchomp,445,/images/4/43/M%C3%A9ga-Carchacrok-XY.png,/images/d/df/Cri_0445_M%C3%A9ga_HOME.ogg,Dragon,Sol,"1,9","95,0",Force Sable,,,50 % femelle; 50 % mâle,,,,,,,,108.0,170.0,115.0,115.0,95.0,92.0,
624,Carchacrok,Garchomp,445,/images/6/69/Carchacrok-DEPS.png,/images/1/1c/Cri_0445_HOME.ogg,Dragon,Sol,"1,9","95,0",Voile Sable,,Peau Dure,50 % femelle; 50 % mâle,45.0,40.0,Draconique,Monstrueux,+3 Att.,218 exp.,1 250 000 exp.,108.0,130.0,95.0,95.0,85.0,102.0,
625,Carmache,Gabite,444,/images/4/42/Carmache-DP.png,/images/b/bf/Cri_0444_HOME.ogg,Dragon,Sol,"1,4","56,0",Voile Sable,,Peau Dure,50 % femelle; 50 % mâle,45.0,40.0,Draconique,Monstrueux,+2 Att.,144 exp.,1 250 000 exp.,68.0,90.0,65.0,65.0,55.0,82.0,
626,Griknot,Gible,443,/images/4/4e/Griknot-DP.png,/images/f/fd/Cri_0443_HOME.ogg,Dragon,Sol,"0,7","20,5",Voile Sable,,Peau Dure,50 % femelle; 50 % mâle,45.0,40.0,Draconique,Monstrueux,+1 Att.,67 exp.,1 250 000 exp.,58.0,70.0,45.0,45.0,45.0,42.0,
627,Spiritomb,Spiritomb,442,/images/3/36/Spiritomb-DP.png,/images/d/d2/Cri_0442_HOME.ogg,Spectre,Ténèbres,"1,0","108,0",Pression,,Infiltration,50 % femelle; 50 % mâle,100.0,30.0,Amorphe,,+1 Déf. ; +1 Déf. Spé,168 exp.,1 000 000 exp.,50.0,92.0,108.0,108.0,108.0,35.0,
628,Pijako,Chatot,441,/images/4/40/Pijako-DP.png,/images/d/d4/Cri_0441_HOME.ogg,Normal,Vol,"0,5","1,9",Regard Vif,Pieds Confus,Cœur de Coq,50 % femelle; 50 % mâle,30.0,20.0,Aérien,,+1 Att.,107 exp.,1 059 860 exp.,76.0,65.0,45.0,45.0,42.0,91.0,
629,Ptiravi,Happiny,440,/images/4/4f/Ptiravi-DP.png,/images/d/d7/Cri_0440_HOME.ogg,Normal,,"0,6","24,4",Médic Nature,Sérénité,Garde-Ami,100 % femelle; 0 % mâle,130.0,40.0,Inconnu,,+1 PV,110 exp.,800 000 exp.,100.0,5.0,5.0,5.0,65.0,30.0,
630,Mime Jr.,Mime Jr.,439,/images/5/5c/Mime_Jr.-DP.png,/images/d/d8/Cri_0439_HOME.ogg,Psy,Fée,"0,6","13,0",Anti-Bruit,Filtre,Technicien,50 % femelle; 50 % mâle,145.0,25.0,Inconnu,,+1 Déf. Spé,78 exp.,1 000 000 exp.,20.0,25.0,45.0,45.0,90.0,60.0,
631,Manzaï,Bonsly,438,/images/b/b2/Manza%C3%AF-DP.png,/images/6/69/Cri_0438_HOME.ogg,Roche,,"0,5","15,0",Fermeté,Tête de Roc,Phobique,50 % femelle; 50 % mâle,255.0,20.0,Inconnu,,+1 Déf.,68 exp.,1 000 000 exp.,50.0,80.0,95.0,95.0,45.0,10.0,
632,Archéodong,Bronzong,437,/images/8/88/Arch%C3%A9odong-DP.png,/images/1/19/Cri_0437_HOME.ogg,Acier,Psy,"1,3","187,0",Lévitation,Ignifugé,Heavy Metal,Asexué,90.0,20.0,Minéral,,+1 Déf. ; +1 Déf. Spé,188 exp.,1 000 000 exp.,67.0,89.0,116.0,116.0,116.0,33.0,
633,Archéomire,Bronzor,436,/images/3/3a/Arch%C3%A9omire-DP.png,/images/b/bc/Cri_0436_HOME.ogg,Acier,Psy,"0,5","60,5",Lévitation,Ignifugé,Heavy Metal,Asexué,255.0,20.0,Minéral,,+1 Déf.,72 exp.,1 000 000 exp.,57.0,24.0,86.0,86.0,86.0,23.0,
634,Moufflair,Skuntank,435,/images/8/88/Moufflair-DEPS.png,/images/b/bf/Cri_0435_HOME.ogg,Poison,Ténèbres,"1,0","38,0",Puanteur,Boom Final,Regard Vif,50 % femelle; 50 % mâle,60.0,20.0,Terrestre,,+2 PV,209 exp.,1 000 000 exp.,103.0,93.0,67.0,67.0,61.0,84.0,
635,Moufouette,Stunky,434,/images/9/9b/Moufouette-DP.png,/images/3/31/Cri_0434_HOME.ogg,Poison,Ténèbres,"0,4","19,2",Puanteur,Boom Final,Regard Vif,50 % femelle; 50 % mâle,225.0,20.0,Terrestre,,+1 Vit.,79 exp.,1 000 000 exp.,63.0,63.0,47.0,47.0,41.0,74.0,
636,Korillon,Chingling,433,/images/8/84/Korillon-DP.png,/images/c/c5/Cri_0433_HOME.ogg,Psy,,"0,2","0,6",Lévitation,,,50 % femelle; 50 % mâle,120.0,25.0,Inconnu,,+1 Att. Spé,74 exp.,800 000 exp.,45.0,30.0,50.0,50.0,50.0,45.0,
637,Chaffreux,Purugly,432,/images/c/c4/Chaffreux-DEPS.png,/images/6/6d/Cri_0432_HOME.ogg,Normal,,"1,0","43,8",Isograisse,Tempo Perso,Acharné,75 % femelle; 25 % mâle,75.0,20.0,Terrestre,,+2 Vit.,183 exp.,800 000 exp.,71.0,82.0,64.0,64.0,59.0,112.0,
638,Chaglam,Glameow,431,/images/b/b3/Chaglam-DP.png,/images/9/9e/Cri_0431_HOME.ogg,Normal,,"0,5","3,9",Échauffement,Tempo Perso,Regard Vif,75 % femelle; 25 % mâle,190.0,20.0,Terrestre,,+1 Vit.,71 exp.,800 000 exp.,49.0,55.0,42.0,42.0,37.0,85.0,
639,Méga-Lockpin,Mega Lopunny,428,/images/0/0c/M%C3%A9ga-Lockpin-ROSA.png,/images/3/3f/Cri_0428_M%C3%A9ga_HOME.ogg,Normal,Combat,"1,3","28,3",Querelleur,,,50 % femelle; 50 % mâle,,,,,,,,65.0,136.0,94.0,94.0,96.0,135.0,
640,Lockpin,Lopunny,428,/images/0/03/Lockpin-DP.png,/images/f/fc/Cri_0428_HOME.ogg,Normal,,"1,2","33,3",Joli Sourire,Maladresse,Échauffement,50 % femelle; 50 % mâle,60.0,20.0,Terrestre,Humanoïde,+2 Vit.,178 exp.,1 000 000 exp.,65.0,76.0,84.0,84.0,96.0,105.0,
641,Laporeille,Buneary,427,/images/c/cb/Laporeille-DP.png,/images/a/a9/Cri_0427_HOME.ogg,Normal,,"0,4","5,5",Fuite,Maladresse,Échauffement,50 % femelle; 50 % mâle,190.0,20.0,Terrestre,Humanoïde,+1 Vit.,84 exp.,1 000 000 exp.,55.0,66.0,44.0,44.0,56.0,85.0,
642,Grodrive,Drifblim,426,/images/e/e5/Grodrive-DP.png,/images/7/7e/Cri_0426_HOME.ogg,Spectre,Vol,"1,2","15,0",Boom Final,Délestage,Rage Brûlure,50 % femelle; 50 % mâle,60.0,30.0,Amorphe,,+2 PV,204 exp.,1 640 000 exp.,150.0,80.0,44.0,44.0,54.0,80.0,
643,Baudrive,Drifloon,425,/images/d/d7/Baudrive-DP.png,/images/8/84/Cri_0425_HOME.ogg,Spectre,Vol,"0,4","1,2",Boom Final,Délestage,Rage Brûlure,50 % femelle; 50 % mâle,125.0,30.0,Amorphe,,+1 PV,127 exp.,1 640 000 exp.,90.0,50.0,34.0,34.0,44.0,70.0,
644,Capidextre,Ambipom,424,/images/1/1a/Capidextre-DP.png,/images/2/21/Cri_0424_HOME.ogg,Normal,,"1,2","20,3",Technicien,Ramassage,Multi-Coups,50 % femelle; 50 % mâle,45.0,20.0,Terrestre,,+2 Vit.,186 exp.,800 000 exp.,75.0,100.0,66.0,66.0,66.0,115.0,
645,Tritosor,Gastrodon,423,/images/7/7e/Tritosor_%28Mer_Occident%29-DP.png,/images/3/3d/Cri_0423_HOME.ogg,Eau,Sol,"0,9","29,9",Glu,Lavabo,Force Sable,50 % femelle; 50 % mâle,75.0,20.0,Aquatique 1,Amorphe,+2 PV,176 exp.,1 000 000 exp.,111.0,83.0,68.0,68.0,82.0,39.0,
646,Sancoki,Shellos,422,/images/6/6a/Sancoki_%28Mer_Occident%29-DP.png,/images/9/90/Cri_0422_HOME.ogg,Eau,,"0,3","6,3",Glu,Lavabo,Force Sable,50 % femelle; 50 % mâle,190.0,20.0,Aquatique 1,Amorphe,+1 PV,73 exp.,1 000 000 exp.,76.0,48.0,48.0,48.0,62.0,34.0,
647,Ceriflor,Cherrim,421,/images/9/9d/Ceriflor_%28Temps_Couvert%29-DP.png,/images/b/bc/Cri_0421_HOME.ogg,Plante,,"0,5","9,3",Don Floral,,,50 % femelle; 50 % mâle,75.0,20.0,Féerique,Végétal,+2 Att. Spé,133 exp.,1 000 000 exp.,70.0,60.0,70.0,70.0,78.0,85.0,
648,Ceribou,Cherubi,420,/images/e/e2/Ceribou-DP.png,/images/7/7f/Cri_0420_HOME.ogg,Plante,,"0,4","3,3",Chlorophylle,,,50 % femelle; 50 % mâle,190.0,20.0,Féerique,Végétal,+1 Att. Spé,68 exp.,1 000 000 exp.,45.0,35.0,45.0,45.0,53.0,35.0,
649,Mustéflott,Floatzel,419,/images/e/e1/Must%C3%A9flott-DEPS.png,/images/6/6f/Cri_0419_HOME.ogg,Eau,,"1,1","33,5",Glissade,,Ignifu-Voile,50 % femelle; 50 % mâle,75.0,20.0,Aquatique 1,Terrestre,+2 Vit.,178 exp.,1 000 000 exp.,85.0,105.0,55.0,55.0,50.0,115.0,
650,Mustébouée,Buizel,418,/images/f/f0/Must%C3%A9bou%C3%A9e-DEPS.png,/images/b/bc/Cri_0418_HOME.ogg,Eau,,"0,7","29,5",Glissade,,Ignifu-Voile,50 % femelle; 50 % mâle,190.0,20.0,Aquatique 1,Terrestre,+1 Vit.,75 exp.,1 000 000 exp.,55.0,65.0,35.0,35.0,30.0,85.0,
651,Pachirisu,Pachirisu,417,/images/7/7c/Pachirisu-DEPS.png,/images/3/37/Cri_0417_HOME.ogg,Électrik,,"0,4","3,9",Fuite,Ramassage,Absorbe-Volt,50 % femelle; 50 % mâle,200.0,10.0,Féerique,Terrestre,+1 Vit.,120 exp.,1 000 000 exp.,60.0,45.0,70.0,70.0,90.0,95.0,
652,Apireine,Vespiquen,416,/images/4/42/Apireine-DP.png,/images/b/bf/Cri_0416_HOME.ogg,Insecte,Vol,"1,2","38,5",Pression,,Tension,100 % femelle; 0 % mâle,45.0,15.0,Insectoïde,,+1 Déf. ; +1 Déf. Spé,188 exp.,1 059 860 exp.,70.0,80.0,102.0,102.0,102.0,40.0,
653,Apitrini,Combee,415,/images/c/ce/Apitrini-DP.png,/images/c/cb/Cri_0415_HOME.ogg,Insecte,Vol,"0,3","5,5",Cherche Miel,,Agitation,12.5 % femelle; 87.5 % mâle,120.0,15.0,Insectoïde,,+1 Vit.,63 exp.,1 059 860 exp.,30.0,30.0,42.0,42.0,42.0,70.0,
654,Papilord,Mothim,414,/images/b/bc/Papilord-DP.png,/images/7/73/Cri_0414_HOME.ogg,Insecte,Vol,"0,9","23,3",Essaim,,Lentiteintée,0 % femelle; 100 % mâle,45.0,15.0,Insectoïde,,+1 Att. ; +1 Att. Spé,159 exp.,1 000 000 exp.,70.0,94.0,50.0,50.0,50.0,66.0,
655,Cheniselle (Cape Sable),Wormadam (Sandy Cloak),413,/images/8/82/Cheniselle_%28Cape_Sable%29-DP.png,/images/4/4a/Cri_0413_HOME.ogg,Insecte,Sol,"0,5","6,5",Anticipation,,Envelocape,100 % femelle; 0 % mâle,45.0,15.0,Insectoïde,,+2 Déf. Spé,159 exp.,1 000 000 exp.,60.0,79.0,59.0,105.0,85.0,36.0,
656,Cheniti (Cape Plante),Cheniti (Plant Coak),412,/images/9/90/Cheniti_%28Cape_Plante%29-DP.png,/images/3/39/Cri_0412_HOME.ogg,Insecte,,"0,2","3,4",Mue,,Envelocape,50 % femelle; 50 % mâle,120.0,15.0,Insectoïde,,+1 Déf. Spé,61 exp.,1 000 000 exp.,40.0,29.0,45.0,45.0,45.0,36.0,
657,Bastiodon,Bastiodon,411,/images/2/2c/Bastiodon-DEPS.png,/images/1/13/Cri_0411_HOME.ogg,Roche,Acier,"1,3","149,5",Fermeté,,Anti-Bruit,12.5 % femelle; 87.5 % mâle,45.0,30.0,Monstrueux,,+2 Déf.,199 exp.,600 000 exp.,60.0,52.0,168.0,168.0,138.0,30.0,
658,Dinoclier,Shieldon,410,/images/c/c0/Dinoclier-DP.png,/images/b/b7/Cri_0410_HOME.ogg,Roche,Acier,"0,5","57,0",Fermeté,,Anti-Bruit,12.5 % femelle; 87.5 % mâle,45.0,30.0,Monstrueux,,+1 Déf.,99 exp.,600 000 exp.,30.0,42.0,118.0,118.0,88.0,30.0,
659,Charkos,Rampardos,409,/images/c/c5/Charkos-DP.png,/images/d/df/Cri_0409_HOME.ogg,Roche,,"1,6","102,5",Brise Moule,,Sans Limite,12.5 % femelle; 87.5 % mâle,45.0,30.0,Monstrueux,,+2 Att.,199 exp.,600 000 exp.,97.0,165.0,60.0,60.0,50.0,58.0,
660,Kranidos,Cranidos,408,/images/1/1c/Kranidos-DEPS.png,/images/1/16/Cri_0408_HOME.ogg,Roche,,"0,9","31,5",Brise Moule,,Sans Limite,12.5 % femelle; 87.5 % mâle,45.0,30.0,Monstrueux,,+1 Att.,99 exp.,600 000 exp.,67.0,125.0,40.0,40.0,30.0,58.0,
661,Roserade,Roserade,407,/images/e/e6/Roserade-DEPS.png,/images/b/b9/Cri_0407_HOME.ogg,Plante,Poison,"0,9","14,5",Médic Nature,Point Poison,Technicien,50 % femelle; 50 % mâle,75.0,20.0,Féerique,Végétal,+3 Att. Spé,204 exp.,1 059 860 exp.,60.0,70.0,65.0,65.0,105.0,90.0,
662,Rozbouton,Budew,406,/images/6/68/Rozbouton-DP.png,/images/b/bd/Cri_0406_HOME.ogg,Plante,Poison,"0,2","1,2",Médic Nature,Point Poison,Feuille Garde,50 % femelle; 50 % mâle,255.0,20.0,Inconnu,,+1 Att. Spé,68 exp.,1 059 860 exp.,40.0,30.0,35.0,35.0,70.0,55.0,
663,Luxray,Luxray,405,/images/b/bf/Luxray-DEPS.png,/images/9/90/Cri_0405_HOME.ogg,Électrik,,"1,4","42,0",Intimidation,Rivalité,Cran,50 % femelle; 50 % mâle,45.0,20.0,Terrestre,,+3 Att.,194 exp.,1 059 860 exp.,80.0,120.0,79.0,79.0,79.0,70.0,
664,Luxio,Luxio,404,/images/b/b6/Luxio-DP.png,/images/a/aa/Cri_0404_HOME.ogg,Électrik,,"0,9","30,5",Intimidation,Rivalité,Cran,50 % femelle; 50 % mâle,120.0,20.0,Terrestre,,+2 Att.,117 exp.,1 059 860 exp.,60.0,85.0,49.0,49.0,49.0,60.0,
665,Lixy,Shinx,403,/images/8/8d/Lixy-DEPS.png,/images/1/1d/Cri_0403_HOME.ogg,Électrik,,"0,5","9,5",Intimidation,Rivalité,Cran,50 % femelle; 50 % mâle,235.0,20.0,Terrestre,,+1 Att.,60 exp.,1 059 860 exp.,45.0,65.0,34.0,34.0,34.0,45.0,
666,Mélokrik,Kricketune,402,/images/0/04/M%C3%A9lokrik-DP.png,/images/9/91/Cri_0402_HOME.ogg,Insecte,,"1,0","25,5",Essaim,,Technicien,50 % femelle; 50 % mâle,45.0,15.0,Insectoïde,,+2 Att.,159 exp.,1 059 860 exp.,77.0,85.0,51.0,51.0,51.0,65.0,
667,Crikzik,Kricketot,401,/images/f/f0/Crikzik-DP.png,/images/0/0b/Cri_0401_HOME.ogg,Insecte,,"0,3","2,2",Mue,,Fuite,50 % femelle; 50 % mâle,255.0,15.0,Insectoïde,,+1 Déf.,54 exp.,1 059 860 exp.,37.0,25.0,41.0,41.0,41.0,25.0,
668,Castorno,Bibarel,400,/images/d/d9/Castorno-DP.png,/images/2/25/Cri_0400_HOME.ogg,Normal,Eau,"1,0","31,5",Simple,Inconscient,Lunatique,50 % femelle; 50 % mâle,127.0,15.0,Aquatique 1,Terrestre,+2 Att.,116 exp.,1 000 000 exp.,79.0,85.0,60.0,60.0,60.0,71.0,
669,Keunotor,Bidoof,399,/images/1/12/Keunotor-DEPS.png,/images/f/fe/Cri_0399_HOME.ogg,Normal,,"0,5","20,0",Simple,Inconscient,Lunatique,50 % femelle; 50 % mâle,255.0,15.0,Aquatique 1,Terrestre,+1 PV,58 exp.,1 000 000 exp.,59.0,45.0,40.0,40.0,40.0,31.0,
670,Étouraptor,Staraptor,398,/images/8/89/%C3%89touraptor-DP.png,/images/0/06/Cri_0398_HOME.ogg,Normal,Vol,"1,2","24,9",Intimidation,,Téméraire,50 % femelle; 50 % mâle,45.0,15.0,Aérien,,+3 Att.,172 exp.,1 059 860 exp.,85.0,120.0,70.0,70.0,60.0,100.0,
671,Étourvol,Staravia,397,/images/9/9f/%C3%89tourvol-DEPS.png,/images/c/c9/Cri_0397_HOME.ogg,Normal,Vol,"0,6","15,5",Intimidation,,Téméraire,50 % femelle; 50 % mâle,120.0,15.0,Aérien,,+2 Vit.,113 exp.,1 059 860 exp.,55.0,75.0,50.0,50.0,40.0,80.0,
672,Étourmi,Starly,396,/images/6/64/%C3%89tourmi-DEPS.png,/images/4/4a/Cri_0396_HOME.ogg,Normal,Vol,"0,3","2,0",Regard Vif,,Téméraire,50 % femelle; 50 % mâle,255.0,15.0,Aérien,,+1 Vit.,56 exp.,1 059 860 exp.,40.0,55.0,30.0,30.0,30.0,60.0,
673,Pingoléon,Empoleon,395,/images/1/14/Pingol%C3%A9on-DEPS.png,/images/9/95/Cri_0395_HOME.ogg,Eau,Acier,"1,7","84,5",Torrent,,Acharné (gen :8)/ Battant (gen 9:),12.5 % femelle; 87.5 % mâle,45.0,20.0,Aquatique 1,Terrestre,+3 Att. Spé,210 exp.,1 059 860 exp.,84.0,86.0,88.0,88.0,101.0,60.0,
674,Prinplouf,Prinplup,394,/images/c/c5/Prinplouf-DEPS.png,/images/2/27/Cri_0394_HOME.ogg,Eau,,"0,8","23,0",Torrent,,Acharné (gen :8)/ Battant (gen 9:),12.5 % femelle; 87.5 % mâle,45.0,20.0,Aquatique 1,Terrestre,+2 Att. Spé,143 exp.,1 059 860 exp.,64.0,66.0,68.0,68.0,76.0,50.0,
675,Tiplouf,Piplup,393,/images/c/c2/Tiplouf-DEPS.png,/images/8/84/Cri_0393_HOME.ogg,Eau,,"0,4","5,2",Torrent,,Acharné (gen :8)/ Battant (gen 9:),12.5 % femelle; 87.5 % mâle,45.0,20.0,Aquatique 1,Terrestre,+1 Att. Spé,66 exp.,1 059 860 exp.,53.0,51.0,53.0,53.0,56.0,40.0,
676,Simiabraz,Infernape,392,/images/4/4b/Simiabraz-DEPS.png,/images/1/15/Cri_0392_HOME.ogg,Feu,Combat,"1,2","55,0",Brasier,,Poing de Fer,12.5 % femelle; 87.5 % mâle,45.0,20.0,Terrestre,Humanoïde,+1 Att. ; +1 Att. Spé ; +1 Vit.,209 exp.,1 059 860 exp.,76.0,104.0,71.0,71.0,71.0,108.0,
677,Chimpenfeu,Monferno,391,/images/2/2b/Chimpenfeu-DEPS.png,/images/d/de/Cri_0391_HOME.ogg,Feu,Combat,"0,9","22,0",Brasier,,Poing de Fer,12.5 % femelle; 87.5 % mâle,45.0,20.0,Terrestre,Humanoïde,+1 Att. Spé ; +1 Vit.,142 exp.,1 059 860 exp.,64.0,78.0,52.0,52.0,52.0,81.0,
678,Ouisticram,Chimchar,390,/images/7/76/Ouisticram-DEPS.png,/images/d/d4/Cri_0390_HOME.ogg,Feu,,"0,5","6,2",Brasier,,Poing de Fer,12.5 % femelle; 87.5 % mâle,45.0,20.0,Terrestre,Humanoïde,+1 Vit.,65 exp.,1 059 860 exp.,44.0,58.0,44.0,44.0,44.0,61.0,
679,Torterra,Torterra,389,/images/b/b3/Torterra-DEPS.png,/images/e/e4/Cri_0389_HOME.ogg,Plante,Sol,"2,2","310,0",Engrais,,Coque Armure,12.5 % femelle; 87.5 % mâle,45.0,20.0,Monstrueux,Végétal,+2 Att. ; +1 Déf.,208 exp.,1 059 860 exp.,95.0,109.0,105.0,105.0,85.0,56.0,
680,Boskara,Grotle,388,/images/a/ad/Boskara-DEPS.png,/images/a/a8/Cri_0388_HOME.ogg,Plante,,"1,1","97,0",Engrais,,Coque Armure,12.5 % femelle; 87.5 % mâle,45.0,20.0,Monstrueux,Végétal,+1 Att. ; +1 Déf.,141 exp.,1 059 860 exp.,75.0,89.0,85.0,85.0,65.0,36.0,
681,Tortipouss,Turtwig,387,/images/f/f0/Tortipouss-DEPS.png,/images/1/15/Cri_0387_HOME.ogg,Plante,,"0,4","10,2",Engrais,,Coque Armure,12.5 % femelle; 87.5 % mâle,45.0,20.0,Monstrueux,Végétal,+1 Att.,64 exp.,1 059 860 exp.,55.0,68.0,64.0,64.0,55.0,31.0,
682,Deoxys (Normale),Deoxys (Normal),386,/images/c/c4/Deoxys_%28Forme_Normale%29-RS.png,/images/0/0d/Cri_0386_HOME.ogg,Psy,,"1,7","60,8",Pression,,,Asexué,3.0,120.0,Inconnu,,+1 Att. ; +1 Att. Spé ; +1 Vit.,215 exp.,1 250 000 exp.,50.0,150.0,50.0,50.0,50.0,150.0,
683,Jirachi,Jirachi,385,/images/7/74/Jirachi-DEPS.png,/images/b/b0/Cri_0385_HOME.ogg,Acier,Psy,"0,3","1,1",Sérénité,,,Asexué,3.0,120.0,Inconnu,,+3 PV,215 exp.,1 250 000 exp.,100.0,100.0,100.0,100.0,100.0,100.0,
684,Méga-Rayquaza,Mega Rayquaza,384,/images/1/14/M%C3%A9ga-Rayquaza-ROSA.png,/images/2/22/Cri_0384_M%C3%A9ga_HOME.ogg,Dragon,Vol,"10,8","392,0",Souffle Delta,,,Asexué,,,,,,,,105.0,180.0,100.0,100.0,100.0,115.0,
685,Rayquaza,Rayquaza,384,/images/1/1a/Rayquaza-DEPS.png,/images/8/87/Cri_0384_HOME.ogg,Dragon,Vol,"7,0","206,5",Air Lock,,,Asexué,45.0,120.0,Inconnu,,+2 Att. ; +1 Att. Spé,220 exp.,1 250 000 exp.,105.0,150.0,90.0,90.0,90.0,95.0,
686,Primo-Groudon,Primal Groudon,383,/images/3/37/Primo-Groudon-ROSA.png,/images/8/89/Cri_0383_Primo_HOME.ogg,Sol,Feu,"5,0","999,7",Terre Finale,,,Asexué,,,,,,,,100.0,180.0,160.0,160.0,90.0,90.0,
687,Groudon,Groudon,383,/images/5/5f/Groudon-RS.png,/images/3/30/Cri_0383_HOME.ogg,Sol,,"3,5","950,0",Sécheresse,,,Asexué,5.0,120.0,Inconnu,,+3 Att.,218 exp.,1 250 000 exp.,100.0,150.0,140.0,140.0,90.0,90.0,
688,Primo-Kyogre,Primal Kyogre,382,/images/0/00/Primo-Kyogre-ROSA.png,/images/4/4b/Cri_0382_Primo_HOME.ogg,Eau,,"9,8","430,0",Mer Primaire,,,Asexué,,,,,,,,100.0,150.0,90.0,90.0,160.0,90.0,
689,Kyogre,Kyogre,382,/images/e/e4/Kyogre-RS.png,/images/5/57/Cri_0382_HOME.ogg,Eau,,"4,5","352,0",Crachin,,,Asexué,5.0,120.0,Inconnu,,+3 Att. Spé,218 exp.,1 250 000 exp.,100.0,100.0,90.0,90.0,140.0,90.0,
690,Méga-Latios,Mega Latios,381,/images/0/0b/M%C3%A9ga-Latios-ROSA.png,/images/a/a5/Cri_0381_M%C3%A9ga_HOME.ogg,Dragon,Psy,"2,3","70,0",Lévitation,,,0 % femelle; 100 % mâle,,,,,,,,80.0,130.0,100.0,100.0,120.0,110.0,
691,Latios,Latios,381,/images/f/fa/Latios-RS.png,/images/f/f1/Cri_0381_HOME.ogg,Dragon,Psy,"2,0","60,0",Lévitation,,,0 % femelle; 100 % mâle,3.0,120.0,Inconnu,,+3 Att. Spé,211 exp.,1 250 000 exp.,80.0,90.0,80.0,80.0,110.0,110.0,
692,Méga-Latias,Mega Latias,380,/images/9/96/M%C3%A9ga-Latias-ROSA.png,/images/b/bc/Cri_0380_M%C3%A9ga_HOME.ogg,Dragon,Psy,"1,8","52,0",Lévitation,,,100 % femelle; 0 % mâle,,,,,,,,80.0,100.0,120.0,120.0,150.0,110.0,
693,Latias,Latias,380,/images/7/73/Latias-RS.png,/images/a/a7/Cri_0380_HOME.ogg,Dragon,Psy,"1,4","40,0",Lévitation,,,100 % femelle; 0 % mâle,3.0,120.0,Inconnu,,+3 Déf. Spé,211 exp.,1 250 000 exp.,80.0,80.0,90.0,90.0,130.0,110.0,
694,Registeel,Registeel,379,/images/f/fb/Registeel-RS.png,/images/0/0b/Cri_0379_HOME.ogg,Acier,,"1,9","205,0",Corps Sain,,Light Metal,Asexué,3.0,80.0,Inconnu,,+2 Déf. ; +1 Déf. Spé,215 exp.,1 250 000 exp.,80.0,75.0,150.0,150.0,150.0,50.0,
695,Regice,Regice,378,/images/d/de/Regice-RS.png,/images/e/e9/Cri_0378_HOME.ogg,Glace,,"1,8","175,0",Corps Sain,,Corps Gel,Asexué,3.0,80.0,Inconnu,,+3 Déf. Spé,216 exp.,1 250 000 exp.,80.0,50.0,100.0,100.0,200.0,50.0,
696,Regirock,Regirock,377,/images/6/63/Regirock-RS.png,/images/4/42/Cri_0377_HOME.ogg,Roche,,"1,7","230,0",Corps Sain,,Fermeté,Asexué,3.0,80.0,Inconnu,,+3 Déf.,217 exp.,1 250 000 exp.,80.0,100.0,200.0,200.0,100.0,50.0,
697,Méga-Métalosse,Mega Metagross,376,/images/e/e9/M%C3%A9ga-M%C3%A9talosse-ROSA.png,/images/1/1d/Cri_0376_M%C3%A9ga_HOME.ogg,Acier,Psy,"2,5","942,9",Griffe Dure,,,Asexué,,,,,,,,80.0,145.0,150.0,150.0,110.0,110.0,
698,Métalosse,Metagross,376,/images/b/b5/M%C3%A9talosse-RS.png,/images/a/ae/Cri_0376_HOME.ogg,Acier,Psy,"1,6","550,0",Corps Sain,,Light Metal,Asexué,3.0,40.0,Minéral,,+3 Déf.,210 exp.,1 250 000 exp.,80.0,135.0,130.0,130.0,90.0,70.0,
699,Métang,Metang,375,/images/a/a5/M%C3%A9tang-RS.png,/images/b/b2/Cri_0375_HOME.ogg,Acier,Psy,"1,2","202,5",Corps Sain,,Light Metal,Asexué,3.0,40.0,Minéral,,+2 Déf.,153 exp.,1 250 000 exp.,60.0,75.0,100.0,100.0,80.0,50.0,
700,Terhal,Beldum,374,/images/8/80/Terhal-RS.png,/images/9/9d/Cri_0374_HOME.ogg,Acier,Psy,"0,6","95,2",Corps Sain,,Light Metal,Asexué,3.0,40.0,Minéral,,+1 Déf.,103 exp.,1 250 000 exp.,40.0,55.0,80.0,80.0,60.0,30.0,
701,Méga-Drattak,Mega Salamence,373,/images/4/43/M%C3%A9ga-Drattak-ROSA.png,/images/d/de/Cri_0373_M%C3%A9ga_HOME.ogg,Dragon,Vol,"1,8","112,6",Peau Céleste,,,50 % femelle; 50 % mâle,,,,,,,,95.0,145.0,130.0,130.0,90.0,120.0,
702,Drattak,Salamence,373,/images/8/85/Drattak-RS.png,/images/3/35/Cri_0373_HOME.ogg,Dragon,Vol,"1,5","102,6",Intimidation,,Impudence,50 % femelle; 50 % mâle,45.0,40.0,Draconique,,+3 Att.,218 exp.,1 250 000 exp.,95.0,135.0,80.0,80.0,80.0,100.0,
703,Drackhaus,Shelgon,372,/images/c/ca/Drackhaus-RS.png,/images/5/52/Cri_0372_HOME.ogg,Dragon,,"1,1","110,5",Tête de Roc,,Envelocape,50 % femelle; 50 % mâle,45.0,40.0,Draconique,,+2 Déf.,144 exp.,1 250 000 exp.,65.0,95.0,100.0,100.0,50.0,50.0,
704,Draby,Bagon,371,/images/8/80/Draby-RS.png,/images/6/69/Cri_0371_HOME.ogg,Dragon,,"0,6","42,1",Tête de Roc,,Sans Limite,50 % femelle; 50 % mâle,45.0,40.0,Draconique,,+1 Att.,89 exp.,1 250 000 exp.,45.0,75.0,60.0,60.0,30.0,50.0,
705,Lovdisc,Luvdisc,370,/images/9/9d/Lovdisc-RS.png,/images/9/99/Cri_0370_HOME.ogg,Eau,,"0,6","8,7",Glissade,,Hydratation,75 % femelle; 25 % mâle,225.0,20.0,Aquatique 2,,+1 Vit.,110 exp.,800 000 exp.,43.0,30.0,55.0,55.0,65.0,97.0,
706,Relicanth,Relicanth,369,/images/3/3f/Relicanth-RS.png,/images/c/c5/Cri_0369_HOME.ogg,Eau,Roche,"1,0","23,4",Glissade,Tête de Roc,Fermeté,12.5 % femelle; 87.5 % mâle,25.0,40.0,Aquatique 1,Aquatique 2,+1 PV ; +1 Déf.,198 exp.,1 250 000 exp.,100.0,90.0,130.0,130.0,65.0,55.0,
707,Rosabyss,Gorebyss,368,/images/d/de/Rosabyss-RS.png,/images/1/19/Cri_0368_HOME.ogg,Eau,,"1,8","22,6",Glissade,,Hydratation,50 % femelle; 50 % mâle,60.0,20.0,Aquatique 1,,+2 Att. Spé,178 exp.,600 000 exp.,55.0,84.0,105.0,105.0,75.0,52.0,
708,Serpang,Huntail,367,/images/d/d0/Serpang-RS.png,/images/7/77/Cri_0367_HOME.ogg,Eau,,"1,7","27,0",Glissade,,Ignifu-Voile,50 % femelle; 50 % mâle,60.0,20.0,Aquatique 1,,+1 Att. ; +1 Déf.,178 exp.,600 000 exp.,55.0,104.0,105.0,105.0,75.0,52.0,
709,Coquiperl,Clamperl,366,/images/c/c7/Coquiperl-RS.png,/images/3/30/Cri_0366_HOME.ogg,Eau,,"0,4","52,5",Coque Armure,,Phobique,50 % femelle; 50 % mâle,255.0,20.0,Aquatique 1,,+1 Déf.,142 exp.,600 000 exp.,35.0,64.0,85.0,85.0,55.0,32.0,
710,Kaimorse,Walrein,365,/images/8/8a/Kaimorse-RS.png,/images/c/c1/Cri_0365_HOME.ogg,Glace,Eau,"1,4","150,6",Isograisse,Corps Gel,Benêt,50 % femelle; 50 % mâle,45.0,20.0,Aquatique 1,Terrestre,+3 PV,192 exp.,1 059 860 exp.,110.0,80.0,90.0,90.0,90.0,65.0,
711,Phogleur,Sealeo,364,/images/6/62/Phogleur-RS.png,/images/a/af/Cri_0364_HOME.ogg,Glace,Eau,"1,1","87,6",Isograisse,Corps Gel,Benêt,50 % femelle; 50 % mâle,120.0,20.0,Aquatique 1,Terrestre,+2 PV,128 exp.,1 059 860 exp.,90.0,60.0,70.0,70.0,70.0,45.0,
712,Obalie,Spheal,363,/images/f/ff/Obalie-RS.png,/images/0/02/Cri_0363_HOME.ogg,Glace,Eau,"0,8","39,5",Isograisse,Corps Gel,Benêt,50 % femelle; 50 % mâle,255.0,20.0,Aquatique 1,Terrestre,+1 PV,75 exp.,1 059 860 exp.,70.0,40.0,50.0,50.0,50.0,25.0,
713,Stalgamin,Snorunt,361,/images/d/d6/Stalgamin-RS.png,/images/1/11/Cri_0361_HOME.ogg,Glace,,"0,7","16,8",Attention,Corps Gel,Lunatique,50 % femelle; 50 % mâle,190.0,20.0,Féerique,Minéral,+1 PV,74 exp.,1 000 000 exp.,50.0,50.0,50.0,50.0,50.0,50.0,
714,Okéoké,Wynaut,360,/images/6/6e/Ok%C3%A9ok%C3%A9-RS.png,/images/9/9c/Cri_0360_HOME.ogg,Psy,,"0,6","14,0",Marque Ombre,,Télépathe,50 % femelle; 50 % mâle,125.0,20.0,Inconnu,,+1 PV,44 exp.,1 000 000 exp.,95.0,23.0,48.0,48.0,48.0,23.0,
715,Méga-Absol,Mega Absol,359,/images/7/79/M%C3%A9ga-Absol-XY.png,/images/f/fc/Cri_0359_M%C3%A9ga_HOME.ogg,Ténèbres,,"1,2","49,0",Miroir Magik,,,50 % femelle; 50 % mâle,,,,,,,,65.0,150.0,60.0,60.0,60.0,115.0,
716,Absol,Absol,359,/images/1/10/Absol-RS.png,/images/2/28/Cri_0359_HOME.ogg,Ténèbres,,"1,2","47,0",Pression,Chanceux,Cœur Noble,50 % femelle; 50 % mâle,30.0,25.0,Terrestre,,+2 Att.,174 exp.,1 059 860 exp.,65.0,130.0,60.0,60.0,60.0,75.0,
717,Éoko,Chimecho,358,/images/9/90/%C3%89oko-RS.png,/images/9/92/Cri_0358_HOME.ogg,Psy,,"0,6","1,0",Lévitation,,,50 % femelle; 50 % mâle,45.0,25.0,Amorphe,,+1 Att. Spé ; +1 Déf. Spé,147 exp.,800 000 exp.,75.0,50.0,80.0,80.0,90.0,65.0,
718,Tropius,Tropius,357,/images/2/2e/Tropius-RS.png,/images/c/c8/Cri_0357_HOME.ogg,Plante,Vol,"2,0","100,0",Chlorophylle,Force Soleil,Récolte,50 % femelle; 50 % mâle,200.0,25.0,Monstrueux,Végétal,+2 PV,169 exp.,1 250 000 exp.,99.0,68.0,83.0,83.0,87.0,51.0,
719,Téraclope,Dusclops,356,/images/b/b1/T%C3%A9raclope-RS.png,/images/6/64/Cri_0356_HOME.ogg,Spectre,,"1,6","30,6",Pression,,Fouille,50 % femelle; 50 % mâle,90.0,25.0,Amorphe,,+1 Déf. ; +1 Déf. Spé,179 exp.,800 000 exp.,40.0,70.0,130.0,130.0,130.0,25.0,
720,Skelénox,Duskull,355,/images/3/37/Skel%C3%A9nox-RS.png,/images/f/fd/Cri_0355_HOME.ogg,Spectre,,"0,8","15,0",Lévitation,,Fouille,50 % femelle; 50 % mâle,190.0,25.0,Amorphe,,+1 Déf. Spé,97 exp.,800 000 exp.,20.0,40.0,90.0,90.0,90.0,25.0,
721,Méga-Branette,Mega Banette,354,/images/5/50/M%C3%A9ga-Branette-XY.png,/images/6/64/Cri_0354_M%C3%A9ga_HOME.ogg,Spectre,,"1,2","13,0",Farceur,,,50 % femelle; 50 % mâle,,,,,,,,64.0,165.0,75.0,75.0,83.0,75.0,
722,Branette,Banette,354,/images/a/a5/Branette-RS.png,/images/8/8c/Cri_0354_HOME.ogg,Spectre,,"1,1","12,5",Insomnia,Fouille,Corps Maudit,50 % femelle; 50 % mâle,45.0,25.0,Amorphe,,+2 Att.,179 exp.,800 000 exp.,64.0,115.0,65.0,65.0,63.0,65.0,
723,Polichombr,Shuppet,353,/images/3/38/Polichombr-RS.png,/images/9/9e/Cri_0353_HOME.ogg,Spectre,,"0,6","2,3",Insomnia,Fouille,Corps Maudit,50 % femelle; 50 % mâle,225.0,25.0,Amorphe,,+1 Att.,97 exp.,800 000 exp.,44.0,75.0,35.0,35.0,33.0,45.0,
724,Kecleon,Kecleon,352,/images/4/4f/Kecleon-RS.png,/images/7/79/Cri_0352_HOME.ogg,Normal,,"1,0","22,0",Homochromie,,Protéen,50 % femelle; 50 % mâle,200.0,20.0,Terrestre,,+1 Déf. Spé,132 exp.,1 059 860 exp.,60.0,90.0,70.0,70.0,120.0,40.0,
725,Morphéo (Normale),Castform (Normal),351,/images/f/f7/Morph%C3%A9o-RS.png,/images/b/bd/Cri_0351_HOME.ogg,Normal,,"0,3","0,8",Météo,,,50 % femelle; 50 % mâle,45.0,25.0,Féerique,Amorphe,+1 PV,145 exp.,1 000 000 exp.,70.0,70.0,70.0,70.0,70.0,70.0,
726,Milobellus,Milotic,350,/images/9/98/Milobellus-RS.png,/images/6/69/Cri_0350_HOME.ogg,Eau,,"6,2","162,0",Écaille Spéciale,Battant,Joli Sourire,50 % femelle; 50 % mâle,60.0,20.0,Draconique,Aquatique 1,+2 Déf. Spé,213 exp.,600 000 exp.,95.0,60.0,79.0,79.0,125.0,81.0,
727,Barpau,Feebas,349,/images/d/d9/Barpau-RS.png,/images/1/10/Cri_0349_HOME.ogg,Eau,,"0,6","7,4",Glissade,Benêt,Adaptabilité,50 % femelle; 50 % mâle,255.0,20.0,Aquatique 1,Draconique,+1 Vit.,61 exp.,600 000 exp.,20.0,15.0,20.0,20.0,55.0,80.0,
728,Armaldo,Armaldo,348,/images/0/0c/Armaldo-RS.png,/images/4/41/Cri_0348_HOME.ogg,Roche,Insecte,"1,5","68,2",Armurbaston,,Glissade,12.5 % femelle; 87.5 % mâle,45.0,30.0,Aquatique 3,,+2 Att.,199 exp.,600 000 exp.,75.0,125.0,100.0,100.0,80.0,45.0,
729,Anorith,Anorith,347,/images/d/d7/Anorith-RS.png,/images/1/1f/Cri_0347_HOME.ogg,Roche,Insecte,"0,7","12,5",Armurbaston,,Glissade,12.5 % femelle; 87.5 % mâle,45.0,30.0,Aquatique 3,,+1 Att.,99 exp.,600 000 exp.,45.0,95.0,50.0,50.0,50.0,75.0,
730,Vacilys,Cradily,346,/images/e/ea/Vacilys-RS.png,/images/6/6e/Cri_0346_HOME.ogg,Roche,Plante,"1,5","60,4",Ventouse,,Lavabo,12.5 % femelle; 87.5 % mâle,45.0,30.0,Aquatique 3,,+2 Déf. Spé,199 exp.,600 000 exp.,86.0,81.0,97.0,97.0,107.0,43.0,
731,Lilia,Lileep,345,/images/f/fa/Lilia-RS.png,/images/6/6a/Cri_0345_HOME.ogg,Roche,Plante,"1,0","23,8",Ventouse,,Lavabo,12.5 % femelle; 87.5 % mâle,45.0,30.0,Aquatique 3,,+1 Déf. Spé,99 exp.,600 000 exp.,66.0,41.0,77.0,77.0,87.0,23.0,
732,Kaorine,Claydol,344,/images/d/d2/Kaorine-RS.png,/images/e/e0/Cri_0344_HOME.ogg,Sol,Psy,"1,5","108,0",Lévitation,,,Asexué,90.0,20.0,Minéral,,+2 Déf. Spé,189 exp.,1 000 000 exp.,60.0,70.0,105.0,105.0,120.0,75.0,
733,Balbuto,Baltoy,343,/images/4/48/Balbuto-RS.png,/images/4/41/Cri_0343_HOME.ogg,Sol,Psy,"0,5","21,5",Lévitation,,,Asexué,255.0,20.0,Minéral,,+1 Déf. Spé,58 exp.,1 000 000 exp.,40.0,40.0,55.0,55.0,70.0,55.0,
734,Colhomard,Crawdaunt,342,/images/e/ea/Colhomard-RS.png,/images/8/88/Cri_0342_HOME.ogg,Eau,Ténèbres,"1,1","32,8",Hyper Cutter,Coque Armure,Adaptabilité,50 % femelle; 50 % mâle,155.0,15.0,Aquatique 1,Aquatique 3,+2 Att.,161 exp.,1 640 000 exp.,63.0,120.0,85.0,85.0,55.0,55.0,
735,Écrapince,Corphish,341,/images/0/02/%C3%89crapince-RS.png,/images/a/a7/Cri_0341_HOME.ogg,Eau,,"0,6","11,5",Hyper Cutter,Coque Armure,Adaptabilité,50 % femelle; 50 % mâle,205.0,15.0,Aquatique 1,Aquatique 3,+1 Att.,111 exp.,1 640 000 exp.,43.0,80.0,65.0,65.0,35.0,35.0,
736,Barbicha,Whiscash,340,/images/0/02/Barbicha-RS.png,/images/c/c1/Cri_0340_HOME.ogg,Eau,Sol,"0,9","23,6",Benêt,Anticipation,Hydratation,50 % femelle; 50 % mâle,75.0,20.0,Aquatique 2,,+2 PV,158 exp.,1 000 000 exp.,110.0,78.0,73.0,73.0,71.0,60.0,
737,Barloche,Barboach,339,/images/5/5f/Barloche-RS.png,/images/c/c1/Cri_0339_HOME.ogg,Eau,Sol,"0,4","1,9",Benêt,Anticipation,Hydratation,50 % femelle; 50 % mâle,190.0,20.0,Aquatique 2,,+1 PV,92 exp.,1 000 000 exp.,50.0,48.0,43.0,43.0,41.0,60.0,
738,Solaroc,Solrock,338,/images/b/be/Solaroc-RS.png,/images/9/98/Cri_0338_HOME.ogg,Roche,Psy,"1,2","154,0",Lévitation,,,Asexué,45.0,25.0,Minéral,,+2 Att.,150 exp.,800 000 exp.,90.0,95.0,85.0,85.0,65.0,70.0,
739,Séléroc,Lunatone,337,/images/c/ce/S%C3%A9l%C3%A9roc-RS.png,/images/9/92/Cri_0337_HOME.ogg,Roche,Psy,"1,0","168,0",Lévitation,,,Asexué,45.0,25.0,Minéral,,+2 Att. Spé,150 exp.,800 000 exp.,90.0,55.0,65.0,65.0,85.0,70.0,
740,Séviper,Seviper,336,/images/4/45/S%C3%A9viper-RS.png,/images/7/74/Cri_0336_HOME.ogg,Poison,,"2,7","52,5",Mue,,Infiltration,50 % femelle; 50 % mâle,90.0,20.0,Terrestre,Draconique,+1 Att. ; +1 Att. Spé,165 exp.,1 640 000 exp.,73.0,100.0,60.0,60.0,60.0,65.0,
741,Mangriff,Zangoose,335,/images/4/4d/Mangriff-RS.png,/images/d/dd/Cri_0335_HOME.ogg,Normal,,"1,3","40,3",Vaccin,,Rage Poison,50 % femelle; 50 % mâle,90.0,20.0,Terrestre,,+2 Att.,165 exp.,600 000 exp.,73.0,115.0,60.0,60.0,60.0,90.0,
742,Méga-Altaria,Mega Altaria,334,/images/4/41/M%C3%A9ga-Altaria-ROSA.png,/images/3/3e/Cri_0334_M%C3%A9ga_HOME.ogg,Dragon,Fée,"1,5","20,6",Peau Féérique,,,50 % femelle; 50 % mâle,,,,,,,,75.0,110.0,110.0,110.0,105.0,80.0,
743,Altaria,Altaria,334,/images/5/56/Altaria-RS.png,/images/3/3b/Cri_0334_HOME.ogg,Dragon,Vol,"1,1","20,6",Médic Nature,,Ciel Gris,50 % femelle; 50 % mâle,45.0,20.0,Aérien,Draconique,+2 Déf. Spé,188 exp.,600 000 exp.,75.0,70.0,90.0,90.0,105.0,80.0,
744,Tylton,Swablu,333,/images/3/3f/Tylton-RS.png,/images/1/1c/Cri_0333_HOME.ogg,Normal,Vol,"0,4","1,2",Médic Nature,,Ciel Gris,50 % femelle; 50 % mâle,255.0,20.0,Aérien,Draconique,+1 Déf. Spé,74 exp.,600 000 exp.,45.0,40.0,60.0,60.0,75.0,50.0,
745,Cacturne,Cacturne,332,/images/2/20/Cacturne-RS.png,/images/4/48/Cri_0332_HOME.ogg,Plante,Ténèbres,"1,3","77,4",Voile Sable,,Absorbe-Eau,50 % femelle; 50 % mâle,60.0,20.0,Végétal,Humanoïde,+1 Att. ; +1 Att. Spé,177 exp.,1 059 860 exp.,70.0,115.0,60.0,60.0,60.0,55.0,
746,Cacnea,Cacnea,331,/images/4/45/Cacnea-RS.png,/images/b/bc/Cri_0331_HOME.ogg,Plante,,"0,4","51,3",Voile Sable,,Absorbe-Eau,50 % femelle; 50 % mâle,190.0,20.0,Végétal,Humanoïde,+1 Att. Spé,97 exp.,1 059 860 exp.,50.0,85.0,40.0,40.0,40.0,35.0,
747,Libégon,Flygon,330,/images/a/a6/Lib%C3%A9gon-RS.png,/images/3/3d/Cri_0330_HOME.ogg,Sol,Dragon,"2,0","82,0",Lévitation,,,50 % femelle; 50 % mâle,45.0,20.0,Insectoïde,Draconique,+1 Att. ; +2 Vit.,197 exp.,1 059 860 exp.,80.0,100.0,80.0,80.0,80.0,100.0,
748,Vibraninf,Vibrava,329,/images/a/ad/Vibraninf-RS.png,/images/0/00/Cri_0329_HOME.ogg,Sol,Dragon,"1,1","15,3",Lévitation,,,50 % femelle; 50 % mâle,120.0,20.0,Insectoïde,Draconique,+1 Att. ; +1 Vit.,126 exp.,1 059 860 exp.,50.0,70.0,50.0,50.0,50.0,70.0,
749,Kraknoix,Trapinch,328,/images/9/99/Kraknoix-RS.png,/images/d/de/Cri_0328_HOME.ogg,Sol,,"0,7","15,0",Hyper Cutter,Piège Sable,Sans Limite,50 % femelle; 50 % mâle,255.0,20.0,Insectoïde,Draconique,+1 Att.,73 exp.,1 059 860 exp.,45.0,100.0,45.0,45.0,45.0,10.0,
750,Spinda,Spinda,327,/images/6/61/Spinda-RS.png,/images/7/73/Cri_0327_HOME.ogg,Normal,,"1,1","5,0",Tempo Perso,Pieds Confus,Contestation,50 % femelle; 50 % mâle,255.0,15.0,Terrestre,Humanoïde,+1 Att. Spé,85 exp.,800 000 exp.,60.0,60.0,60.0,60.0,60.0,60.0,
751,Groret,Grumpig,326,/images/c/c7/Groret-RS.png,/images/7/73/Cri_0326_HOME.ogg,Psy,,"0,9","71,5",Isograisse,Tempo Perso,Gloutonnerie,50 % femelle; 50 % mâle,60.0,20.0,Terrestre,,+2 Déf. Spé,164 exp.,800 000 exp.,80.0,45.0,65.0,65.0,110.0,80.0,
752,Spoink,Spoink,325,/images/5/52/Spoink-RS.png,/images/e/eb/Cri_0325_HOME.ogg,Psy,,"0,7","30,6",Isograisse,Tempo Perso,Gloutonnerie,50 % femelle; 50 % mâle,255.0,20.0,Terrestre,,+1 Déf. Spé,89 exp.,800 000 exp.,60.0,25.0,35.0,35.0,80.0,60.0,
753,Chartor,Torkoal,324,/images/8/8e/Chartor-RS.png,/images/2/25/Cri_0324_HOME.ogg,Feu,,"0,5","80,4",Écran Fumée,Sécheresse,Coque Armure,50 % femelle; 50 % mâle,90.0,20.0,Terrestre,,+2 Déf.,161 exp.,1 000 000 exp.,70.0,85.0,140.0,140.0,70.0,20.0,
754,Méga-Camérupt,Mega Camerupt,323,/images/1/15/M%C3%A9ga-Cam%C3%A9rupt-ROSA.png,/images/5/58/Cri_0323_M%C3%A9ga_HOME.ogg,Feu,Sol,"2,5","320,5",Sans Limite,,,50 % femelle; 50 % mâle,,,,,,,,70.0,120.0,100.0,100.0,105.0,20.0,
755,Camérupt,Camerupt,323,/images/c/c6/Cam%C3%A9rupt-RS.png,/images/f/f0/Cri_0323_HOME.ogg,Feu,Sol,"1,9","220,0",Armumagma,Solide Roc,Colérique,50 % femelle; 50 % mâle,150.0,20.0,Terrestre,,+1 Att. ; +1 Att. Spé,175 exp.,1 000 000 exp.,70.0,100.0,70.0,70.0,75.0,40.0,
756,Chamallot,Numel,322,/images/9/95/Chamallot-RS.png,/images/1/13/Cri_0322_HOME.ogg,Feu,Sol,"0,7","24,0",Benêt,Simple,Tempo Perso,50 % femelle; 50 % mâle,255.0,20.0,Terrestre,,+1 Att. Spé,88 exp.,1 000 000 exp.,60.0,60.0,40.0,40.0,45.0,35.0,
757,Wailord,Wailord,321,/images/1/1d/Wailord-RS.png,/images/9/93/Cri_0321_HOME.ogg,Eau,,"14,5","398,0",Ignifu-Voile,Benêt,Pression,50 % femelle; 50 % mâle,60.0,40.0,Terrestre,Aquatique 2,+2 PV,206 exp.,1 640 000 exp.,170.0,90.0,45.0,45.0,45.0,60.0,
758,Wailmer,Wailmer,320,/images/f/f9/Wailmer-RS.png,/images/e/e2/Cri_0320_HOME.ogg,Eau,,"2,0","130,0",Ignifu-Voile,Benêt,Pression,50 % femelle; 50 % mâle,125.0,40.0,Terrestre,Aquatique 2,+1 PV,137 exp.,1 640 000 exp.,130.0,70.0,35.0,35.0,35.0,60.0,
759,Méga-Sharpedo,Mega Sharpedo,319,/images/3/34/M%C3%A9ga-Sharpedo-ROSA.png,/images/5/58/Cri_0319_M%C3%A9ga_HOME.ogg,Eau,Ténèbres,"2,5","130,3",Prognathe,,,50 % femelle; 50 % mâle,,,,,,,,70.0,140.0,70.0,70.0,65.0,105.0,
760,Sharpedo,Sharpedo,319,/images/f/f9/Sharpedo-RS.png,/images/9/92/Cri_0319_HOME.ogg,Eau,Ténèbres,"1,8","88,8",Peau Dure,,Turbo,50 % femelle; 50 % mâle,60.0,20.0,Aquatique 2,,+2 Att.,175 exp.,1 250 000 exp.,70.0,120.0,40.0,40.0,40.0,95.0,
761,Carvanha,Carvanha,318,/images/4/4b/Carvanha-RS.png,/images/d/d1/Cri_0318_HOME.ogg,Eau,Ténèbres,"0,8","20,8",Peau Dure,,Turbo,50 % femelle; 50 % mâle,225.0,20.0,Aquatique 2,,+1 Att.,88 exp.,1 250 000 exp.,45.0,90.0,20.0,20.0,20.0,65.0,
762,Avaltout,Swalot,317,/images/6/6e/Avaltout-RS.png,/images/b/b6/Cri_0317_HOME.ogg,Poison,,"1,7","80,0",Suintement,Glu,Gloutonnerie,50 % femelle; 50 % mâle,75.0,20.0,Amorphe,,+2 PV,168 exp.,1 640 000 exp.,100.0,73.0,83.0,83.0,83.0,55.0,
763,Gloupti,Gulpin,316,/images/7/77/Gloupti-RS.png,/images/2/22/Cri_0316_HOME.ogg,Poison,,"0,4","10,3",Suintement,Glu,Gloutonnerie,50 % femelle; 50 % mâle,225.0,20.0,Amorphe,,+1 PV,75 exp.,1 640 000 exp.,70.0,43.0,53.0,53.0,53.0,40.0,
764,Rosélia,Roselia,315,/images/b/ba/Ros%C3%A9lia-RS.png,/images/0/01/Cri_0315_HOME.ogg,Plante,Poison,"0,3","2,0",Médic Nature,Point Poison,Feuille Garde,50 % femelle; 50 % mâle,150.0,20.0,Féerique,Végétal,+2 Att. Spé (+1 en troisième génération),152 exp.,1 059 860 exp.,50.0,60.0,45.0,45.0,80.0,65.0,
765,Lumivole,Illumise,314,/images/9/96/Lumivole-RS.png,/images/6/6d/Cri_0314_HOME.ogg,Insecte,,"0,6","17,7",Benêt,Lentiteintée,Farceur,100 % femelle; 0 % mâle,150.0,15.0,Insectoïde,Humanoïde,+1 Vit.,146 exp.,1 640 000 exp.,65.0,47.0,75.0,75.0,85.0,85.0,
766,Muciole,Volbeat,313,/images/5/5d/Muciole-RS.png,/images/3/36/Cri_0313_HOME.ogg,Insecte,,"0,7","17,7",Lumiattirance,Essaim,Farceur,0 % femelle; 100 % mâle,150.0,15.0,Insectoïde,Humanoïde,+1 Vit.,146 exp.,600 000 exp.,65.0,73.0,75.0,75.0,85.0,85.0,
767,Négapi,Minun,312,/images/b/bf/N%C3%A9gapi-RS.png,/images/f/f8/Cri_0312_HOME.ogg,Électrik,,"0,4","4,2",Moins,,Absorbe-Volt,50 % femelle; 50 % mâle,200.0,20.0,Féerique,,+1 Vit.,120 exp.,1 000 000 exp.,60.0,40.0,50.0,50.0,85.0,95.0,
768,Posipi,Plusle,311,/images/7/70/Posipi-RS.png,/images/c/cf/Cri_0311_HOME.ogg,Électrik,,"0,4","4,2",Plus,,Paratonnerre,50 % femelle; 50 % mâle,200.0,20.0,Féerique,,+1 Vit.,120 exp.,1 000 000 exp.,60.0,50.0,40.0,40.0,75.0,95.0,
769,Méga-Élecsprint,Mega Manectric,310,/images/2/22/M%C3%A9ga-%C3%89lecsprint-XY.png,/images/3/37/Cri_0310_M%C3%A9ga_HOME.ogg,Électrik,,"1,8","44,0",Intimidation,,,50 % femelle; 50 % mâle,,,,,,,,70.0,75.0,80.0,80.0,80.0,135.0,
770,Élecsprint,Manectric,310,/images/b/b2/%C3%89lecsprint-RS.png,/images/2/2e/Cri_0310_HOME.ogg,Électrik,,"1,5","40,2",Statik,Paratonnerre,Moins,50 % femelle; 50 % mâle,45.0,20.0,Terrestre,,+2 Vit.,168 exp.,1 250 000 exp.,70.0,75.0,60.0,60.0,60.0,105.0,
771,Dynavolt,Electrike,309,/images/0/07/Dynavolt-RS.png,/images/a/ad/Cri_0309_HOME.ogg,Électrik,,"0,6","15,2",Paratonnerre,Statik,Moins,50 % femelle; 50 % mâle,120.0,20.0,Terrestre,,+1 Vit.,104 exp.,1 250 000 exp.,40.0,45.0,40.0,40.0,40.0,65.0,
772,Méga-Charmina,Mega Medicham,308,/images/d/d1/M%C3%A9ga-Charmina-XY.png,/images/c/c1/Cri_0308_M%C3%A9ga_HOME.ogg,Combat,Psy,"1,3","31,5",Force Pure,,,50 % femelle; 50 % mâle,,,,,,,,60.0,100.0,85.0,85.0,85.0,100.0,
773,Charmina,Medicham,308,/images/3/30/Charmina-RS.png,/images/b/b2/Cri_0308_HOME.ogg,Combat,Psy,"1,3","31,5",Force Pure,,Télépathe,50 % femelle; 50 % mâle,90.0,20.0,Humanoïde,,+2 Vit.,153 exp.,1 000 000 exp.,60.0,60.0,75.0,75.0,75.0,80.0,
774,Méditikka,Meditite,307,/images/6/6e/M%C3%A9ditikka-RS.png,/images/e/e7/Cri_0307_HOME.ogg,Combat,Psy,"0,6","11,2",Force Pure,,Télépathe,50 % femelle; 50 % mâle,180.0,20.0,Humanoïde,,+1 Vit.,91 exp.,1 000 000 exp.,30.0,40.0,55.0,55.0,55.0,60.0,
775,Méga-Galeking,Mega Aggron,306,/images/1/1d/M%C3%A9ga-Galeking-XY.png,/images/6/6d/Cri_0306_M%C3%A9ga_HOME.ogg,Acier,,"2,2","395,0",Filtre,,,50 % femelle; 50 % mâle,,,,,,,,70.0,140.0,230.0,230.0,80.0,50.0,
776,Galeking,Aggron,306,/images/1/1f/Galeking-RS.png,/images/1/12/Cri_0306_HOME.ogg,Acier,Roche,"2,1","360,0",Fermeté,Tête de Roc,Heavy Metal,50 % femelle; 50 % mâle,45.0,35.0,Monstrueux,,+3 Déf.,205 exp.,1 250 000 exp.,70.0,110.0,180.0,180.0,60.0,50.0,
777,Galegon,Lairon,305,/images/f/f7/Galegon-RS.png,/images/8/88/Cri_0305_HOME.ogg,Acier,Roche,"0,9","120,0",Fermeté,Tête de Roc,Heavy Metal,50 % femelle; 50 % mâle,90.0,35.0,Monstrueux,,+2 Déf.,152 exp.,1 250 000 exp.,60.0,90.0,140.0,140.0,50.0,40.0,
778,Galekid,Aron,304,/images/b/bb/Galekid-RS.png,/images/3/3f/Cri_0304_HOME.ogg,Acier,Roche,"0,4","60,0",Fermeté,Tête de Roc,Heavy Metal,50 % femelle; 50 % mâle,180.0,35.0,Monstrueux,,+1 Déf.,96 exp.,1 250 000 exp.,50.0,70.0,100.0,100.0,40.0,30.0,
779,Méga-Mysdibule,Mega Mawile,303,/images/9/96/M%C3%A9ga-Mysdibule-XY.png,/images/2/2e/Cri_0303_M%C3%A9ga_HOME.ogg,Acier,Fée,"1,0","23,5",Coloforce,,,50 % femelle; 50 % mâle,,,,,,,,50.0,105.0,125.0,125.0,95.0,50.0,
780,Mysdibule,Mawile,303,/images/c/cd/Mysdibule-RS.png,/images/1/11/Cri_0303_HOME.ogg,Acier,Fée,"0,6","11,5",Hyper Cutter,Intimidation,Sans Limite,50 % femelle; 50 % mâle,45.0,20.0,Terrestre,Féerique,+1 Att. ; +1 Déf.,98 exp.,800 000 exp.,50.0,85.0,85.0,85.0,55.0,50.0,
781,Méga-Ténéfix,Mega Sableye,302,/images/7/7e/M%C3%A9ga-T%C3%A9n%C3%A9fix-ROSA.png,/images/9/96/Cri_0302_M%C3%A9ga_HOME.ogg,Ténèbres,Spectre,"0,5","161,0",Miroir Magik,,,50 % femelle; 50 % mâle,,,,,,,,50.0,85.0,125.0,125.0,115.0,20.0,
782,Ténéfix,Sableye,302,/images/6/60/T%C3%A9n%C3%A9fix-RS.png,/images/f/f9/Cri_0302_HOME.ogg,Ténèbres,Spectre,"0,5","11,0",Regard Vif,Frein,Farceur,50 % femelle; 50 % mâle,45.0,25.0,Humanoïde,,+1 Att. ; +1 Déf.,98 exp.,1 059 860 exp.,50.0,75.0,75.0,75.0,65.0,50.0,
783,Delcatty,Delcatty,301,/images/7/73/Delcatty-RS.png,/images/d/df/Cri_0301_HOME.ogg,Normal,,"1,1","32,6",Joli Sourire,Normalise,Peau Miracle,75 % femelle; 25 % mâle,60.0,15.0,Terrestre,Féerique,+1 PV ; +1 Vit.,138 exp.,800 000 exp.,70.0,65.0,65.0,65.0,55.0,90.0,
784,Skitty,Skitty,300,/images/2/2d/Skitty-RS.png,/images/d/d4/Cri_0300_HOME.ogg,Normal,,"0,6","11,0",Joli Sourire,Normalise,Peau Miracle,75 % femelle; 25 % mâle,255.0,15.0,Terrestre,Féerique,+1 Vit.,65 exp.,800 000 exp.,50.0,45.0,45.0,45.0,35.0,50.0,
785,Tarinor,Nosepass,299,/images/7/71/Tarinor-RS.png,/images/c/cb/Cri_0299_HOME.ogg,Roche,,"1,0","97,0",Fermeté,Magnépiège,Force Sable,50 % femelle; 50 % mâle,255.0,20.0,Minéral,,+1 Déf.,108 exp.,1 000 000 exp.,30.0,45.0,135.0,135.0,90.0,30.0,
786,Azurill,Azurill,298,/images/c/c0/Azurill-RS.png,/images/7/73/Cri_0298_HOME.ogg,Normal,Fée,"0,2","2,0",Isograisse,Coloforce,Herbivore,75 % femelle; 25 % mâle,150.0,10.0,Inconnu,,+1 PV,33 exp.,800 000 exp.,50.0,20.0,40.0,40.0,40.0,20.0,
787,Hariyama,Hariyama,297,/images/6/61/Hariyama-RS.png,/images/6/63/Cri_0297_HOME.ogg,Combat,,"2,3","253,8",Isograisse,Cran,Sans Limite,25 % femelle; 75 % mâle,200.0,20.0,Humanoïde,,+2 PV,184 exp.,1 640 000 exp.,144.0,120.0,60.0,60.0,60.0,50.0,
788,Makuhita,Makuhita,296,/images/d/d9/Makuhita-RS.png,/images/3/3f/Cri_0296_HOME.ogg,Combat,,"1,0","86,4",Isograisse,Cran,Sans Limite,25 % femelle; 75 % mâle,180.0,20.0,Humanoïde,,+1 PV,87 exp.,1 640 000 exp.,72.0,60.0,30.0,30.0,30.0,25.0,
789,Brouhabam,Exploud,295,/images/e/eb/Brouhabam-RS.png,/images/d/d5/Cri_0295_HOME.ogg,Normal,,"1,5","84,0",Anti-Bruit,,Querelleur,50 % femelle; 50 % mâle,45.0,20.0,Monstrueux,Terrestre,+3 PV,184 exp.,1 059 860 exp.,104.0,91.0,63.0,63.0,73.0,68.0,
790,Ramboum,Loudred,294,/images/5/5d/Ramboum-RS.png,/images/0/0d/Cri_0294_HOME.ogg,Normal,,"1,0","40,5",Anti-Bruit,,Querelleur,50 % femelle; 50 % mâle,120.0,20.0,Monstrueux,Terrestre,+2 PV,126 exp.,1 059 860 exp.,84.0,71.0,43.0,43.0,43.0,48.0,
791,Chuchmur,Whismur,293,/images/e/ea/Chuchmur-RS.png,/images/2/2c/Cri_0293_HOME.ogg,Normal,,"0,6","16,3",Anti-Bruit,,Phobique,50 % femelle; 50 % mâle,190.0,20.0,Monstrueux,Terrestre,+1 PV,68 exp.,1 059 860 exp.,64.0,51.0,23.0,23.0,23.0,28.0,
792,Munja,Shedinja,292,/images/4/40/Munja-RS.png,/images/3/32/Cri_0292_HOME.ogg,Insecte,Spectre,"0,8","1,2",Garde Mystik,,,Asexué,45.0,15.0,Minéral,,+2 PV,95 exp.,600 000 exp.,1.0,90.0,45.0,45.0,30.0,40.0,
793,Ninjask,Ninjask,291,/images/7/74/Ninjask-RS.png,/images/3/31/Cri_0291_HOME.ogg,Insecte,Vol,"0,8","12,0",Turbo,,Infiltration,50 % femelle; 50 % mâle,120.0,15.0,Insectoïde,,+2 Vit.,155 exp.,600 000 exp.,61.0,90.0,45.0,45.0,50.0,160.0,
794,Ningale,Nincada,290,/images/f/f6/Ningale-RS.png,/images/7/78/Cri_0290_HOME.ogg,Insecte,Sol,"0,5","5,5",Œil Composé,,Fuite,50 % femelle; 50 % mâle,255.0,15.0,Insectoïde,,+1 Déf.,65 exp.,600 000 exp.,31.0,45.0,90.0,90.0,30.0,40.0,
795,Monaflèmit,Slaking,289,/images/3/31/Monafl%C3%A8mit-RS.png,/images/1/14/Cri_0289_HOME.ogg,Normal,,"2,0","130,5",Absentéisme,,,50 % femelle; 50 % mâle,45.0,15.0,Terrestre,,+3 PV,210 exp.,1 250 000 exp.,150.0,160.0,100.0,100.0,65.0,100.0,
796,Vigoroth,Vigoroth,288,/images/c/ce/Vigoroth-RS.png,/images/b/b2/Cri_0288_HOME.ogg,Normal,,"1,4","46,5",Esprit Vital,,,50 % femelle; 50 % mâle,120.0,15.0,Terrestre,,+2 Vit.,126 exp.,1 250 000 exp.,80.0,80.0,80.0,80.0,55.0,90.0,
797,Parecool,Slakoth,287,/images/d/d1/Parecool-RS.png,/images/0/0d/Cri_0287_HOME.ogg,Normal,,"0,8","24,0",Absentéisme,,,50 % femelle; 50 % mâle,255.0,15.0,Terrestre,,+1 PV,83 exp.,1 250 000 exp.,60.0,60.0,60.0,60.0,35.0,30.0,
798,Chapignon,Breloom,286,/images/3/34/Chapignon-RS.png,/images/2/2c/Cri_0286_HOME.ogg,Plante,Combat,"1,2","39,2",Pose Spore,Soin Poison,Technicien,50 % femelle; 50 % mâle,90.0,15.0,Féerique,Végétal,+2 Att.,165 exp.,1 640 000 exp.,60.0,130.0,80.0,80.0,60.0,70.0,
799,Balignon,Shroomish,285,/images/8/84/Balignon-RS.png,/images/0/03/Cri_0285_HOME.ogg,Plante,,"0,4","4,5",Pose Spore,Soin Poison,Pied Véloce,50 % femelle; 50 % mâle,255.0,15.0,Féerique,Végétal,+1 PV,65 exp.,1 640 000 exp.,60.0,40.0,60.0,60.0,60.0,35.0,
800,Maskadra,Masquerain,284,/images/a/a9/Maskadra-RS.png,/images/9/9c/Cri_0284_HOME.ogg,Insecte,Vol,"0,8","3,6",Intimidation,,Tension,50 % femelle; 50 % mâle,75.0,15.0,Aquatique 1,Insectoïde,+1 Att. Spé ; +1 Déf. Spé,128 exp.,1 000 000 exp.,70.0,60.0,62.0,62.0,82.0,80.0,
801,Arakdo,Surskit,283,/images/c/c5/Arakdo-RS.png,/images/d/d1/Cri_0283_HOME.ogg,Insecte,Eau,"0,5","1,7",Glissade,,Cuvette,50 % femelle; 50 % mâle,200.0,15.0,Aquatique 1,Insectoïde,+1 Vit.,63 exp.,1 000 000 exp.,40.0,30.0,32.0,32.0,50.0,65.0,
802,Méga-Gardevoir,Mega Gardevoir,282,/images/1/12/M%C3%A9ga-Gardevoir-XY.png,/images/9/92/Cri_0282_M%C3%A9ga_HOME.ogg,Psy,Fée,"1,6","48,4",Peau Féérique,,,50 % femelle; 50 % mâle,,,,,,,,68.0,85.0,65.0,65.0,135.0,100.0,
803,Gardevoir,Gardevoir,282,/images/3/30/Gardevoir-RS.png,/images/8/80/Cri_0282_HOME.ogg,Psy,Fée,"1,6","48,4",Synchro,Calque,Télépathe,50 % femelle; 50 % mâle,45.0,20.0,Amorphe,Humanoïde,+3 Att. Spé,208 exp.,1 250 000 exp.,68.0,65.0,65.0,65.0,115.0,80.0,
804,Kirlia,Kirlia,281,/images/7/70/Kirlia-RS.png,/images/5/5f/Cri_0281_HOME.ogg,Psy,Fée,"0,8","20,2",Synchro,Calque,Télépathe,50 % femelle; 50 % mâle,120.0,20.0,Amorphe,Humanoïde,+2 Att. Spé,140 exp.,1 250 000 exp.,38.0,35.0,35.0,35.0,55.0,50.0,
805,Tarsal,Ralts,280,/images/f/fe/Tarsal-RS.png,/images/7/7e/Cri_0280_HOME.ogg,Psy,Fée,"0,4","6,6",Synchro,Calque,Télépathe,50 % femelle; 50 % mâle,235.0,20.0,Amorphe,Humanoïde,+1 Att. Spé,70 exp.,1 250 000 exp.,28.0,25.0,25.0,25.0,35.0,40.0,
806,Bekipan,Pelipper,279,/images/f/fd/Bekipan-RS.png,/images/d/da/Cri_0279_HOME.ogg,Eau,Vol,"1,2","28,0",Regard Vif,Crachin,Cuvette,50 % femelle; 50 % mâle,45.0,20.0,Aquatique 1,Aérien,+2 Déf.,154 exp. (164 jusqu'à la 4,1 000 000 exp.,60.0,50.0,100.0,100.0,70.0,65.0,
807,Goélise,Wingull,278,/images/d/d3/Go%C3%A9lise-RS.png,/images/2/22/Cri_0278_HOME.ogg,Eau,Vol,"0,6","9,5",Regard Vif,Hydratation,Cuvette,50 % femelle; 50 % mâle,190.0,20.0,Aquatique 1,Aérien,+1 Vit.,64 exp.,1 000 000 exp.,40.0,30.0,30.0,30.0,30.0,85.0,
808,Hélédelle,Swellow,277,/images/b/bc/H%C3%A9l%C3%A9delle-RS.png,/images/7/7b/Cri_0277_HOME.ogg,Normal,Vol,"0,7","19,8",Cran,,Querelleur,50 % femelle; 50 % mâle,45.0,15.0,Aérien,,+2 Vit.,162 exp.,1 059 860 exp.,60.0,85.0,60.0,60.0,50.0,125.0,
809,Nirondelle,Taillow,276,/images/5/5c/Nirondelle-RS.png,/images/b/b9/Cri_0276_HOME.ogg,Normal,Vol,"0,3","2,3",Cran,,Querelleur,50 % femelle; 50 % mâle,200.0,15.0,Aérien,,+1 Vit.,59 exp.,1 059 860 exp.,40.0,55.0,30.0,30.0,30.0,85.0,
810,Tengalice,Shiftry,275,/images/d/d2/Tengalice-RS.png,/images/1/1d/Cri_0275_HOME.ogg,Plante,Ténèbres,"1,3","59,6",Chlorophylle,Matinal (gen :8) / Aéroporté (gen 9:),Pickpocket,50 % femelle; 50 % mâle,45.0,15.0,Terrestre,Végétal,+3 Att.,181 exp.,1 059 860 exp.,90.0,100.0,60.0,60.0,60.0,80.0,
811,Pifeuil,Nuzleaf,274,/images/f/fb/Pifeuil-RS.png,/images/5/51/Cri_0274_HOME.ogg,Plante,Ténèbres,"1,0","28,0",Chlorophylle,Matinal,Pickpocket,50 % femelle; 50 % mâle,120.0,15.0,Terrestre,Végétal,+2 Att.,141 exp.,1 059 860 exp.,70.0,70.0,40.0,40.0,40.0,60.0,
812,Grainipiot,Seedot,273,/images/9/99/Grainipiot-RS.png,/images/9/9c/Cri_0273_HOME.ogg,Plante,,"0,5","4,0",Chlorophylle,Matinal,Pickpocket,50 % femelle; 50 % mâle,255.0,15.0,Terrestre,Végétal,+1 Déf.,74 exp.,1 059 860 exp.,40.0,40.0,50.0,50.0,30.0,30.0,
813,Ludicolo,Ludicolo,272,/images/c/c3/Ludicolo-RS.png,/images/a/af/Cri_0272_HOME.ogg,Eau,Plante,"1,5","55,0",Glissade,Cuvette,Tempo Perso,50 % femelle; 50 % mâle,45.0,15.0,Aquatique 1,Végétal,+3 Déf. Spé,181 exp.,1 059 860 exp.,80.0,70.0,70.0,70.0,100.0,70.0,
814,Lombre,Lombre,271,/images/2/2d/Lombre-RS.png,/images/4/44/Cri_0271_HOME.ogg,Eau,Plante,"1,2","32,5",Glissade,Cuvette,Tempo Perso,50 % femelle; 50 % mâle,120.0,15.0,Aquatique 1,Végétal,+2 Déf. Spé,141 exp.,1 059 860 exp.,60.0,50.0,50.0,50.0,70.0,50.0,
815,Nénupiot,Lotad,270,/images/f/f4/N%C3%A9nupiot-RS.png,/images/9/9c/Cri_0270_HOME.ogg,Eau,Plante,"0,5","2,6",Glissade,Cuvette,Tempo Perso,50 % femelle; 50 % mâle,255.0,15.0,Aquatique 1,Végétal,+1 Déf. Spé,74 exp.,1 059 860 exp.,40.0,30.0,30.0,30.0,50.0,30.0,
816,Papinox,Dustox,269,/images/1/1d/Papinox-RS.png,/images/0/09/Cri_0269_HOME.ogg,Insecte,Poison,"1,2","31,6",Écran Poudre,,Œil Composé,50 % femelle; 50 % mâle,45.0,15.0,Insectoïde,,+3 Déf. Spé,161 exp.,1 000 000 exp.,60.0,50.0,70.0,70.0,90.0,65.0,
817,Blindalys,Cascoon,268,/images/0/0f/Blindalys-RS.png,/images/c/c6/Cri_0268_HOME.ogg,Insecte,,"0,7","11,5",Mue,,,50 % femelle; 50 % mâle,120.0,15.0,Insectoïde,,+2 Déf.,72 exp.,1 000 000 exp.,50.0,35.0,55.0,55.0,25.0,15.0,
818,Charmillon,Beautifly,267,/images/8/82/Charmillon-RS.png,/images/d/dc/Cri_0267_HOME.ogg,Insecte,Vol,"1,0","28,4",Essaim,,Rivalité,50 % femelle; 50 % mâle,45.0,15.0,Insectoïde,,+3 Att. Spé,161 exp.,1 000 000 exp.,60.0,70.0,50.0,50.0,50.0,65.0,
819,Armulys,Silcoon,266,/images/4/45/Armulys-RS.png,/images/0/02/Cri_0266_HOME.ogg,Insecte,,"0,6","10,0",Mue,,,50 % femelle; 50 % mâle,120.0,15.0,Insectoïde,,+2 Déf.,72 exp.,1 000 000 exp.,50.0,35.0,55.0,55.0,25.0,15.0,
820,Chenipotte,Wurmple,265,/images/b/b9/Chenipotte-RS.png,/images/8/8a/Cri_0265_HOME.ogg,Insecte,,"0,3","3,6",Écran Poudre,,Fuite,50 % femelle; 50 % mâle,255.0,15.0,Insectoïde,,+1 PV,54 exp.,1 000 000 exp.,45.0,45.0,35.0,35.0,30.0,20.0,
821,Linéon de Galar,Galarian Linoone,264,/images/c/c5/Lin%C3%A9on_de_Galar-EB.png,/images/1/12/Cri_0264_HOME.ogg,Ténèbres,Normal,"0,5","32,5",Ramassage,Gloutonnerie,Pied Véloce,50 % femelle; 50 % mâle,90.0,15.0,Terrestre,,+2 Vitesse,128 exp.,1 000 000 exp.,78.0,70.0,61.0,61.0,61.0,100.0,
822,Linéon,Linoone,264,/images/b/b5/Lin%C3%A9on-RS.png,/images/1/12/Cri_0264_HOME.ogg,Normal,,"0,5","32,5",Ramassage,Gloutonnerie,Pied Véloce,50 % femelle; 50 % mâle,90.0,15.0,Terrestre,,+2 Vit.,128 exp.,1 000 000 exp.,78.0,70.0,61.0,61.0,61.0,100.0,
823,Zigzaton de Galar,Galarian Zigzagoon,263,/images/1/1b/Zigzaton_de_Galar-EB.png,/images/4/47/Cri_0263_HOME.ogg,Ténèbres,Normal,"0,4","17,5",Ramassage,Gloutonnerie,Pied Véloce,50 % femelle; 50 % mâle,255.0,15.0,Terrestre,,+1 Vitesse,60 exp.,1 000 000 exp.,38.0,30.0,41.0,41.0,41.0,60.0,
824,Zigzaton,Zigzagoon,263,/images/5/53/Zigzaton-RS.png,/images/4/47/Cri_0263_HOME.ogg,Normal,,"0,4","17,5",Ramassage,Gloutonnerie,Pied Véloce,50 % femelle; 50 % mâle,255.0,15.0,Terrestre,,+1 Vit.,60 exp.,1 000 000 exp.,38.0,30.0,41.0,41.0,41.0,60.0,
825,Grahyèna,Mightyena,262,/images/2/25/Grahy%C3%A8na-RS.png,/images/a/a5/Cri_0262_HOME.ogg,Ténèbres,,"1,0","37,0",Intimidation,Pied Véloce,Impudence,50 % femelle; 50 % mâle,127.0,15.0,Terrestre,,+2 Att.,128 exp.,1 000 000 exp.,70.0,90.0,70.0,70.0,60.0,70.0,
826,Medhyèna,Poochyena,261,/images/f/f9/Medhy%C3%A8na-RS.png,/images/c/cc/Cri_0261_HOME.ogg,Ténèbres,,"0,5","13,6",Fuite,Pied Véloce,Phobique,50 % femelle; 50 % mâle,255.0,15.0,Terrestre,,+1 Att.,55 exp.,1 000 000 exp.,35.0,55.0,35.0,35.0,30.0,35.0,
827,Méga-Laggron,Mega Swampert,260,/images/6/66/M%C3%A9ga-Laggron-ROSA.png,/images/6/62/Cri_0260_M%C3%A9ga_HOME.ogg,Eau,Sol,"1,9","102,0",Glissade,,,12.5 % femelle; 87.5 % mâle,,,,,,,,100.0,150.0,110.0,110.0,110.0,70.0,
828,Laggron,Swampert,260,/images/6/68/Laggron-RS.png,/images/6/66/Cri_0260_HOME.ogg,Eau,Sol,"1,6","81,9",Torrent,,Moiteur,12.5 % femelle; 87.5 % mâle,45.0,20.0,Monstrueux,Aquatique 1,+3 Att.,210 exp.,1 059 860 exp.,100.0,110.0,90.0,90.0,90.0,60.0,
829,Flobio,Marshtomp,259,/images/e/e1/Flobio-RS.png,/images/5/5d/Cri_0259_HOME.ogg,Eau,Sol,"0,7","28,0",Torrent,,Moiteur,12.5 % femelle; 87.5 % mâle,45.0,20.0,Monstrueux,Aquatique 1,+2 Att.,143 exp.,1 059 860 exp.,70.0,85.0,70.0,70.0,70.0,50.0,
830,Gobou,Mudkip,258,/images/7/7e/Gobou-ROSA.png,/images/1/18/Cri_0258_HOME.ogg,Eau,,"0,4","7,6",Torrent,,Moiteur,12.5 % femelle; 87.5 % mâle,45.0,20.0,Monstrueux,Aquatique 1,+1 Att.,65 exp.,1 059 860 exp.,50.0,70.0,50.0,50.0,50.0,40.0,
831,Méga-Braségali,Mega Blaziken,257,/images/d/d8/M%C3%A9ga-Bras%C3%A9gali-XY.png,/images/0/0e/Cri_0257_M%C3%A9ga_HOME.ogg,Feu,Combat,"1,9","52,0",Turbo,,,12.5 % femelle; 87.5 % mâle,,,,,,,,80.0,160.0,80.0,80.0,80.0,100.0,
832,Braségali,Blaziken,257,/images/0/07/Bras%C3%A9gali-RS.png,/images/b/b0/Cri_0257_HOME.ogg,Feu,Combat,"1,9","52,0",Brasier,,Turbo,12.5 % femelle; 87.5 % mâle,45.0,20.0,Terrestre,,+3 Att.,209 exp.,1 059 860 exp.,80.0,120.0,70.0,70.0,70.0,80.0,
833,Galifeu,Combusken,256,/images/7/7c/Galifeu-RS.png,/images/2/24/Cri_0256_HOME.ogg,Feu,Combat,"0,9","19,5",Brasier,,Turbo,12.5 % femelle; 87.5 % mâle,45.0,20.0,Terrestre,,+1 Att. ; +1 Att. Spé,142 exp.,1 059 860 exp.,60.0,85.0,60.0,60.0,60.0,55.0,
834,Poussifeu,Torchic,255,/images/5/5d/Poussifeu-ROSA.png,/images/5/59/Cri_0255_HOME.ogg,Feu,,"0,4","2,5",Brasier,,Turbo,12.5 % femelle; 87.5 % mâle,45.0,20.0,Terrestre,,+1 Att. Spé,65 exp.,1 059 860 exp.,45.0,60.0,40.0,40.0,50.0,45.0,
835,Méga-Jungko,Mega Sceptile,254,/images/d/d3/M%C3%A9ga-Jungko-ROSA.png,/images/b/ba/Cri_0254_M%C3%A9ga_HOME.ogg,Plante,Dragon,"1,9","55,2",Paratonnerre,,,12.5 % femelle; 87.5 % mâle,,,,,,,,70.0,110.0,75.0,75.0,85.0,145.0,
836,Jungko,Sceptile,254,/images/d/d3/Jungko-RS.png,/images/e/e5/Cri_0254_HOME.ogg,Plante,,"1,7","52,2",Engrais,,Délestage,12.5 % femelle; 87.5 % mâle,45.0,20.0,Monstrueux,Draconique,+3 Vit.,208 exp.,1 059 860 exp.,70.0,85.0,65.0,65.0,85.0,120.0,
837,Massko,Grovyle,253,/images/f/fe/Massko-RS.png,/images/0/0d/Cri_0253_HOME.ogg,Plante,,"0,9","21,6",Engrais,,Délestage,12.5 % femelle; 87.5 % mâle,45.0,20.0,Monstrueux,Draconique,+2 Vit.,141 exp.,1 059 860 exp.,50.0,65.0,45.0,45.0,65.0,95.0,
838,Arcko,Treecko,252,/images/9/93/Arcko-ROSA.png,/images/1/15/Cri_0252_HOME.ogg,Plante,,"0,5","5,0",Engrais,,Délestage,12.5 % femelle; 87.5 % mâle,45.0,20.0,Monstrueux,Draconique,+1 Vit.,65 exp.,1 059 860 exp.,40.0,45.0,35.0,35.0,55.0,70.0,
839,Celebi,Celebi,251,/images/0/0a/Celebi-HGSS.png,/images/d/df/Cri_0251_HOME.ogg,Psy,Plante,"0,6","5,0",Médic Nature,,,Asexué,45.0,120.0,Inconnu,,+3 PV,64 exp.,1 059 860 exp.,100.0,100.0,100.0,100.0,100.0,100.0,
840,Ho-Oh,Ho-Oh,250,/images/4/40/Ho-Oh-HGSS.png,/images/4/49/Cri_0250_HOME.ogg,Feu,Vol,"3,8","199,0",Pression,,Régé-Force,Asexué,3.0,120.0,Inconnu,,+3 Déf. Spé,211 exp.,1 250 000 exp.,106.0,130.0,90.0,90.0,154.0,90.0,
841,Lugia,Lugia,249,/images/c/c0/Lugia-HGSS.png,/images/c/cd/Cri_0249_HOME.ogg,Psy,Vol,"5,2","216,0",Pression,,Multiécaille,Asexué,3.0,120.0,Inconnu,,+3 Déf. Spé,220 exp.,1 250 000 exp.,106.0,90.0,130.0,130.0,154.0,110.0,
842,Méga-Tyranocif,Mega Tyranitar,248,/images/c/c7/M%C3%A9ga-Tyranocif-XY.png,/images/d/d7/Cri_0248_M%C3%A9ga_HOME.ogg,Roche,Ténèbres,"2,5","255,0",Sable Volant,,,50 % femelle; 50 % mâle,,,,,,,,100.0,164.0,150.0,150.0,120.0,71.0,
843,Tyranocif,Tyranitar,248,/images/e/e2/Tyranocif-HGSS.png,/images/1/13/Cri_0248_HOME.ogg,Roche,Ténèbres,"2,0","202,0",Sable Volant,,Tension,50 % femelle; 50 % mâle,45.0,40.0,Monstrueux,,+3 Att.,218 exp.,1 250 000 exp.,100.0,134.0,110.0,110.0,100.0,61.0,
844,Ymphect,Pupitar,247,/images/e/ef/Ymphect-HGSS.png,/images/3/36/Cri_0247_HOME.ogg,Roche,Sol,"1,2","152,0",Mue,,,50 % femelle; 50 % mâle,45.0,40.0,Monstrueux,,+2 Att.,144 exp.,1 250 000 exp.,70.0,84.0,70.0,70.0,70.0,51.0,
845,Embrylex,Larvitar,246,/images/9/92/Embrylex-HGSS.png,/images/9/9f/Cri_0246_HOME.ogg,Roche,Sol,"0,6","72,0",Cran,,Voile Sable,50 % femelle; 50 % mâle,45.0,40.0,Monstrueux,,+1 Att.,67 exp.,1 250 000 exp.,50.0,64.0,50.0,50.0,50.0,41.0,
846,Suicune,Suicune,245,/images/5/51/Suicune-DEPS.png,/images/3/3c/Cri_0245_HOME.ogg,Eau,,"2,0","187,0",Pression,Attention,talent caché,Asexué,3.0,80.0,Inconnu,,+1 Déf. ; +2 Déf. Spé,216 exp.,1 250 000 exp.,100.0,75.0,115.0,115.0,115.0,85.0,
847,Entei,Entei,244,/images/9/90/Entei-HGSS.png,/images/e/e9/Cri_0244_HOME.ogg,Feu,,"2,1","198,0",Pression,Attention,talent caché,Asexué,3.0,80.0,Inconnu,,+1 PV ; +2 Att.,217 exp.,1 250 000 exp.,115.0,115.0,85.0,85.0,75.0,100.0,
848,Raikou,Raikou,243,/images/7/7b/Raikou-HGSS.png,/images/f/f3/Cri_0243_HOME.ogg,Électrik,,"1,9","178,0",Pression,Attention,talent caché,Asexué,3.0,80.0,Inconnu,,+1 Att. Spé ; +2 Vit.,216 exp.,1 250 000 exp.,90.0,85.0,75.0,75.0,100.0,115.0,
849,Leuphorie,Blissey,242,/images/d/d0/Leuphorie-HGSS.png,/images/5/5a/Cri_0242_HOME.ogg,Normal,,"1,5","46,8",Médic Nature,Sérénité,Cœur Soin,100 % femelle; 0 % mâle,30.0,40.0,Féerique,,+3 PV,608 exp.,800 000 exp.,255.0,10.0,10.0,10.0,135.0,55.0,
850,Écrémeuh,Miltank,241,/images/2/2b/%C3%89cr%C3%A9meuh-HGSS.png,/images/e/e8/Cri_0241_HOME.ogg,Normal,,"1,2","75,5",Isograisse,Querelleur,Herbivore,100 % femelle; 0 % mâle,45.0,20.0,Terrestre,,+2 Déf.,200 exp.,1 250 000 exp.,95.0,80.0,105.0,105.0,70.0,100.0,
851,Magby,Magby,240,/images/3/33/Magby-HGSS.png,/images/5/5b/Cri_0240_HOME.ogg,Feu,,"0,7","21,4",Corps Ardent,,Esprit Vital,25 % femelle; 75 % mâle,45.0,25.0,Inconnu,,+1 Vit.,117 exp.,1 000 000 exp.,45.0,75.0,37.0,37.0,55.0,83.0,
852,Élekid,Elekid,239,/images/3/3e/%C3%89lekid-RFVF.png,/images/3/3d/Cri_0239_HOME.ogg,Électrik,,"0,6","23,5",Statik,,Esprit Vital,25 % femelle; 75 % mâle,45.0,25.0,Inconnu,,+1 Vit.,106 exp.,1 000 000 exp.,45.0,63.0,37.0,37.0,55.0,95.0,
853,Lippouti,Smoochum,238,/images/b/b2/Lippouti-HGSS.png,/images/2/26/Cri_0238_HOME.ogg,Glace,Psy,"0,6","6,0",Benêt,Prédiction,Hydratation,100 % femelle; 0 % mâle,45.0,25.0,Inconnu,,+1 Att. Spé,87 exp.,1 000 000 exp.,45.0,30.0,15.0,15.0,65.0,65.0,
854,Kapoera,Hitmontop,237,/images/4/4c/Kapoera-HGSS.png,/images/d/dc/Cri_0237_HOME.ogg,Combat,,"1,4","48,0",Intimidation,Technicien,Impassible,0 % femelle; 100 % mâle,45.0,25.0,Humanoïde,,+2 Déf. Spé,137 exp.,1 000 000 exp.,50.0,,,,110.0,70.0,
855,Debugant,Tyrogue,236,/images/3/38/Debugant-HGSS.png,/images/b/b9/Cri_0236_HOME.ogg,Combat,,"0,7","21,0",Cran,Impassible,Esprit Vital,0 % femelle; 100 % mâle,75.0,25.0,Inconnu,,+1 Att.,91 exp.,1 000 000 exp.,35.0,,,,35.0,35.0,
856,Queulorior,Smeargle,235,/images/f/f0/Queulorior-HGSS.png,/images/5/58/Cri_0235_HOME.ogg,Normal,,"1,2","58,0",Technicien,Tempo Perso,Lunatique,50 % femelle; 50 % mâle,45.0,20.0,Terrestre,,+1 Vit.,106 exp.,800 000 exp.,55.0,20.0,35.0,35.0,45.0,75.0,
857,Cerfrousse,Stantler,234,/images/1/1d/Cerfrousse-HGSS.png,/images/4/49/Cri_0234_HOME.ogg,Normal,,"1,4","71,2",Intimidation,Fouille,Herbivore,50 % femelle; 50 % mâle,45.0,20.0,Terrestre,,+1 Att.,165 exp.,1 250 000 exp.,73.0,95.0,62.0,62.0,65.0,85.0,
858,Porygon2,Porygon2,233,/images/b/b6/Porygon2-HGSS.png,/images/7/75/Cri_0233_HOME.ogg,Normal,,"0,6","32,5",Calque,Télécharge,Analyste,Asexué,45.0,20.0,Minéral,,+2 Att. Spé,180 exp.,1 000 000 exp.,85.0,80.0,90.0,90.0,95.0,60.0,
859,Donphan,Donphan,232,/images/e/e3/Donphan-RFVF.png,/images/5/5d/Cri_0232_HOME.ogg,Sol,,"1,1","120,0",Fermeté,,Voile Sable,50 % femelle; 50 % mâle,60.0,20.0,Terrestre,,+1 Att. ; +1 Déf.,189 exp.,1 000 000 exp.,90.0,120.0,120.0,120.0,60.0,50.0,
860,Phanpy,Phanpy,231,/images/3/3f/Phanpy-HGSS.png,/images/9/91/Cri_0231_HOME.ogg,Sol,,"0,5","33,5",Ramassage,,Voile Sable,50 % femelle; 50 % mâle,120.0,20.0,Terrestre,,+1 PV,124 exp.,1 000 000 exp.,90.0,60.0,60.0,60.0,40.0,40.0,
861,Hyporoi,Kingdra,230,/images/9/90/Hyporoi-HGSS.png,/images/9/96/Cri_0230_HOME.ogg,Eau,Dragon,"1,8","152,0",Glissade,Sniper,Moiteur,50 % femelle; 50 % mâle,45.0,20.0,Aquatique 1,Draconique,+1 Att. ; +1 Att. Spé ; +1 Déf. Spé,207 exp.,1 000 000 exp.,75.0,95.0,95.0,95.0,95.0,85.0,
862,Méga-Démolosse,Mega Houndoom,229,/images/8/85/M%C3%A9ga-D%C3%A9molosse-XY.png,/images/5/56/Cri_0229_M%C3%A9ga_HOME.ogg,Ténèbres,Feu,"1,9","49,5",Force Soleil,,,50 % femelle; 50 % mâle,,,,,,,,75.0,90.0,90.0,90.0,90.0,115.0,
863,Démolosse,Houndoom,229,/images/e/ef/D%C3%A9molosse-RFVF.png,/images/2/2f/Cri_0229_HOME.ogg,Ténèbres,Feu,"1,4","35,0",Torche,Matinal,Tension,50 % femelle; 50 % mâle,45.0,20.0,Terrestre,,+2 Att. Spé,204 exp.,1 250 000 exp.,75.0,90.0,50.0,50.0,80.0,95.0,
864,Malosse,Houndour,228,/images/f/fa/Malosse-RFVF.png,/images/6/6e/Cri_0228_HOME.ogg,Ténèbres,Feu,"0,6","10,8",Torche,Matinal,Tension,50 % femelle; 50 % mâle,120.0,20.0,Terrestre,,+1 Att. Spé,114 exp.,1 250 000 exp.,45.0,60.0,30.0,30.0,50.0,65.0,
865,Airmure,Skarmory,227,/images/4/48/Airmure-HGSS.png,/images/7/7a/Cri_0227_HOME.ogg,Acier,Vol,"1,7","50,5",Fermeté,Regard Vif,Armurouillée,50 % femelle; 50 % mâle,25.0,25.0,Aérien,,+2 Déf.,168 exp.,1 250 000 exp.,65.0,80.0,140.0,140.0,70.0,70.0,
866,Démanta,Mantine,226,/images/c/cb/D%C3%A9manta-HGSS.png,/images/b/b3/Cri_0226_HOME.ogg,Eau,Vol,"2,1","220,0",Glissade,Absorbe-Eau,Ignifu-Voile,50 % femelle; 50 % mâle,25.0,25.0,Aquatique 1,,+2 Déf. Spé,168 exp.,1 250 000 exp.,85.0,40.0,70.0,70.0,140.0,70.0,
867,Cadoizo,Delibird,225,/images/2/2f/Cadoizo-HGSS.png,/images/d/d5/Cri_0225_HOME.ogg,Glace,Vol,"0,9","16,0",Esprit Vital,Agitation,Insomnia,50 % femelle; 50 % mâle,45.0,20.0,Aquatique 1,Terrestre,+1 Vitesse,183 exp.,800 000 exp.,45.0,55.0,45.0,45.0,45.0,75.0,
868,Octillery,Octillery,224,/images/7/7d/Octillery-HGSS.png,/images/2/2e/Cri_0224_HOME.ogg,Eau,,"0,9","28,5",Ventouse,Sniper,Lunatique,50 % femelle; 50 % mâle,75.0,20.0,Aquatique 1,Aquatique 2,+1 Attaque ; +1 Attaque Spéciale,164 exp.,1 000 000 exp.,75.0,105.0,75.0,75.0,75.0,45.0,
869,Rémoraid,Remoraid,223,/images/7/70/R%C3%A9moraid-HGSS.png,/images/9/98/Cri_0223_HOME.ogg,Eau,,"0,6","12,0",Agitation,Sniper,Lunatique,50 % femelle; 50 % mâle,190.0,20.0,Aquatique 1,Aquatique 2,+1 Attaque Spéciale,78 exp.,1 000 000 exp.,35.0,65.0,35.0,35.0,35.0,65.0,
870,Corayon de Galar,Galarian Corsola,222,/images/1/12/Corayon_de_Galar-EB.png,/images/9/91/Cri_0222_HOME.ogg,Spectre,,"0,6","0,5",Armurouillée,,Corps Maudit,75 % femelle; 25 % mâle,60.0,20.0,Aquatique 1,Aquatique 3,+1 Défense Spéciale,113 exp.,800 000 exp.,60.0,55.0,100.0,100.0,100.0,30.0,
871,Corayon,Corsola,222,/images/9/9d/Corayon-HGSS.png,/images/9/91/Cri_0222_HOME.ogg,Eau,Roche,"0,6","5,0",Agitation,Médic Nature,Régé-Force,75 % femelle; 25 % mâle,60.0,20.0,Aquatique 1,Aquatique 3,+1 Défense ; +1 Défense Spéciale,113 exp.,800 000 exp.,65.0,55.0,95.0,95.0,95.0,35.0,
872,Cochignon,Piloswine,221,/images/c/cb/Cochignon-HGSS.png,/images/7/78/Cri_0221_HOME.ogg,Glace,Sol,"1,1","55,8",Benêt,Rideau Neige,Isograisse,50 % femelle; 50 % mâle,75.0,20.0,Terrestre,,+1 PV ; +1 Attaque,160 exp.,1 250 000 exp.,100.0,100.0,80.0,80.0,60.0,50.0,
873,Marcacrin,Swinub,220,/images/2/21/Marcacrin-HGSS.png,/images/7/7d/Cri_0220_HOME.ogg,Glace,Sol,"0,4","6,5",Benêt,Rideau Neige,Isograisse,50 % femelle; 50 % mâle,225.0,20.0,Terrestre,,+1 Att.,78 exp.,1 250 000 exp.,50.0,50.0,40.0,40.0,30.0,50.0,
874,Volcaropod,Magcargo,219,/images/8/85/Volcaropod-HGSS.png,/images/5/58/Cri_0219_HOME.ogg,Feu,Roche,"0,8","55,0",Armumagma,Corps Ardent,Armurouillée,50 % femelle; 50 % mâle,75.0,20.0,Amorphe,,+2 Défense,154 exp.,1 000 000 exp.,60.0,50.0,120.0,120.0,80.0,30.0,
875,Limagma,Slugma,218,/images/1/12/Limagma-HGSS.png,/images/0/03/Cri_0218_HOME.ogg,Feu,,"0,7","35,0",Armumagma,Corps Ardent,Armurouillée,50 % femelle; 50 % mâle,190.0,20.0,Amorphe,,+1 Attaque Spéciale,78 exp.,1 000 000 exp.,40.0,40.0,40.0,40.0,40.0,20.0,
876,Ursaring,Ursaring,217,/images/8/81/Ursaring-HGSS.png,/images/1/11/Cri_0217_HOME.ogg,Normal,,"1,8","125,8",Cran,Pied Véloce,Tension,50 % femelle; 50 % mâle,60.0,20.0,Terrestre,,+2 Att.,189 exp.,1 000 000 exp.,90.0,130.0,75.0,75.0,75.0,55.0,
877,Teddiursa,Teddiursa,216,/images/c/c4/Teddiursa-HGSS.png,/images/9/9c/Cri_0216_HOME.ogg,Normal,,"0,6","8,8",Ramassage,Pied Véloce,Cherche Miel,50 % femelle; 50 % mâle,120.0,20.0,Terrestre,,+1 Att.,70 exp.,1 000 000 exp.,60.0,80.0,50.0,50.0,50.0,40.0,
878,Farfuret de Hisui,Hisuian Sneasel,215,/images/a/a0/Farfuret_de_Hisui-LPA.png,/images/f/f2/Cri_0215_HOME.ogg,Combat,Poison,"0,9","27,0",Attention,Regard Vif,Pickpocket,50 % femelle; 50 % mâle,60.0,20.0,Terrestre,,+1 Vit.,86 exp.,1 059 860 exp.,55.0,95.0,55.0,55.0,75.0,115.0,
879,Farfuret,Sneasel,215,/images/f/fc/Farfuret-RFVF.png,/images/f/f2/Cri_0215_HOME.ogg,Ténèbres,Glace,"0,9","28,0",Attention,Regard Vif,Pickpocket,50 % femelle; 50 % mâle,60.0,20.0,Terrestre,,+1 Vit.,132 exp.,1 059 860 exp.,55.0,95.0,55.0,55.0,75.0,115.0,
880,Méga-Scarhino,Mega Heracross,214,/images/9/90/M%C3%A9ga-Scarhino-XY.png,/images/5/56/Cri_0214_M%C3%A9ga_HOME.ogg,Insecte,Combat,"1,7","62,5",Multi-Coups,,,50 % femelle; 50 % mâle,,,,,,,,80.0,185.0,115.0,115.0,105.0,75.0,
881,Scarhino,Heracross,214,/images/1/11/Scarhino-RFVF.png,/images/e/e7/Cri_0214_HOME.ogg,Insecte,Combat,"1,5","54,0",Cran,Essaim,Impudence,50 % femelle; 50 % mâle,45.0,25.0,Insectoïde,,+2 Att.,200 exp.,1 250 000 exp.,80.0,125.0,75.0,75.0,95.0,85.0,
882,Caratroc,Shuckle,213,/images/2/27/Caratroc-HGSS.png,/images/7/7c/Cri_0213_HOME.ogg,Insecte,Roche,"0,6","20,5",Fermeté,Gloutonnerie,Contestation,50 % femelle; 50 % mâle,190.0,20.0,Insectoïde,,+1 Déf. ; +1 Déf. Spé,80 exp.,1 059 860 exp.,20.0,10.0,230.0,230.0,230.0,5.0,
883,Méga-Cizayox,Mega Scizor,212,/images/5/5b/M%C3%A9ga-Cizayox-XY.png,/images/5/58/Cri_0212_M%C3%A9ga_HOME.ogg,Insecte,Acier,"2,0","125,0",Technicien,,,50 % femelle; 50 % mâle,,,,,,,,70.0,150.0,140.0,140.0,100.0,75.0,
884,Cizayox,Scizor,212,/images/5/59/Cizayox-HGSS.png,/images/0/0b/Cri_0212_HOME.ogg,Insecte,Acier,"1,8","118,0",Essaim,Technicien,Light Metal,50 % femelle; 50 % mâle,25.0,25.0,Insectoïde,,+2 Att.,200 exp.,1 000 000 exp.,70.0,130.0,100.0,100.0,80.0,65.0,
885,Qwilfish de Hisui,Hisuian Qwilfish,211,/images/a/ab/Qwilfish_de_Hisui-LPA.png,/images/f/f7/Cri_0211_HOME.ogg,Ténèbres,Poison,"0,5","3,9",Point Poison,Glissade,Intimidation,50 % femelle; 50 % mâle,45.0,20.0,Aquatique 2,,+1 Att.,88 exp.,1 000 000 exp.,65.0,95.0,85.0,85.0,55.0,85.0,
886,Qwilfish,Qwilfish,211,/images/8/8d/Qwilfish-HGSS.png,/images/f/f7/Cri_0211_HOME.ogg,Eau,Poison,"0,5","3,9",Point Poison,Glissade,Intimidation,50 % femelle; 50 % mâle,45.0,20.0,Aquatique 2,,+1 Att.,100 exp.,1 000 000 exp.,65.0,95.0,85.0,85.0,55.0,85.0,
887,Granbull,Granbull,210,/images/d/dd/Granbull-HGSS.png,/images/e/ed/Cri_0210_HOME.ogg,Fée,,"1,4","48,7",Pied Véloce,Intimidation,Phobique,75 % femelle; 25 % mâle,75.0,20.0,Terrestre,Féerique,+2 Att.,158 exp. (178 jusqu'à la 4,800 000 exp.,90.0,120.0,75.0,75.0,60.0,45.0,
888,Snubbull,Snubbull,209,/images/0/0b/Snubbull-HGSS.png,/images/4/4b/Cri_0209_HOME.ogg,Fée,,"0,6","7,8",Fuite,Intimidation,Phobique,75 % femelle; 25 % mâle,190.0,20.0,Terrestre,Féerique,+1 Att.,63 exp.,800 000 exp.,60.0,80.0,50.0,50.0,40.0,30.0,
889,Méga-Steelix,Mega Steelix,208,/images/c/c2/M%C3%A9ga-Steelix-ROSA.png,/images/e/e0/Cri_0208_M%C3%A9ga_HOME.ogg,Acier,Sol,"10,5","740,0",Force Sable,,,50 % femelle; 50 % mâle,,,,,,,,75.0,125.0,230.0,230.0,95.0,30.0,
890,Steelix,Steelix,208,/images/1/1d/Steelix-HGSS.png,/images/c/ce/Cri_0208_HOME.ogg,Acier,Sol,"9,2","400,0",Tête de Roc,Fermeté,Sans Limite,50 % femelle; 50 % mâle,25.0,25.0,Minéral,,+2 Déf.,196 exp.,1 000 000 exp.,75.0,85.0,200.0,200.0,65.0,30.0,
891,Scorplane,Gligar,207,/images/0/0c/Scorplane-HGSS.png,/images/6/69/Cri_0207_HOME.ogg,Sol,Vol,"1,1","64,8",Voile Sable,Hyper Cutter,Vaccin,50 % femelle; 50 % mâle,60.0,20.0,Insectoïde,,+1 Déf.,220 exp.,1 059 860 exp.,65.0,75.0,105.0,105.0,65.0,85.0,
892,Insolourdo,Dunsparce,206,/images/7/76/Insolourdo-HGSS.png,/images/8/82/Cri_0206_HOME.ogg,Normal,,"1,5","14,0",Sérénité,Fuite,Phobique,50 % femelle; 50 % mâle,190.0,20.0,Terrestre,,+1 PV,125 exp.,1 000 000 exp.,100.0,70.0,70.0,70.0,65.0,45.0,
893,Foretress,Forretress,205,/images/3/3b/Foretress-HGSS.png,/images/8/88/Cri_0205_HOME.ogg,Insecte,Acier,"1,2","125,8",Fermeté,,Envelocape,50 % femelle; 50 % mâle,75.0,20.0,Insectoïde,,+2 Déf.,118 exp.,1 000 000 exp.,75.0,90.0,140.0,140.0,60.0,40.0,
894,Pomdepik,Pineco,204,/images/4/4d/Pomdepik-HGSS.png,/images/9/9d/Cri_0204_HOME.ogg,Insecte,,"0,6","7,2",Fermeté,,Envelocape,50 % femelle; 50 % mâle,190.0,20.0,Insectoïde,,+1 Déf.,60 exp.,1 000 000 exp.,50.0,65.0,90.0,90.0,35.0,15.0,
895,Girafarig,Girafarig,203,/images/e/e5/Girafarig-HGSS.png,/images/d/d1/Cri_0203_HOME.ogg,Normal,Psy,"1,5","41,5",Attention,Matinal,Herbivore,50 % femelle; 50 % mâle,60.0,20.0,Terrestre,,+2 Att. Spé,149 exp.,1 000 000 exp.,70.0,80.0,65.0,65.0,65.0,85.0,
896,Qulbutoké,Wobbuffet,202,/images/7/74/Qulbutok%C3%A9-HGSS.png,/images/4/48/Cri_0202_HOME.ogg,Psy,,"1,3","28,5",Marque Ombre,,Télépathe,50 % femelle; 50 % mâle,45.0,20.0,Amorphe,,+2 PV,177 exp.,1 000 000 exp.,190.0,33.0,58.0,58.0,58.0,33.0,
897,Zarbi,Unown,201,/images/9/90/Zarbi_F-RFVF.png,/images/b/b9/Cri_0201_HOME.ogg,Psy,,"0,5","5,0",Lévitation,,,Asexué,225.0,40.0,Inconnu,,+1 Att. ; +1 Att. Spé,61 exp.,1 000 000 exp.,48.0,72.0,48.0,48.0,48.0,48.0,
898,Feuforêve,Misdreavus,200,/images/3/31/Feufor%C3%AAve-RFVF.png,/images/8/83/Cri_0200_HOME.ogg,Spectre,,"0,7","1,0",Lévitation,,,50 % femelle; 50 % mâle,45.0,25.0,Amorphe,,+1 Déf. Spé,147 exp.,800 000 exp.,60.0,60.0,60.0,60.0,85.0,85.0,
899,Roigada de Galar,Galarian Slowking,199,/images/e/e4/Roigada_de_Galar-EB.png,/images/f/fb/Cri_0199_HOME.ogg,Poison,Psy,"1,8","79,5",Breuvage Suspect,Tempo Perso,Régé-Force,50 % femelle; 50 % mâle,,20.0,Monstrueux,Aquatique 1,—,172 exp.,1 000 000 exp.,95.0,65.0,80.0,80.0,110.0,30.0,
900,Roigada,Slowking,199,/images/c/c5/Roigada-RFVF.png,/images/f/fb/Cri_0199_HOME.ogg,Eau,Psy,"2,0","79,5",Benêt,Tempo Perso,Régé-Force,50 % femelle; 50 % mâle,70.0,20.0,Monstrueux,Aquatique 1,+3 Déf. Spé,164 exp.,1 000 000 exp.,95.0,75.0,80.0,80.0,110.0,30.0,
901,Cornèbre,Murkrow,198,/images/5/59/Corn%C3%A8bre-RFVF.png,/images/3/3c/Cri_0198_HOME.ogg,Ténèbres,Vol,"0,5","2,1",Insomnia,Chanceux,Farceur,50 % femelle; 50 % mâle,30.0,20.0,Aérien,,+1 Vit.,107 exp.,1 059 860 exp.,60.0,85.0,42.0,42.0,42.0,91.0,
902,Noctali,Umbreon,197,/images/7/70/Noctali-RFVF.png,/images/4/45/Cri_0197_HOME.ogg,Ténèbres,,"1,0","27,0",Synchro,,Attention,12.5 % femelle; 87.5 % mâle,45.0,35.0,Terrestre,,+2 Def. Spe.,197 exp.,1 000 000 exp.,95.0,65.0,110.0,110.0,130.0,65.0,
903,Mentali,Espeon,196,/images/c/cb/Mentali-RFVF.png,/images/3/34/Cri_0196_HOME.ogg,Psy,,"0,9","26,5",Synchro,,Miroir Magik,12.5 % femelle; 87.5 % mâle,45.0,35.0,Terrestre,,+2 Att. Spé,197 exp.,1 000 000 exp.,65.0,65.0,60.0,60.0,95.0,110.0,
904,Maraiste,Quagsire,195,/images/9/90/Maraiste-HGSS.png,/images/4/44/Cri_0195_HOME.ogg,Eau,Sol,"1,4","75,0",Absorbe-Eau,Moiteur,Inconscient,50 % femelle; 50 % mâle,90.0,20.0,Aquatique 1,Terrestre,+2 PV,137 exp.,1 000 000 exp.,95.0,85.0,85.0,85.0,65.0,35.0,
905,Axoloto de Paldea,Paldean Wooper,194,/images/2/26/Axoloto_de_Paldea-EV.png,/images/9/99/Cri_0194_HOME.ogg,Poison,Sol,"0,4","11,0",Point Poison,Absorbe-Eau,Inconscient,50 % femelle; 50 % mâle,255.0,20.0,Aquatique 1,Terrestre,+1 PV,42 exp.,1 000 000 exp.,55.0,45.0,45.0,45.0,25.0,15.0,
906,Axoloto,Wooper,194,/images/b/b3/Axoloto-HGSS.png,/images/9/99/Cri_0194_HOME.ogg,Eau,Sol,"0,4","8,5",Absorbe-Eau,Moiteur,Inconscient,50 % femelle; 50 % mâle,255.0,20.0,Aquatique 1,Terrestre,+1 PV,52 exp.,1 000 000 exp.,55.0,45.0,45.0,45.0,25.0,15.0,
907,Yanma,Yanma,193,/images/e/ea/Yanma-HGSS.png,/images/2/2d/Cri_0193_HOME.ogg,Insecte,Vol,"1,2","38,0",Turbo,Œil Composé,Fouille,50 % femelle; 50 % mâle,75.0,20.0,Insectoïde,,+1 Vit.,147 exp.,1 000 000 exp.,65.0,65.0,45.0,45.0,45.0,95.0,
908,Héliatronc,Sunflora,192,/images/a/a5/H%C3%A9liatronc-HGSS.png,/images/2/28/Cri_0192_HOME.ogg,Plante,,"0,8","8,5",Chlorophylle,Force Soleil,Matinal,50 % femelle; 50 % mâle,120.0,20.0,Végétal,,+2 Att. Spé,146 exp.,1 059 860 exp.,75.0,75.0,55.0,55.0,85.0,30.0,
909,Tournegrin,Sunkern,191,/images/3/3a/Tournegrin-HGSS.png,/images/2/21/Cri_0191_HOME.ogg,Plante,,"0,3","1,8",Chlorophylle,Force Soleil,Matinal,50 % femelle; 50 % mâle,235.0,20.0,Végétal,,+1 Att. Spé,52 exp.,1 059 860 exp.,30.0,30.0,30.0,30.0,30.0,30.0,
910,Capumain,Aipom,190,/images/8/88/Capumain-HGSS.png,/images/b/be/Cri_0190_HOME.ogg,Normal,,"0,8","11,5",Fuite,Ramassage,Multi-Coups,50 % femelle; 50 % mâle,45.0,20.0,Terrestre,,+1 Vit.,94 exp.,800 000 exp.,55.0,70.0,55.0,55.0,55.0,85.0,
911,Cotovol,Jumpluff,189,/images/6/61/Cotovol-HGSS.png,/images/4/4d/Cri_0189_HOME.ogg,Plante,Vol,"0,8","3,0",Chlorophylle,Feuille Garde ,Infiltration,50 % femelle; 50 % mâle,45.0,20.0,Féerique,Végétal,+3 Vit.,176 exp.,1 059 860 exp.,75.0,55.0,70.0,70.0,95.0,110.0,
912,Floravol,Skiploom,188,/images/5/5c/Floravol-HGSS.png,/images/6/6c/Cri_0188_HOME.ogg,Plante,Vol,"0,6","1,0",Chlorophylle,Feuille Garde ,Infiltration,50 % femelle; 50 % mâle,120.0,20.0,Féerique,Végétal,+2 Vit.,136 exp.,1 059 860 exp.,55.0,45.0,50.0,50.0,65.0,80.0,
913,Granivol,Hoppip,187,/images/9/9b/Granivol-HGSS.png,/images/3/39/Cri_0187_HOME.ogg,Plante,Vol,"0,4","0,5",Chlorophylle,Feuille Garde,Infiltration,50 % femelle; 50 % mâle,255.0,20.0,Féerique,Végétal,+1 Déf. Spé,74 exp.,1 059 860 exp.,35.0,35.0,40.0,40.0,55.0,50.0,
914,Tarpaud,Politoed,186,/images/c/c2/Tarpaud-HGSS.png,/images/a/ac/Cri_0186_HOME.ogg,Eau,,"1,1","33,9",Absorbe-Eau,Moiteur,Crachin,50 % femelle; 50 % mâle,45.0,20.0,Aquatique 1,,+3 Déf. Spé,185 exp.,1 059 860 exp.,90.0,75.0,75.0,75.0,100.0,70.0,
915,Simularbre,Sudowoodo,185,/images/4/43/Simularbre-HGSS.png,/images/d/d4/Cri_0185_HOME.ogg,Roche,,"1,2","38,0",Fermeté,Tête de Roc,Phobique,50 % femelle; 50 % mâle,65.0,20.0,Minéral,,+2 Déf.,135 exp.,1 059 860 exp.,70.0,100.0,115.0,115.0,65.0,30.0,
916,Azumarill,Azumarill,184,/images/8/81/Azumarill-HGSS.png,/images/1/15/Cri_0184_HOME.ogg,Eau,Fée,"0,8","28,5",Isograisse,Coloforce,Herbivore,50 % femelle; 50 % mâle,75.0,10.0,Aquatique 1,Féerique,+3 PV,153 exp.,800 000 exp.,100.0,50.0,80.0,80.0,80.0,50.0,
917,Marill,Marill,183,/images/c/c7/Marill-RFVF.png,/images/d/dc/Cri_0183_HOME.ogg,Eau,Fée,"0,4","8,5",Isograisse,Coloforce,Herbivore,50 % femelle; 50 % mâle,190.0,10.0,Aquatique 1,Féerique,+2 PV,58 exp.,800 000 exp.,70.0,20.0,50.0,50.0,50.0,40.0,
918,Joliflor,Bellossom,182,/images/f/f0/Joliflor-RFVF.png,/images/e/e4/Cri_0182_HOME.ogg,Plante,,"0,4","5,8",Chlorophylle,,Cœur Soin,50 % femelle; 50 % mâle,45.0,20.0,Végétal,,+3 Déf. Spé,184 exp.,1 059 860 exp.,75.0,80.0,95.0,95.0,100.0,50.0,
919,Méga-Pharamp,Mega Ampharos,181,/images/7/74/M%C3%A9ga-Pharamp-XY.png,/images/b/b6/Cri_0181_M%C3%A9ga_HOME.ogg,Électrik,Dragon,"1,4","61,5",Brise Moule,,,50 % femelle; 50 % mâle,,,,,,,,90.0,95.0,105.0,105.0,110.0,45.0,
920,Pharamp,Ampharos,181,/images/e/e8/Pharamp-HGSS.png,/images/e/ee/Cri_0181_HOME.ogg,Électrik,,"1,4","61,5",Statik,,Plus,50 % femelle; 50 % mâle,45.0,20.0,Monstrueux,Terrestre,+3 Att. Spé,196 exp.,1 059 860 exp.,90.0,75.0,85.0,85.0,90.0,55.0,
921,Lainergie,Flaaffy,180,/images/3/34/Lainergie-HGSS.png,/images/7/76/Cri_0180_HOME.ogg,Électrik,,"0,8","13,3",Statik,,Plus,50 % femelle; 50 % mâle,120.0,20.0,Terrestre,Monstrueux,+2 Att. Spé,117 exp.,1 059 860 exp.,70.0,55.0,55.0,55.0,60.0,45.0,
922,Wattouat,Mareep,179,/images/7/7f/Wattouat-HGSS.png,/images/e/e3/Cri_0179_HOME.ogg,Électrik,,"0,6","7,8",Statik,,Plus,50 % femelle; 50 % mâle,235.0,20.0,Terrestre,Monstrueux,+1 Att. Spé,59 exp.,1 059 860 exp.,55.0,40.0,40.0,40.0,45.0,35.0,
923,Xatu,Xatu,178,/images/0/09/Xatu-HGSS.png,/images/d/d4/Cri_0178_HOME.ogg,Psy,Vol,"1,5","15,0",Synchro,Matinal,Miroir Magik,50 % femelle; 50 % mâle,75.0,20.0,Aérien,,+1 Att. Spé ; +1 Vit.,171 exp.,1 000 000 exp.,65.0,75.0,70.0,70.0,70.0,95.0,
924,Natu,Natu,177,/images/b/b2/Natu-HGSS.png,/images/b/b5/Cri_0177_HOME.ogg,Psy,Vol,"0,2","2,0",Synchro,Matinal,Miroir Magik,50 % femelle; 50 % mâle,190.0,20.0,Aérien,,+1 Att. Spé,73 exp.,1 000 000 exp.,40.0,50.0,45.0,45.0,45.0,70.0,
925,Togetic,Togetic,176,/images/2/2d/Togetic-HGSS.png,/images/5/51/Cri_0176_HOME.ogg,Fée,Vol,"0,6","3,2",Sérénité,Agitation,Chanceux,12.5 % femelle; 87.5 % mâle,75.0,10.0,Aérien,Féerique,+2 Défense Spéciale.,114 exp.,800 000 exp.,55.0,40.0,85.0,85.0,105.0,40.0,
926,Togepi,Togepi,175,/images/8/8f/Togepi-RFVF.png,/images/7/7e/Cri_0175_HOME.ogg,Fée,,"0,3","1,5",Sérénité,Agitation,Chanceux,12.5 % femelle; 87.5 % mâle,190.0,10.0,Inconnu,,+1 Déf. Spé,74 exp.,800 000 exp.,35.0,20.0,65.0,65.0,65.0,20.0,
927,Toudoudou,Igglybuff,174,/images/1/1d/Toudoudou-RFVF.png,/images/8/87/Cri_0174_HOME.ogg,Normal,Fée,"0,3","1,0",Joli Sourire,Battant,Garde-Ami,75 % femelle; 25 % mâle,170.0,10.0,Inconnu,,+1 PV,39 exp.,800 000 exp.,90.0,30.0,15.0,15.0,20.0,15.0,
928,Mélo,Cleffa,173,/images/e/eb/M%C3%A9lo-RFVF.png,/images/8/82/Cri_0173_HOME.ogg,Fée,,"0,3","3,0",Joli Sourire,Garde Magik,Garde-Ami,75 % femelle; 25 % mâle,150.0,10.0,Inconnu,,+1 Déf. Spé,37 exp.,800 000 exp.,50.0,25.0,28.0,28.0,55.0,15.0,
929,Pichu,Pichu,172,/images/a/a0/Pichu-RFVF.png,/images/0/01/Cri_0172_HOME.ogg,Électrik,,"0,3","2,0",Statik,,Paratonnerre,50 % femelle; 50 % mâle,190.0,10.0,Inconnu,,+1 Vit.,42 exp.,1 000 000 exp.,20.0,40.0,15.0,15.0,35.0,60.0,
930,Lanturn,Lanturn,171,/images/8/8e/Lanturn-HGSS.png,/images/b/b5/Cri_0171_HOME.ogg,Eau,Électrik,"1,2","22,5",Absorbe-Volt,Lumiattirance,Absorbe-Eau,50 % femelle; 50 % mâle,75.0,20.0,Aquatique 2,,+2 PV,156 exp.,1 250 000 exp.,125.0,58.0,58.0,58.0,76.0,67.0,
931,Loupio,Chinchou,170,/images/d/de/Loupio-HGSS.png,/images/9/96/Cri_0170_HOME.ogg,Eau,Électrik,"0,5","12,0",Absorbe-Volt,Lumiattirance,Absorbe-Eau,50 % femelle; 50 % mâle,190.0,20.0,Aquatique 2,,+1 PV,90 exp.,1 250 000 exp.,75.0,38.0,38.0,38.0,56.0,67.0,
932,Nostenfer,Crobat,169,/images/d/dc/Nostenfer-HGSS.png,/images/e/e1/Cri_0169_HOME.ogg,Poison,Vol,"1,8","75,0",Attention,,Infiltration,50 % femelle; 50 % mâle,90.0,15.0,Aérien,,+3 Vit.,204 exp.,1 000 000 exp.,85.0,90.0,80.0,80.0,80.0,130.0,
933,Migalos,Ariados,168,/images/1/12/Migalos-HGSS.png,/images/4/46/Cri_0168_HOME.ogg,Insecte,Poison,"1,1","33,5",Essaim,Insomnia,Sniper,50 % femelle; 50 % mâle,90.0,15.0,Insectoïde,,+2 Att.,134 exp.,800 000 exp.,70.0,90.0,70.0,70.0,70.0,40.0,
934,Mimigal,Spinarak,167,/images/3/3e/Mimigal-HGSS.png,/images/9/9a/Cri_0167_HOME.ogg,Insecte,Poison,"0,5","8,5",Essaim,Insomnia,Sniper,50 % femelle; 50 % mâle,255.0,15.0,Insectoïde,,+1 Att.,54 exp.,800 000 exp.,40.0,60.0,40.0,40.0,40.0,30.0,
935,Coxyclaque,Ledian,166,/images/4/43/Coxyclaque-HGSS.png,/images/8/8f/Cri_0166_HOME.ogg,Insecte,Vol,"1,4","35,6",Essaim,Matinal,Poing de Fer,50 % femelle; 50 % mâle,90.0,15.0,Insectoïde,,+2 Déf. Spé,134 exp.,800 000 exp.,55.0,35.0,50.0,50.0,110.0,85.0,
936,Coxy,Ledyba,165,/images/f/f1/Coxy-RFVF.png,/images/2/28/Cri_0165_HOME.ogg,Insecte,Vol,"1,0","10,8",Essaim,Matinal,Phobique,50 % femelle; 50 % mâle,255.0,15.0,Insectoïde,,+1 Déf. Spé,54 exp.,800 000 exp.,40.0,20.0,30.0,30.0,80.0,55.0,
937,Noarfang,Noctowl,164,/images/8/8c/Noarfang-HGSS.png,/images/5/53/Cri_0164_HOME.ogg,Normal,Vol,"1,6","40,8",Insomnia,Regard Vif,Lentiteintée,50 % femelle; 50 % mâle,90.0,15.0,Aérien,,+2 PV,162 exp.,1 000 000 exp.,100.0,50.0,50.0,50.0,96.0,70.0,
938,Hoothoot,Hoothoot,163,/images/9/97/Hoothoot-RFVF.png,/images/f/f5/Cri_0163_HOME.ogg,Normal,Vol,"0,7","21,2",Insomnia,Regard Vif,Lentiteintée,50 % femelle; 50 % mâle,255.0,15.0,Aérien,,+1 PV,58 exp.,1 000 000 exp.,60.0,30.0,30.0,30.0,56.0,50.0,
939,Fouinar,Furret,162,/images/2/23/Fouinar-HGSS.png,/images/d/d1/Cri_0162_HOME.ogg,Normal,,"1,8","32,5",Fuite,Regard Vif,Fouille,50 % femelle; 50 % mâle,90.0,15.0,Terrestre,,+2 Vit.,116 exp.,1 000 000 exp.,85.0,76.0,64.0,64.0,55.0,90.0,
940,Fouinette,Sentret,161,/images/f/fb/Fouinette-HGSS.png,/images/2/29/Cri_0161_HOME.ogg,Normal,,"0,8","6,0",Fuite,Regard Vif,Fouille,50 % femelle; 50 % mâle,255.0,15.0,Terrestre,,+1 Att.,57 exp.,1 000 000 exp.,35.0,46.0,34.0,34.0,45.0,20.0,
941,Aligatueur,Feraligatr,160,/images/d/d9/Aligatueur-HGSS.png,/images/5/5d/Cri_0160_HOME.ogg,Eau,,"2,3","88,8",Torrent,,Sans Limite,12.5 % femelle; 87.5 % mâle,45.0,20.0,Aquatique 1,Monstrueux,+2 Att. ; +1 Déf.,210 exp.,1 059 860 exp.,85.0,105.0,100.0,100.0,83.0,78.0,
942,Crocrodil,Croconaw,159,/images/3/3c/Crocrodil-HGSS.png,/images/a/ac/Cri_0159_HOME.ogg,Eau,,"1,1","25,0",Torrent,,Sans Limite,12.5 % femelle; 87.5 % mâle,45.0,20.0,Monstrueux,Aquatique 1,+1 Att. ; +1 Déf.,143 exp.,1 059 860 exp.,65.0,80.0,80.0,80.0,63.0,58.0,
943,Kaiminus,Totodile,158,/images/b/b9/Kaiminus-HGSS.png,/images/f/f6/Cri_0158_HOME.ogg,Eau,,"0,6","9,5",Torrent,,Sans Limite,12.5 % femelle; 87.5 % mâle,45.0,20.0,Monstrueux,Aquatique 1,+1 Att.,66 exp.,1 059 860 exp.,50.0,65.0,64.0,64.0,48.0,43.0,
944,Typhlosion de Hisui,Hisuian Typhlosion,157,/images/b/b6/Typhlosion_de_Hisui-LPA.png,/images/4/43/Cri_0157_HOME.ogg,Feu,Spectre,"1,6","69,8",Brasier,,Fouille,12.5 % femelle; 87.5 % mâle,45.0,20.0,Terrestre,,+3 Att. Spé.,240 exp.,1 059 860 exp.,73.0,84.0,78.0,78.0,85.0,95.0,
945,Typhlosion,Typhlosion,157,/images/8/8b/Typhlosion-HGSS.png,/images/4/43/Cri_0157_HOME.ogg,Feu,,"1,7","79,5",Brasier,,Torche,12.5 % femelle; 87.5 % mâle,45.0,20.0,Terrestre,,+3 Att. Spé,209 exp.,1 059 860 exp.,78.0,84.0,78.0,78.0,85.0,100.0,
946,Feurisson,Quilava,156,/images/8/8a/Feurisson-HGSS.png,/images/b/be/Cri_0156_HOME.ogg,Feu,,"0,9","19,0",Brasier,,Torche,12.5 % femelle; 87.5 % mâle,45.0,20.0,Terrestre,,+1 Att. Spé +1 Vit.,142 exp.,1 059 860 exp.,58.0,64.0,58.0,58.0,65.0,80.0,
947,Héricendre,Cyndaquil,155,/images/8/86/H%C3%A9ricendre-LPA.png,/images/e/eb/Cri_0155_HOME.ogg,Feu,,"0,5","7,9",Brasier,,Torche,12.5 % femelle; 87.5 % mâle,45.0,20.0,Terrestre,,+1 Vit.,65 exp.,1 059 860 exp.,39.0,52.0,43.0,43.0,50.0,65.0,
948,Méganium,Meganium,154,/images/2/2a/M%C3%A9ganium-HGSS.png,/images/7/7e/Cri_0154_HOME.ogg,Plante,,"1,8","100,5",Engrais,,Feuille Garde,12.5 % femelle; 87.5 % mâle,45.0,20.0,Monstrueux,Végétal,+1 Déf. ; +2 Déf. Spé,208 exp.,1 059 860 exp.,80.0,82.0,100.0,100.0,100.0,80.0,
949,Macronium,Bayleef,153,/images/d/db/Macronium-HGSS.png,/images/2/2a/Cri_0153_HOME.ogg,Plante,,"1,2","15,8",Engrais,,Feuille Garde,12.5 % femelle; 87.5 % mâle,45.0,20.0,Monstrueux,Végétal,+1 Déf. ; +1 Déf. Spé,141 exp.,1 059 860 exp.,60.0,62.0,80.0,80.0,80.0,60.0,
950,Germignon,Chikorita,152,/images/1/1f/Germignon-HGSS.png,/images/7/7f/Cri_0152_HOME.ogg,Plante,,"0,9","6,4",Engrais,,Feuille Garde,12.5 % femelle; 87.5 % mâle,45.0,20.0,Monstrueux,Végétal,+1 Déf. Spé,64 exp.,1 059 860 exp.,45.0,49.0,65.0,65.0,65.0,45.0,
951,Mew,Mew,151,/images/1/16/Mew-DEPS.png,/images/1/11/Cri_0151_HOME.ogg,Psy,,"0,4","4,0",Synchro,,,Asexué,45.0,120.0,Inconnu,,+3 PV,64 exp.,1 059 860 exp.,100.0,100.0,100.0,100.0,100.0,100.0,
952,Méga-Mewtwo Y,Mega Mewtwo Y,150,/images/3/3e/M%C3%A9ga-Mewtwo_Y-XY.png,/images/d/d8/Cri_0150_M%C3%A9ga_Y_HOME.ogg,Psy,,"1,5","33,0",Insomnia,,,Asexué,,,,,,,,106.0,150.0,70.0,70.0,120.0,140.0,
953,Méga-Mewtwo X,Mega Mewtwo X,150,/images/5/5a/M%C3%A9ga-Mewtwo_X-XY.png,/images/6/6d/Cri_0150_M%C3%A9ga_X_HOME.ogg,Psy,Combat,"2,3","127,0",Impassible,,,Asexué,,,,,,,,106.0,190.0,100.0,100.0,100.0,130.0,
954,Mewtwo,Mewtwo,150,/images/d/d8/Mewtwo-DEPS.png,/images/5/53/Cri_0150_HOME.ogg,Psy,,"2,0","122,0",Pression,,Tension,Asexué,3.0,120.0,Inconnu,,+3 Att. Spé,220 exp.,1 250 000 exp.,106.0,110.0,90.0,90.0,90.0,130.0,
955,Dracolosse,Dragonite,149,/images/8/87/Dracolosse-RFVF.png,/images/d/d1/Cri_0149_HOME.ogg,Dragon,Vol,"2,2","210,0",Attention,,Multiécaille,50 % femelle; 50 % mâle,45.0,40.0,Draconique,Aquatique 1,+3 Att.,218 exp.,1 250 000 exp.,91.0,134.0,95.0,95.0,100.0,80.0,
956,Draco,Dragonair,148,/images/d/d1/Draco-RFVF.png,/images/0/06/Cri_0148_HOME.ogg,Dragon,,"4,0","16,5",Mue,,Écaille Spéciale,50 % femelle; 50 % mâle,45.0,40.0,Draconique,Aquatique 1,+2 Att.,144 exp.,1 250 000 exp.,61.0,84.0,65.0,65.0,70.0,70.0,
957,Minidraco,Dratini,147,/images/1/11/Minidraco-RFVF.png,/images/8/80/Cri_0147_HOME.ogg,Dragon,,"1,8","3,3",Mue,,Écaille Spéciale,50 % femelle; 50 % mâle,45.0,40.0,Draconique,Aquatique 1,+1 Att.,67 exp.,1 250 000 exp.,41.0,64.0,45.0,45.0,50.0,50.0,
958,Sulfura de Galar,Galarian Moltres,146,/images/3/3d/Sulfura_de_Galar-EB.png,/images/9/99/Cri_0146_HOME.ogg,Ténèbres,Vol,"2,0","66,0",Folle Furie,,,Asexué,3.0,80.0,Inconnu,,—,217 exp.,1 250 000 exp.,90.0,85.0,90.0,90.0,125.0,90.0,
959,Sulfura,Moltres,146,/images/d/db/Sulfura-DEPS.png,/images/9/99/Cri_0146_HOME.ogg,Feu,Vol,"2,0","60,0",Pression,,Corps Ardent,Asexué,3.0,80.0,Inconnu,,+3 Att. Spé,217 exp.,1 250 000 exp.,90.0,100.0,90.0,90.0,85.0,90.0,
960,Électhor de Galar,Galarian Zapdos,145,/images/8/83/%C3%89lecthor_de_Galar-EB.png,/images/4/4e/Cri_0145_HOME.ogg,Combat,Vol,"1,6","58,2",Acharné,,,Asexué,3.0,80.0,Inconnu,,—,216 exp.,1 250 000 exp.,90.0,125.0,90.0,90.0,90.0,100.0,
961,Électhor,Zapdos,145,/images/8/81/%C3%89lecthor-RFVF.png,/images/4/4e/Cri_0145_HOME.ogg,Électrik,Vol,"1,6","52,6",Pression,,Statik,Asexué,3.0,80.0,Inconnu,,+3 Att. Spé,216 exp.,1 250 000 exp.,90.0,90.0,85.0,85.0,90.0,100.0,
962,Artikodin de Galar,Galarian Articuno,144,/images/2/27/Artikodin_de_Galar-EB.png,/images/b/b9/Cri_0144_HOME.ogg,Psy,Vol,"1,7","50,9",Battant,,,Asexué,3.0,80.0,Inconnu,,—,215 exp.,1 250 000 exp.,90.0,85.0,85.0,85.0,100.0,95.0,
963,Artikodin,Articuno,144,/images/b/bb/Artikodin-RFVF.png,/images/b/b9/Cri_0144_HOME.ogg,Glace,Vol,"1,7","55,4",Pression,,Rideau Neige,Asexué,3.0,80.0,Inconnu,,+3 Déf. Spé,215 exp.,1 250 000 exp.,90.0,85.0,100.0,100.0,125.0,85.0,
964,Ronflex Gigamax,Gigantamax Snorlax,143,/images/3/3c/Ronflex_%28Gigamax%29-EB.png,/images/1/14/Cri_0143_Gigamax_HOME.ogg,Normal,,"35,0","???,?",Vaccin,Isograisse,Gloutonnerie,12.5 % femelle; 87.5 % mâle,,,,,,,,,,,,,,
965,Ronflex,Snorlax,143,/images/2/2b/Ronflex-RFVF.png,/images/e/e3/Cri_0143_HOME.ogg,Normal,,"2,1","460,0",Vaccin,Isograisse,Gloutonnerie,12.5 % femelle; 87.5 % mâle,25.0,40.0,Monstrueux,,+2 PV,154 exp.,1 250 000 exp.,160.0,110.0,65.0,65.0,110.0,30.0,
966,Méga-Ptéra,Mega Aerodactyl,142,/images/3/3b/M%C3%A9ga-Pt%C3%A9ra-XY.png,/images/d/de/Cri_0142_M%C3%A9ga_HOME.ogg,Roche,Vol,"2,1","79,0",Griffe Dure,,,12.5 % femelle; 87.5 % mâle,,,,,,,,80.0,135.0,85.0,85.0,95.0,150.0,
967,Ptéra,Aerodactyl,142,/images/3/34/Pt%C3%A9ra-RFVF.png,/images/7/75/Cri_0142_HOME.ogg,Roche,Vol,"1,8","59,0",Tête de Roc,Pression,Tension,12.5 % femelle; 87.5 % mâle,45.0,35.0,Aérien,,+2 Vit.,202 exp.,1 250 000 exp.,80.0,105.0,65.0,65.0,75.0,130.0,
968,Kabutops,Kabutops,141,/images/3/35/Kabutops-RFVF.png,/images/9/9b/Cri_0141_HOME.ogg,Roche,Eau,"1,3","40,5",Glissade,Armurbaston,Armurouillée,12.5 % femelle; 87.5 % mâle,45.0,30.0,Aquatique 1,Aquatique 3,+2 Att.,199 exp.,1 000 000 exp.,60.0,115.0,105.0,105.0,70.0,80.0,
969,Kabuto,Kabuto,140,/images/5/57/Kabuto-RFVF.png,/images/d/dc/Cri_0140_HOME.ogg,Roche,Eau,"0,5","11,5",Glissade,Armurbaston,Armurouillée,12.5 % femelle; 87.5 % mâle,45.0,30.0,Aquatique 1,Aquatique 3,+1 Déf.,99 exp.,1 000 000 exp.,30.0,80.0,90.0,90.0,45.0,55.0,
970,Amonistar,Omastar,139,/images/f/f2/Amonistar-RFVF.png,/images/1/1a/Cri_0139_HOME.ogg,Roche,Eau,"1,0","35,0",Glissade,Coque Armure,Armurouillée,12.5 % femelle; 87.5 % mâle,45.0,30.0,Aquatique 1,Aquatique 3,+2 Déf.,199 exp.,1 000 000 exp.,70.0,60.0,125.0,125.0,70.0,55.0,
971,Amonita,Omanyte,138,/images/8/83/Amonita-RFVF.png,/images/f/f9/Cri_0138_HOME.ogg,Roche,Eau,"0,4","7,5",Glissade,Coque Armure,Armurouillée,12.5 % femelle; 87.5 % mâle,45.0,30.0,Aquatique 1,Aquatique 3,+1 Déf.,99 exp.,1 000 000 exp.,35.0,40.0,100.0,100.0,55.0,35.0,
972,Porygon,Porygon,137,/images/0/01/Porygon-RFVF.png,/images/3/35/Cri_0137_HOME.ogg,Normal,,"0,8","36,5",Calque,Télécharge,Analyste,Asexué,45.0,20.0,Minéral,,+1 Att. Spé,130 exp.,1 000 000 exp.,65.0,60.0,70.0,70.0,75.0,40.0,
973,Pyroli,Flareon,136,/images/6/64/Pyroli-RFVF.png,/images/a/a1/Cri_0136_HOME.ogg,Feu,,"0,9","25,0",Torche,,Cran,12.5 % femelle; 87.5 % mâle,45.0,35.0,Terrestre,,+2 Att.,184 exp. (198 avant la ,1 000 000 exp.,65.0,130.0,60.0,60.0,110.0,65.0,
974,Voltali,Jolteon,135,/images/8/89/Voltali-RFVF.png,/images/a/a2/Cri_0135_HOME.ogg,Électrik,,"0,8","24,5",Absorbe-Volt,,Pied Véloce,12.5 % femelle; 87.5 % mâle,45.0,35.0,Terrestre,,+2 Vit.,197 exp.,1 000 000 exp.,65.0,65.0,60.0,60.0,95.0,130.0,
975,Aquali,Vaporeon,134,/images/6/6b/Aquali-RFVF.png,/images/0/07/Cri_0134_HOME.ogg,Eau,,"1,0","29,0",Absorbe-Eau,,Hydratation,12.5 % femelle; 87.5 % mâle,45.0,35.0,Terrestre,,+2 PV,196 exp.,1 000 000 exp.,130.0,65.0,60.0,60.0,95.0,65.0,
976,Évoli Gigamax,Gigantamax Eevee,133,/images/3/34/%C3%89voli_%28Gigamax%29-EB.png,/images/7/73/Cri_0133_Gigamax_HOME.ogg,Normal,,"18,0","???,?",Fuite,Adaptabilité,Anticipation,12.5 % femelle; 87.5 % mâle,,,,,,,,,,,,,,
977,Évoli,Eevee,133,/images/8/8b/%C3%89voli-RFVF.png,/images/1/14/Cri_0133_HOME.ogg,Normal,,"0,3","6,5",Fuite,Adaptabilité,Anticipation,12.5 % femelle; 87.5 % mâle,45.0,35.0,Terrestre,,+1 Déf. Spé,92 exp.,1 000 000 exp.,55.0,55.0,50.0,50.0,65.0,55.0,
978,Métamorph,Ditto,132,/images/e/e3/M%C3%A9tamorph-RFVF.png,/images/d/da/Cri_0132_HOME.ogg,Normal,,"0,3","4,0",Échauffement,,Imposteur,Asexué,35.0,20.0,Métamorph,,+1 PV,61 exp.,1 000 000 exp.,48.0,48.0,48.0,48.0,48.0,48.0,
979,Lokhlass Gigamax,Gigantamax Lapras,131,/images/c/c7/Lokhlass_%28Gigamax%29-EB.png,/images/2/25/Cri_0131_Gigamax_HOME.ogg,Eau,Glace,"24,0","???,?",Absorbe-Eau,Coque Armure,Hydratation,50 % femelle; 50 % mâle,,,,,,,,,,,,,,
980,Lokhlass,Lapras,131,/images/4/4d/Lokhlass-RFVF.png,/images/4/48/Cri_0131_HOME.ogg,Eau,Glace,"2,5","220,0",Absorbe-Eau,Coque Armure,Hydratation,50 % femelle; 50 % mâle,45.0,40.0,Monstrueux,Aquatique 1,+2 PV,219 exp.,1 250 000 exp.,130.0,85.0,80.0,80.0,95.0,60.0,
981,Méga-Léviator,Mega Gyarados,130,/images/e/e4/M%C3%A9ga-L%C3%A9viator-XY.png,/images/3/30/Cri_0130_M%C3%A9ga_HOME.ogg,Eau,Ténèbres,"6,5","305,0",Brise Moule,,,50 % femelle; 50 % mâle,,,,,,,,95.0,155.0,109.0,109.0,130.0,81.0,
982,Léviator,Gyarados,130,/images/f/f2/L%C3%A9viator-RFVF.png,/images/7/74/Cri_0130_HOME.ogg,Eau,Vol,"6,5","235,0",Intimidation,,Impudence,50 % femelle; 50 % mâle,45.0,5.0,Aquatique 2,Draconique,+2 Att.,214 exp.,1 250 000 exp.,95.0,125.0,79.0,79.0,100.0,81.0,
983,Magicarpe,Magikarp,129,/images/0/06/Magicarpe-RFVF.png,/images/6/6d/Cri_0129_HOME.ogg,Eau,,"0,9","10,0",Glissade,,Phobique,50 % femelle; 50 % mâle,255.0,5.0,Aquatique 2,Draconique,+1 Vit.,20 exp.,1 250 000 exp.,20.0,10.0,55.0,55.0,20.0,80.0,
984,Tauros,Tauros,128,/images/4/48/Tauros-RFVF.png,/images/c/c2/Cri_0128_HOME.ogg,Normal,,"1,4","88,4",Intimidation,Colérique,Sans Limite,0 % femelle; 100 % mâle,45.0,20.0,Terrestre,,+1 Att. ; +1 Vit.,211 exp.,1 250 000 exp.,75.0,100.0,95.0,95.0,70.0,110.0,
985,Méga-Scarabrute,Mega Pinsir,127,/images/e/e3/M%C3%A9ga-Scarabrute-XY.png,/images/b/bc/Cri_0127_M%C3%A9ga_HOME.ogg,Insecte,Vol,"1,7","59,0",Peau Céleste,,,50 % femelle; 50 % mâle,,,,,,,,65.0,155.0,120.0,120.0,90.0,105.0,
986,Scarabrute,Pinsir,127,/images/9/92/Scarabrute-RFVF.png,/images/e/e2/Cri_0127_HOME.ogg,Insecte,,"1,5","55,0",Hyper Cutter,Brise Moule,Impudence,50 % femelle; 50 % mâle,45.0,25.0,Insectoïde,,+2 Att.,200 exp.,1 250 000 exp.,65.0,125.0,100.0,100.0,70.0,85.0,
987,Magmar,Magmar,126,/images/8/8d/Magmar-RFVF.png,/images/6/66/Cri_0126_HOME.ogg,Feu,,"1,3","44,5",Corps Ardent,,Esprit Vital,25 % femelle; 75 % mâle,45.0,25.0,Humanoïde,,+2 Att. Spé,127 exp.,1 000 000 exp.,65.0,95.0,57.0,57.0,85.0,93.0,
988,Élektek,Electabuzz,125,/images/1/18/%C3%89lektek-RFVF.png,/images/a/a4/Cri_0125_HOME.ogg,Électrik,,"1,1","30,0",Statik,,Esprit Vital,25 % femelle; 75 % mâle,45.0,25.0,Humanoïde,,+2 Vit.,156 exp.,1 000 000 exp.,65.0,83.0,57.0,57.0,85.0,105.0,
989,Lippoutou,Jynx,124,/images/4/44/Lippoutou-RFVF.png,/images/5/5f/Cri_0124_HOME.ogg,Glace,Psy,"1,4","40,6",Benêt,Prédiction,Peau Sèche,100 % femelle; 0 % mâle,45.0,25.0,Humanoïde,,+2 Att. Spé,137 exp.,1 000 000 exp.,65.0,50.0,35.0,35.0,95.0,95.0,
990,Insécateur,Scyther,123,/images/a/a4/Ins%C3%A9cateur-RFVF.png,/images/7/70/Cri_0123_HOME.ogg,Insecte,Vol,"1,5","56,0",Essaim,Technicien,Impassible,50 % femelle; 50 % mâle,45.0,25.0,Insectoïde,,+1 Att.,187 exp.,1 000 000 exp.,70.0,110.0,80.0,80.0,80.0,105.0,
991,M. Mime de Galar,Galarian Mr. Mime,122,/images/2/2b/M._Mime_de_Galar-EB.png,/images/b/bb/Cri_0122_HOME.ogg,Glace,Psy,"1,4","56,8",Esprit Vital,Brise-Barrière,Corps Gel,50 % femelle; 50 % mâle,45.0,25.0,Humanoïde,,+2 Vitesse,136 exp.,1 000 000 exp.,50.0,65.0,65.0,65.0,90.0,100.0,
992,M. Mime,Mr. Mime,122,/images/3/3b/M._Mime-RFVF.png,/images/b/bb/Cri_0122_HOME.ogg,Psy,Fée,"1,3","54,5",Anti-Bruit,Filtre,Technicien,50 % femelle; 50 % mâle,45.0,25.0,Humanoïde,,+2 Déf. Spé,136 exp.,1 000 000 exp.,40.0,45.0,65.0,65.0,120.0,90.0,
993,Staross,Starmie,121,/images/8/85/Staross-RFVF.png,/images/9/94/Cri_0121_HOME.ogg,Eau,Psy,"1,1","80,0",Médic Nature,Lumiattirance,Analyste,Asexué,60.0,20.0,Aquatique 3,,+2 Vit.,207 exp.,1 250 000 exp.,60.0,75.0,85.0,85.0,85.0,115.0,
994,Stari,Staryu,120,/images/3/34/Stari-RFVF.png,/images/9/91/Cri_0120_HOME.ogg,Eau,,"0,8","34,5",Médic Nature,Lumiattirance,Analyste,Asexué,225.0,20.0,Aquatique 3,,+1 Vit.,106 exp.,1 250 000 exp.,30.0,45.0,55.0,55.0,55.0,85.0,
995,Poissoroy,Seaking,119,/images/e/ed/Poissoroy-RFVF.png,/images/6/62/Cri_0119_HOME.ogg,Eau,,"1,3","39,0",Glissade,Ignifu-Voile,Paratonnerre,50 % femelle; 50 % mâle,60.0,20.0,Aquatique 2,,+2 Att.,170 exp.,1 000 000 exp.,80.0,92.0,65.0,65.0,80.0,68.0,
996,Poissirène,Goldeen,118,/images/1/1f/Poissir%C3%A8ne-RFVF.png,/images/5/5d/Cri_0118_HOME.ogg,Eau,,"0,6","15,0",Glissade,Ignifu-Voile,Paratonnerre,50 % femelle; 50 % mâle,225.0,20.0,Aquatique 2,,+1 Att.,111 exp.,1 000 000 exp.,45.0,67.0,60.0,60.0,50.0,63.0,
997,Hypocéan,Seadra,117,/images/f/fc/Hypoc%C3%A9an-RFVF.png,/images/c/c7/Cri_0117_HOME.ogg,Eau,,"1,2","25,0",Point Poison,Sniper,Moiteur,50 % femelle; 50 % mâle,75.0,20.0,Aquatique 1,Draconique,+1 Déf. ; +1 Att. Spé,155 exp.,1 000 000 exp.,55.0,65.0,95.0,95.0,45.0,85.0,
998,Hypotrempe,Horsea,116,/images/3/3e/Hypotrempe-RFVF.png,/images/9/9d/Cri_0116_HOME.ogg,Eau,,"0,4","8,0",Glissade,Sniper,Moiteur,50 % femelle; 50 % mâle,225.0,20.0,Aquatique 1,Draconique,+1 Att. Spé,83 exp.,1 000 000 exp.,30.0,40.0,70.0,70.0,25.0,60.0,
999,Méga-Kangourex,Mega Kangaskhan,115,/images/8/85/M%C3%A9ga-Kangourex-XY.png,/images/b/b8/Cri_0115_M%C3%A9ga_HOME.ogg,Normal,,"2,2","100,0",Amour Filial,,,100 % femelle; 0 % mâle,,,,,,,,105.0,125.0,100.0,100.0,100.0,100.0,
1000,Kangourex,Kangaskhan,115,/images/7/78/Kangourex-RFVF.png,/images/0/01/Cri_0115_HOME.ogg,Normal,,"2,2","80,0",Matinal,Querelleur,Attention,100 % femelle; 0 % mâle,45.0,20.0,Monstrueux,,+2 PV,175 exp.,1 000 000 exp.,105.0,95.0,80.0,80.0,80.0,90.0,
1001,Saquedeneu,Tangela,114,/images/d/dc/Saquedeneu-RFVF.png,/images/7/78/Cri_0114_HOME.ogg,Plante,,"1,0","35,0",Chlorophylle,Feuille Garde,Régé-Force,50 % femelle; 50 % mâle,45.0,20.0,Végétal,,+1 Déf.,166 exp.,1 000 000 exp.,65.0,55.0,115.0,115.0,40.0,60.0,
1002,Leveinard,Chansey,113,/images/b/b0/Leveinard-DEPS.png,/images/d/d8/Cri_0113_HOME.ogg,Normal,,"1,1","34,6",Médic Nature,Sérénité,Cœur Soin,100 % femelle; 0 % mâle,30.0,40.0,Féerique,,+2 PV,395 exp.,800 000 exp.,250.0,5.0,5.0,5.0,105.0,50.0,
1003,Rhinoféros,Rhydon,112,/images/8/80/Rhinof%C3%A9ros-RFVF.png,/images/a/a9/Cri_0112_HOME.ogg,Sol,Roche,"1,9","120,0",Paratonnerre,Tête de Roc,Téméraire,50 % femelle; 50 % mâle,60.0,20.0,Monstrueux,Terrestre,+2 Att.,204 exp.,1 250 000 exp.,105.0,130.0,120.0,120.0,45.0,40.0,
1004,Rhinocorne,Rhyhorn,111,/images/a/a1/Rhinocorne-RFVF.png,/images/d/d7/Cri_0111_HOME.ogg,Sol,Roche,"1,0","115,0",Paratonnerre,Tête de Roc,Téméraire,50 % femelle; 50 % mâle,120.0,20.0,Monstrueux,Terrestre,+1 Déf.,135 exp.,1 250 000 exp.,80.0,85.0,95.0,95.0,30.0,25.0,
1005,Smogogo de Galar,Galarian Weezing,110,/images/1/15/Smogogo_de_Galar-EB.png,/images/6/64/Cri_0110_HOME.ogg,Poison,Fée,"3,0","16,0",Lévitation,Gaz Inhibiteur,Créa-Brume,50 % femelle; 50 % mâle,60.0,20.0,Amorphe,,+2 Défense,173 exp.,1 000 000 exp.,65.0,90.0,120.0,120.0,70.0,60.0,
1006,Smogogo,Weezing,110,/images/3/38/Smogogo-RFVF.png,/images/6/64/Cri_0110_HOME.ogg,Poison,,"1,2","9,5",Lévitation,Gaz Inhibiteur,Puanteur,50 % femelle; 50 % mâle,60.0,20.0,Amorphe,,+2 Déf.,173 exp.,1 000 000 exp.,65.0,90.0,120.0,120.0,70.0,60.0,
1007,Smogo,Koffing,109,/images/5/53/Smogo-RFVF.png,/images/3/3d/Cri_0109_HOME.ogg,Poison,,"0,6","1,0",Lévitation,Gaz Inhibiteur,Puanteur,50 % femelle; 50 % mâle,190.0,20.0,Amorphe,,+1 Déf.,114 exp.,1 000 000 exp.,40.0,65.0,95.0,95.0,45.0,35.0,
1008,Excelangue,Lickitung,108,/images/7/74/Excelangue-RFVF.png,/images/d/d6/Cri_0108_HOME.ogg,Normal,,"1,2","65,5",Benêt,Tempo Perso,Ciel Gris,50 % femelle; 50 % mâle,45.0,20.0,Monstrueux,,+2 PV,127 exp.,1 000 000 exp.,90.0,55.0,75.0,75.0,75.0,30.0,
1009,Tygnon,Hitmonchan,107,/images/9/9c/Tygnon-RFVF.png,/images/3/36/Cri_0107_HOME.ogg,Combat,,"1,4","50,2",Regard Vif,Poing de Fer,Attention,0 % femelle; 100 % mâle,45.0,25.0,Humanoïde,,+2 Déf. Spé,140 exp.,1 000 000 exp.,50.0,,,,110.0,76.0,
1010,Kicklee,Hitmonlee,106,/images/e/e7/Kicklee-RFVF.png,/images/f/f8/Cri_0106_HOME.ogg,Combat,,"1,5","49,8",Échauffement,Téméraire,Délestage,0 % femelle; 100 % mâle,45.0,25.0,Humanoïde,,+2 Att.,139 exp.,1 000 000 exp.,50.0,,,,110.0,87.0,
1011,Ossatueur d'Alola,Alolan Marowak,105,/images/3/33/Ossatueur_d%27Alola-SL.png,/images/4/4b/Cri_0105_HOME.ogg,Feu,Spectre,"1,0","34,0",Corps Maudit,Paratonnerre,Tête de Roc,50 % femelle; 50 % mâle,75.0,20.0,Monstrueux,,+2 Défense,149 exp.,1 000 000 exp.,60.0,80.0,110.0,110.0,80.0,45.0,
1012,Ossatueur,Marowak,105,/images/3/39/Ossatueur-RFVF.png,/images/4/4b/Cri_0105_HOME.ogg,Sol,,"1,0","45,0",Tête de Roc,Paratonnerre,Armurbaston,50 % femelle; 50 % mâle,75.0,20.0,Monstrueux,,+2 Défense,124 exp.,1 000 000 exp.,60.0,80.0,110.0,110.0,80.0,45.0,
1013,Osselait,Cubone,104,/images/5/58/Osselait-RFVF.png,/images/2/24/Cri_0104_HOME.ogg,Sol,,"0,4","6,5",Tête de Roc,Paratonnerre,Armurbaston,50 % femelle; 50 % mâle,190.0,20.0,Monstrueux,,+1 Déf.,87 exp.,1 000 000 exp.,50.0,50.0,95.0,95.0,50.0,35.0,
1014,Noadkoko d'Alola,Alolan Exeggutor,103,/images/7/7c/Noadkoko_d%27Alola-SL.png,/images/b/bb/Cri_0103_HOME.ogg,Plante,Dragon,"10,9","415,6",Fouille,,Récolte,50 % femelle; 50 % mâle,45.0,20.0,Végétal,,+2 Attaque Spéciale,186 exp.,1 250 000 exp.,95.0,105.0,85.0,85.0,75.0,45.0,
1015,Noadkoko,Exeggutor,103,/images/1/1f/Noadkoko-RFVF.png,/images/b/bb/Cri_0103_HOME.ogg,Plante,Psy,"2,0","120,0",Chlorophylle,,Récolte,50 % femelle; 50 % mâle,45.0,20.0,Végétal,,+2 Attaque Spéciale,212 exp.,1 250 000 exp.,95.0,95.0,85.0,85.0,75.0,55.0,
1016,Noeunoeuf,Exeggcute,102,/images/3/39/Noeunoeuf-RFVF.png,/images/f/fa/Cri_0102_HOME.ogg,Plante,Psy,"0,4","2,5",Chlorophylle,,Récolte,50 % femelle; 50 % mâle,90.0,20.0,Végétal,,+1 Déf.,98 exp.,1 250 000 exp.,60.0,40.0,80.0,80.0,45.0,40.0,
1017,Électrode de Hisui,Hisuian Electrode,101,/images/9/9f/%C3%89lectrode_de_Hisui-LPA.png,/images/b/bd/Cri_0101_HOME.ogg,Électrik,Plante,"1,2","71,0",Anti-Bruit,Statik,Boom Final,Asexué,60.0,20.0,Minéral,,+2 Vit,172 exp.,1 000 000 exp.,60.0,50.0,70.0,70.0,80.0,150.0,
1018,Électrode,Electrode,101,/images/0/03/%C3%89lectrode-RFVF.png,/images/b/bd/Cri_0101_HOME.ogg,Électrik,,"1,2","66,6",Anti-Bruit,Statik,Boom Final,Asexué,60.0,20.0,Minéral,,+2 Vit.,150 exp.,1 000 000 exp.,60.0,50.0,70.0,70.0,80.0,150.0,
1019,Voltorbe de Hisui,Hisuian Voltorb,100,/images/5/5e/Voltorbe_de_Hisui-LPA.png,/images/d/de/Cri_0100_HOME.ogg,Électrik,Plante,"0,5","13,0",Anti-Bruit,Statik,Boom Final,Asexué,190.0,20.0,Minéral,,+1 Vit.,66 exp.,1 000 000 exp.,40.0,30.0,50.0,50.0,55.0,100.0,
1020,Voltorbe,Voltorb,100,/images/5/59/Voltorbe-RFVF.png,/images/d/de/Cri_0100_HOME.ogg,Électrik,,"0,5","10,4",Anti-Bruit,Statik,Boom Final,Asexué,190.0,20.0,Minéral,,+1 Vit.,103 exp.,1 000 000 exp.,40.0,30.0,50.0,50.0,55.0,100.0,
1021,Krabboss Gigamax,Gigantamax Kingler,99,/images/1/1f/Krabboss_%28Gigamax%29-EB.png,/images/6/6b/Cri_0099_Gigamax_HOME.ogg,Eau,,"19,0","???,?",Hyper Cutter,Coque Armure,Sans Limite,50 % femelle; 50 % mâle,,,,,,,,,,,,,,
1022,Krabboss,Kingler,99,/images/5/55/Krabboss-RFVF.png,/images/7/7a/Cri_0099_HOME.ogg,Eau,,"1,3","60,0",Hyper Cutter,Coque Armure,Sans Limite,50 % femelle; 50 % mâle,60.0,20.0,Aquatique 3,,+2 Att.,206 exp.,1 000 000 exp.,55.0,130.0,115.0,115.0,50.0,75.0,
1023,Krabby,Krabby,98,/images/e/ed/Krabby-RFVF.png,/images/8/80/Cri_0098_HOME.ogg,Eau,,"0,4","6,5",Hyper Cutter,Coque Armure,Sans Limite,50 % femelle; 50 % mâle,225.0,20.0,Aquatique 3,,+1 Att.,115 exp.,1 000 000 exp.,30.0,105.0,90.0,90.0,25.0,50.0,
1024,Hypnomade,Hypno,97,/images/3/3a/Hypnomade-RFVF.png,/images/1/18/Cri_0097_HOME.ogg,Psy,,"1,6","75,6",Insomnia,Prédiction,Attention,50 % femelle; 50 % mâle,75.0,20.0,Humanoïde,,+2 Déf. Spé,165 exp.,1 000 000 exp.,85.0,73.0,70.0,70.0,115.0,67.0,
1025,Soporifik,Drowzee,96,/images/9/94/Soporifik-RFVF.png,/images/6/60/Cri_0096_HOME.ogg,Psy,,"1,0","32,4",Insomnia,Prédiction,Attention,50 % femelle; 50 % mâle,190.0,20.0,Humanoïde,,+1 Déf. Spé,102 exp.,1 000 000 exp.,60.0,48.0,45.0,45.0,90.0,42.0,
1026,Onix,Onix,95,/images/2/24/Onix-RFVF.png,/images/3/30/Cri_0095_HOME.ogg,Roche,Sol,"8,8","210,0",Tête de Roc,Fermeté,Armurouillée,50 % femelle; 50 % mâle,45.0,25.0,Minéral,,+1 Déf.,108 exp.,1 000 000 exp.,35.0,45.0,160.0,160.0,45.0,70.0,
1027,Méga-Ectoplasma,Mega Gengar,94,/images/9/9e/M%C3%A9ga-Ectoplasma-XY.png,/images/a/af/Cri_0094_M%C3%A9ga_HOME.ogg,Spectre,Poison,"1,4","40,5",Marque Ombre,,,50 % femelle; 50 % mâle,,,,,,,,60.0,65.0,80.0,80.0,95.0,130.0,
1028,Ectoplasma Gigamax,Gigantamax Gengar,94,/images/2/2b/Ectoplasma_%28Gigamax%29-EB.png,/images/4/45/Cri_0094_Gigamax_HOME.ogg,Spectre,Poison,"20,0","???,?",Corps Maudit,,,50 % femelle; 50 % mâle,,,,,,,,,,,,,,
1029,Ectoplasma,Gengar,94,/images/8/8d/Ectoplasma-RFVF.png,/images/7/7f/Cri_0094_HOME.ogg,Spectre,Poison,"1,5","40,5",Corps Maudit,Lévitation,,50 % femelle; 50 % mâle,45.0,20.0,Amorphe,,+3 Att. Spé,190 exp.,1 059 860 exp.,60.0,65.0,60.0,60.0,75.0,110.0,
1030,Spectrum,Haunter,93,/images/0/09/Spectrum-RFVF.png,/images/b/b5/Cri_0093_HOME.ogg,Spectre,Poison,"1,6","0,1",Lévitation,,,50 % femelle; 50 % mâle,90.0,20.0,Amorphe,,+2 Att. Spé,126 exp.,1 059 860 exp.,45.0,50.0,45.0,45.0,55.0,95.0,
1031,Fantominus,Gastly,92,/images/9/9f/Fantominus-RFVF.png,/images/5/53/Cri_0092_HOME.ogg,Spectre,Poison,"1,3","0,1",Lévitation,,,50 % femelle; 50 % mâle,190.0,20.0,Amorphe,,+1 Att. Spé,95 exp.,1 059 860 exp.,30.0,35.0,30.0,30.0,35.0,80.0,
1032,Crustabri,Cloyster,91,/images/8/84/Crustabri-RFVF.png,/images/4/49/Cri_0091_HOME.ogg,Eau,Glace,"1,5","132,5",Coque Armure,Multi-Coups,Envelocape,50 % femelle; 50 % mâle,60.0,20.0,Aquatique 3,,+2 Déf.,203 exp.,1 250 000 exp.,50.0,95.0,180.0,180.0,45.0,70.0,
1033,Kokiyas,Shellder,90,/images/e/eb/Kokiyas-RFVF.png,/images/a/a8/Cri_0090_HOME.ogg,Eau,,"0,3","4,0",Coque Armure,Multi-Coups,Envelocape,50 % femelle; 50 % mâle,190.0,20.0,Aquatique 3,,+1 Déf.,97 exp.,1 250 000 exp.,30.0,65.0,100.0,100.0,25.0,40.0,
1034,Grotadmorv d'Alola,Alolan Muk,89,/images/2/2e/Grotadmorv_d%27Alola-SL.png,/images/7/75/Cri_0089_HOME.ogg,Poison,Ténèbres,"1,0","52,0",Toxitouche,Gloutonnerie,Osmose,50 % femelle; 50 % mâle,75.0,20.0,Amorphe,,+1 PV ; +1 Att.,175 exp.,1 000 000 exp.,105.0,105.0,75.0,75.0,100.0,50.0,
1035,Grotadmorv,Muk,89,/images/8/8f/Grotadmorv-RFVF.png,/images/7/75/Cri_0089_HOME.ogg,Poison,,"1,2","30,0",Puanteur,Glu,Toxitouche,50 % femelle; 50 % mâle,75.0,20.0,Amorphe,,+1 PV ; +1 Att.,157 exp.,1 000 000 exp.,105.0,105.0,75.0,75.0,100.0,50.0,
1036,Tadmorv d'Alola,Alolan Grimer,88,/images/0/05/Tadmorv_d%27Alola-SL.png,/images/b/b8/Cri_0088_HOME.ogg,Poison,Ténèbres,"0,7","42,0",Toxitouche,Gloutonnerie,Osmose,50 % femelle; 50 % mâle,190.0,20.0,Amorphe,,+1 PV,65 exp.,1 000 000 exp.,80.0,80.0,50.0,50.0,50.0,25.0,
1037,Tadmorv,Grimer,88,/images/9/9c/Tadmorv-RFVF.png,/images/b/b8/Cri_0088_HOME.ogg,Poison,,"0,9","30,0",Puanteur,Glu,Toxitouche,50 % femelle; 50 % mâle,190.0,20.0,Amorphe,,+1 PV,90 exp.,1 000 000 exp.,80.0,80.0,50.0,50.0,50.0,25.0,
1038,Lamantine,Dewgong,87,/images/9/93/Lamantine-RFVF.png,/images/e/ec/Cri_0087_HOME.ogg,Eau,Glace,"1,7","120,0",Isograisse,Hydratation,Corps Gel,50 % femelle; 50 % mâle,75.0,20.0,Aquatique 1,Terrestre,+2 Déf. Spé,176 exp.,1 000 000 exp.,90.0,70.0,80.0,80.0,95.0,70.0,
1039,Otaria,Seel,86,/images/3/31/Otaria-RFVF.png,/images/e/e7/Cri_0086_HOME.ogg,Eau,,"1,1","90,0",Isograisse,Hydratation,Corps Gel,50 % femelle; 50 % mâle,190.0,20.0,Aquatique 1,Terrestre,+1 Déf. Spé,100 exp.,1 000 000 exp.,65.0,45.0,55.0,55.0,70.0,45.0,
1040,Dodrio,Dodrio,85,/images/2/2e/Dodrio-RFVF.png,/images/a/a5/Cri_0085_HOME.ogg,Normal,Vol,"1,8","85,2",Fuite,Matinal,Pieds Confus,50 % femelle; 50 % mâle,45.0,20.0,Aérien,,+2 Att.,158 exp.,1 000 000 exp.,60.0,110.0,70.0,70.0,60.0,110.0,
1041,Doduo,Doduo,84,/images/2/2a/Doduo-RFVF.png,/images/4/44/Cri_0084_HOME.ogg,Normal,Vol,"1,4","39,2",Fuite,Matinal,Pieds Confus,50 % femelle; 50 % mâle,190.0,20.0,Aérien,,+1 Att.,96 exp.,1 000 000 exp.,35.0,85.0,45.0,45.0,35.0,75.0,
1042,Canarticho de Galar,Galarian Farfetch'd,83,/images/1/1a/Canarticho_de_Galar-EB.png,/images/a/a5/Cri_0083_HOME.ogg,Combat,,"0,8","42,0",Impassible,,Querelleur,50 % femelle; 50 % mâle,45.0,20.0,Aérien,Terrestre,+1 Attaque,94 exp.,1 000 000 exp.,52.0,95.0,55.0,55.0,62.0,55.0,
1043,Canarticho,Farfetch'd,83,/images/0/07/Canarticho-RFVF.png,/images/a/a5/Cri_0083_HOME.ogg,Normal,Vol,"0,8","15,0",Attention,Regard Vif,Acharné,50 % femelle; 50 % mâle,45.0,20.0,Aérien,Terrestre,+1 Att.,94 exp.,1 000 000 exp.,52.0,90.0,55.0,55.0,62.0,60.0,
1044,Magnéton,Magneton,82,/images/3/36/Magn%C3%A9ton-RFVF.png,/images/4/44/Cri_0082_HOME.ogg,Électrik,Acier,"1,0","60,0",Magnépiège,Fermeté,Analyste,Asexué,60.0,20.0,Minéral,,+2 Att. Spé,161 exp.,1 000 000 exp.,50.0,60.0,95.0,95.0,70.0,70.0,
1045,Magnéti,Magnemite,81,/images/b/b9/Magn%C3%A9ti-RFVF.png,/images/1/11/Cri_0081_HOME.ogg,Électrik,Acier,"0,3","6,0",Magnépiège,Fermeté,Analyste,Asexué,190.0,20.0,Minéral,,+1 Att. Spé,89 exp.,1 000 000 exp.,25.0,35.0,70.0,70.0,55.0,45.0,
1046,Flagadoss de Galar,Galarian Slowbro,80,/images/7/77/Flagadoss_de_Galar-EB.png,/images/f/f4/Cri_0080_HOME.ogg,Poison,Psy,"1,6","70,5",Tir Vif,Tempo Perso,Régé-Force,50 % femelle; 50 % mâle,75.0,20.0,Monstrueux,Aquatique 1,+2 Att.,172 exp.,1 000 000 exp.,95.0,100.0,95.0,95.0,70.0,30.0,
1047,Méga-Flagadoss,Mega Slowbro,80,/images/2/24/M%C3%A9ga-Flagadoss-ROSA.png,/images/d/d9/Cri_0080_M%C3%A9ga_HOME.ogg,Eau,Psy,"2,0","120,0",Coque Armure,,,50 % femelle; 50 % mâle,,,,,,,,95.0,75.0,180.0,180.0,80.0,30.0,
1048,Flagadoss,Slowbro,80,/images/b/b4/Flagadoss-RFVF.png,/images/f/f4/Cri_0080_HOME.ogg,Eau,Psy,"1,6","78,5",Benêt,Tempo Perso,Régé-Force,50 % femelle; 50 % mâle,75.0,20.0,Monstrueux,Aquatique 1,+2 Déf.,164 exp.,1 000 000 exp.,95.0,75.0,110.0,110.0,80.0,30.0,
1049,Ramoloss de Galar,Galarian Slowpoke,79,/images/f/f4/Ramoloss_de_Galar-EB.png,/images/7/7a/Cri_0079_HOME.ogg,Psy,,"1,2","36,0",Gloutonnerie,Tempo Perso,Régé-Force,50 % femelle; 50 % mâle,190.0,20.0,Monstrueux,Aquatique 1,+1 PV,99 exp.,1 000 000 exp.,90.0,65.0,65.0,65.0,40.0,15.0,
1050,Ramoloss,Slowpoke,79,/images/5/5a/Ramoloss-RFVF.png,/images/7/7a/Cri_0079_HOME.ogg,Eau,Psy,"1,2","36,0",Benêt,Tempo Perso,Régé-Force,50 % femelle; 50 % mâle,190.0,20.0,Monstrueux,Aquatique 1,+1 PV,99 exp.,1 000 000 exp.,90.0,65.0,65.0,65.0,40.0,15.0,
1051,Galopa de Galar,Galarian Rapidash,78,/images/a/a5/Galopa_de_Galar-EB.png,/images/d/dd/Cri_0078_HOME.ogg,Psy,Fée,"1,7","80,0",Fuite,Voile Pastel,Anticipation,50 % femelle; 50 % mâle,60.0,20.0,Terrestre,,+2 Vit.,192 exp.,1 000 000 exp.,65.0,100.0,70.0,70.0,80.0,105.0,
1052,Galopa,Rapidash,78,/images/9/9c/Galopa-RFVF.png,/images/d/dd/Cri_0078_HOME.ogg,Feu,,"1,7","95,0",Fuite,Torche,Corps Ardent,50 % femelle; 50 % mâle,60.0,20.0,Terrestre,,+2 Vit.,192 exp.,1 000 000 exp.,65.0,100.0,70.0,70.0,80.0,105.0,
1053,Ponyta de Galar,Galarian Ponyta,77,/images/0/0c/Ponyta_de_Galar-EB.png,/images/9/90/Cri_0077_HOME.ogg,Psy,,"0,8","24,0",Fuite,Voile Pastel,Anticipation,50 % femelle; 50 % mâle,190.0,20.0,Terrestre,,+1 Vit.,82 exp.,1 000 000 exp.,50.0,85.0,55.0,55.0,65.0,90.0,
1054,Ponyta,Ponyta,77,/images/8/8f/Ponyta-RFVF.png,/images/9/90/Cri_0077_HOME.ogg,Feu,,"1,0","30,0",Fuite,Torche,Corps Ardent,50 % femelle; 50 % mâle,190.0,20.0,Terrestre,,+1 Vit.,82 exp.,1 000 000 exp.,50.0,85.0,55.0,55.0,65.0,90.0,
1055,Grolem d'Alola,Alolan Golem,76,/images/f/f5/Grolem_d%27Alola-SL.png,/images/8/82/Cri_0076_HOME.ogg,Roche,Électrik,"1,7","316,0",Magnépiège,Fermeté,Peau Électrique,50 % femelle; 50 % mâle,45.0,15.0,Minéral,,+3 Défense,223 exp.,1 059 860 exp.,80.0,120.0,130.0,130.0,65.0,45.0,
1056,Grolem,Golem,76,/images/a/a3/Grolem-RFVF.png,/images/8/82/Cri_0076_HOME.ogg,Roche,Sol,"1,4","300,0",Tête de Roc,Fermeté,Voile Sable,50 % femelle; 50 % mâle,45.0,15.0,Minéral,,+3 Déf.,177 exp.,1 059 860 exp.,80.0,120.0,130.0,130.0,65.0,45.0,
1057,Gravalanch d'Alola,Alolan Graveler,75,/images/7/70/Gravalanch_d%27Alola-SL.png,/images/4/4a/Cri_0075_HOME.ogg,Roche,Électrik,"1,0","110,0",Magnépiège,Fermeté,Peau Électrique,50 % femelle; 50 % mâle,120.0,15.0,Minéral,,+2 Défense,137 exp.,1 059 860 exp.,55.0,95.0,115.0,115.0,45.0,35.0,
1058,Gravalanch,Graveler,75,/images/a/a5/Gravalanch-RFVF.png,/images/4/4a/Cri_0075_HOME.ogg,Roche,Sol,"1,0","105,0",Tête de Roc,Fermeté,Voile Sable,50 % femelle; 50 % mâle,120.0,15.0,Minéral,,+2 Déf.,134 exp.,1 059 860 exp.,55.0,95.0,115.0,115.0,45.0,35.0,
1059,Racaillou d'Alola,Alolan Geodude,74,/images/4/4b/Racaillou_d%27Alola-SL.png,/images/b/bf/Cri_0074_HOME.ogg,Roche,Électrik,"0,4","20,3",Magnépiège,Fermeté,Peau Électrique,50 % femelle; 50 % mâle,255.0,15.0,Minéral,,+1 Defense,60 exp.,1 059 860 exp.,40.0,80.0,100.0,100.0,30.0,20.0,
1060,Racaillou,Geodude,74,/images/b/b2/Racaillou-RFVF.png,/images/b/bf/Cri_0074_HOME.ogg,Roche,Sol,"0,4","20,0",Tête de Roc,Fermeté,Voile Sable,50 % femelle; 50 % mâle,255.0,15.0,Minéral,,+1 Déf.,73 exp.,1 059 860 exp.,40.0,80.0,100.0,100.0,30.0,20.0,
1061,Tentacruel,Tentacruel,73,/images/1/1c/Tentacruel-RFVF.png,/images/f/f5/Cri_0073_HOME.ogg,Eau,Poison,"1,6","55,0",Corps Sain,Suintement,Cuvette,50 % femelle; 50 % mâle,60.0,20.0,Aquatique 3,,+2 Déf. Spé,205 exp.,1 250 000 exp.,80.0,70.0,65.0,65.0,120.0,100.0,
1062,Tentacool,Tentacool,72,/images/d/de/Tentacool-RFVF.png,/images/a/ae/Cri_0072_HOME.ogg,Eau,Poison,"0,9","45,5",Corps Sain,Suintement,Cuvette,50 % femelle; 50 % mâle,190.0,20.0,Aquatique 3,,+1 Déf. Spé,105 exp.,1 250 000 exp.,40.0,40.0,35.0,35.0,100.0,70.0,
1063,Empiflor,Victreebel,71,/images/4/41/Empiflor-RFVF.png,/images/6/6d/Cri_0071_HOME.ogg,Plante,Poison,"1,7","15,5",Chlorophylle,,Gloutonnerie,50 % femelle; 50 % mâle,45.0,20.0,Végétal,,+3 Att.,191 exp.,1 059 860 exp.,80.0,105.0,65.0,65.0,70.0,70.0,
1064,Boustiflor,Weepinbell,70,/images/f/f5/Boustiflor-RFVF.png,/images/1/1e/Cri_0070_HOME.ogg,Plante,Poison,"1,0","6,4",Chlorophylle,,Gloutonnerie,50 % femelle; 50 % mâle,120.0,20.0,Végétal,,+2 Att.,151 exp.,1 059 860 exp.,65.0,90.0,50.0,50.0,45.0,55.0,
1065,Chétiflor,Bellsprout,69,/images/f/f9/Ch%C3%A9tiflor-RFVF.png,/images/5/59/Cri_0069_HOME.ogg,Plante,Poison,"0,7","4,0",Chlorophylle,,Gloutonnerie,50 % femelle; 50 % mâle,255.0,20.0,Végétal,,+1 Att.,84 exp.,1 059 860 exp.,50.0,75.0,35.0,35.0,30.0,40.0,
1066,Mackogneur Gigamax,Gigantamax Machamp,68,/images/8/8f/Mackogneur_%28Gigamax%29-EB.png,/images/0/02/Cri_0068_Gigamax_HOME.ogg,Combat,,"25,0","???,?",Cran,Annule Garde,Impassible,25 % femelle; 75 % mâle,,,,,,,,,,,,,,
1067,Mackogneur,Machamp,68,/images/e/ee/Mackogneur-RFVF.png,/images/b/bf/Cri_0068_HOME.ogg,Combat,,"1,6","130,0",Cran,Annule Garde,Impassible,25 % femelle; 75 % mâle,45.0,20.0,Humanoïde,,+3 Att.,193 exp.,1 059 860 exp.,90.0,130.0,80.0,80.0,85.0,55.0,
1068,Machopeur,Machoke,67,/images/c/cf/Machopeur-RFVF.png,/images/b/be/Cri_0067_HOME.ogg,Combat,,"1,5","70,5",Cran,Annule Garde,Impassible,25 % femelle; 75 % mâle,90.0,20.0,Humanoïde,,+2 Att.,146 exp.,1 059 860 exp.,80.0,100.0,70.0,70.0,60.0,45.0,
1069,Machoc,Machop,66,/images/7/75/Machoc-RFVF.png,/images/3/37/Cri_0066_HOME.ogg,Combat,,"0,8","19,5",Cran,Annule Garde,Impassible,25 % femelle; 75 % mâle,180.0,20.0,Humanoïde,,+1 Att.,75 exp.,1 059 860 exp.,70.0,80.0,50.0,50.0,35.0,35.0,
1070,Méga-Alakazam,Mega Alakazam,65,/images/9/96/M%C3%A9ga-Alakazam-XY.png,/images/e/e2/Cri_0065_M%C3%A9ga_HOME.ogg,Psy,,"1,2","48,0",Calque,,,25 % femelle; 75 % mâle,,,,,,,,55.0,50.0,65.0,65.0,95.0,150.0,
1071,Alakazam,Alakazam,65,/images/6/68/Alakazam-RFVF.png,/images/3/37/Cri_0065_HOME.ogg,Psy,,"1,5","48,0",Synchro,Attention,Garde Magik,25 % femelle; 75 % mâle,50.0,20.0,Humanoïde,,+3 Att. Spé,186 exp.,1 059 860 exp.,55.0,50.0,45.0,45.0,95.0,120.0,
1072,Kadabra,Kadabra,64,/images/6/6f/Kadabra-RFVF.png,/images/4/4c/Cri_0064_HOME.ogg,Psy,,"1,3","56,5",Synchro,Attention,Garde Magik,25 % femelle; 75 % mâle,100.0,20.0,Humanoïde,,+2 Att. Spé,145 exp.,1 059 860 exp.,40.0,35.0,30.0,30.0,70.0,105.0,
1073,Abra,Abra,63,/images/3/36/Abra-RFVF.png,/images/8/81/Cri_0063_HOME.ogg,Psy,,"0,9","19,5",Synchro,Attention,Garde Magik,25 % femelle; 75 % mâle,200.0,20.0,Humanoïde,,+1 Att. Spé,75 exp.,1 059 860 exp.,25.0,20.0,15.0,15.0,55.0,90.0,
1074,Tartard,Poliwrath,62,/images/3/38/Tartard-RFVF.png,/images/5/56/Cri_0062_HOME.ogg,Eau,Combat,"1,3","54,0",Absorbe-Eau,Moiteur,Glissade,50 % femelle; 50 % mâle,45.0,20.0,Aquatique 1,,+3 Déf.,185 exp.,1 059 860 exp.,90.0,95.0,95.0,95.0,90.0,70.0,
1075,Têtarte,Poliwhirl,61,/images/5/54/T%C3%AAtarte-RFVF.png,/images/0/0c/Cri_0061_HOME.ogg,Eau,,"1,0","20,0",Absorbe-Eau,Moiteur,Glissade,50 % femelle; 50 % mâle,120.0,20.0,Aquatique 1,,+2 Vit.,131 exp.,1 059 860 exp.,65.0,65.0,65.0,65.0,50.0,90.0,
1076,Ptitard,Poliwag,60,/images/4/4b/Ptitard-RFVF.png,/images/a/a8/Cri_0060_HOME.ogg,Eau,,"0,6","12,4",Absorbe-Eau,Moiteur,Glissade,50 % femelle; 50 % mâle,255.0,20.0,Aquatique 1,,+1 Vit.,77 exp.,1 059 860 exp.,40.0,50.0,40.0,40.0,40.0,90.0,
1077,Arcanin de Hisui,Hisuian Arcanine,59,/images/3/39/Arcanin_de_Hisui-LPA.png,/images/3/3d/Cri_0059_HOME.ogg,Feu,Roche,"2,0","168,0",Intimidation,Torche,Tête de Roc,25 % femelle; 75 % mâle,75.0,20.0,Terrestre,,+2 Att,194 exp.,1 250 000 exp.,95.0,115.0,80.0,80.0,80.0,90.0,
1078,Arcanin,Arcanine,59,/images/7/7e/Arcanin-RFVF.png,/images/3/3d/Cri_0059_HOME.ogg,Feu,,"1,9","155,0",Intimidation,Torche,Cœur Noble,25 % femelle; 75 % mâle,75.0,20.0,Terrestre,,+2 Att.,213 exp.,1 250 000 exp.,90.0,110.0,80.0,80.0,80.0,95.0,
1079,Caninos de Hisui,Hisuian Growlithe,58,/images/8/81/Caninos_de_Hisui-LPA.png,/images/e/e9/Cri_0058_HOME.ogg,Feu,Roche,"0,8","22,7",Intimidation,Torche,Tête de Roc,25 % femelle; 75 % mâle,190.0,20.0,Terrestre,,+1 Att,70 exp.,1 250 000 exp.,60.0,75.0,45.0,45.0,60.0,55.0,
1080,Caninos,Growlithe,58,/images/e/e2/Caninos-RFVF.png,/images/e/e9/Cri_0058_HOME.ogg,Feu,,"0,7","19,0",Intimidation,Torche,Cœur Noble,25 % femelle; 75 % mâle,190.0,20.0,Terrestre,,+1 Att,91 exp.,1 250 000 exp.,55.0,70.0,45.0,45.0,50.0,60.0,
1081,Colossinge,Primeape,57,/images/d/df/Colossinge-RFVF.png,/images/9/9d/Cri_0057_HOME.ogg,Combat,,"1,0","32,0",Esprit Vital,Colérique,Acharné,50 % femelle; 50 % mâle,75.0,20.0,Terrestre,,+2 Att.,149 exp.,1 000 000 exp.,65.0,105.0,60.0,60.0,70.0,95.0,
1082,Férosinge,Mankey,56,/images/8/8e/F%C3%A9rosinge-RFVF.png,/images/f/fc/Cri_0056_HOME.ogg,Combat,,"0,5","28,0",Esprit Vital,Colérique,Acharné,50 % femelle; 50 % mâle,190.0,20.0,Terrestre,,+1 Att.,74 exp.,1 000 000 exp.,40.0,80.0,35.0,35.0,45.0,70.0,
1083,Akwakwak,Golduck,55,/images/6/6e/Akwakwak-RFVF.png,/images/f/f7/Cri_0055_HOME.ogg,Eau,,"1,7","76,6",Moiteur,Ciel Gris,Glissade,50 % femelle; 50 % mâle,75.0,20.0,Aquatique 1,Terrestre,+2 Att. Spé,174 exp.,1 000 000 exp.,80.0,82.0,78.0,78.0,80.0,85.0,
1084,Psykokwak,Psyduck,54,/images/4/44/Psykokwak-RFVF.png,/images/f/fe/Cri_0054_HOME.ogg,Eau,,"0,8","19,6",Moiteur,Ciel Gris,Glissade,50 % femelle; 50 % mâle,190.0,20.0,Aquatique 1,Terrestre,+1 Att. Spé,80 exp.,1 000 000 exp.,50.0,52.0,48.0,48.0,50.0,55.0,
1085,Persian d'Alola,Alolan Persian,53,/images/3/3f/Persian_d%27Alola-SL.png,/images/7/7a/Cri_0053_HOME.ogg,Ténèbres,,"1,1","33,0",Toison Épaisse,Technicien,Phobique,50 % femelle; 50 % mâle,90.0,20.0,Terrestre,,+2 Vitesse,154 exp.,1 000 000 exp.,65.0,60.0,60.0,60.0,65.0,115.0,
1086,Persian,Persian,53,/images/4/41/Persian-RFVF.png,/images/7/7a/Cri_0053_HOME.ogg,Normal,,"1,0","32,0",Échauffement,Technicien,Tension,50 % femelle; 50 % mâle,90.0,20.0,Terrestre,,+2 Vit.,148 exp.,1 000 000 exp.,65.0,70.0,60.0,60.0,65.0,115.0,
1087,Miaouss de Galar,Galarian Meowth,52,/images/e/eb/Miaouss_de_Galar-EB.png,/images/1/1f/Cri_0052_HOME.ogg,Acier,,"0,4","7,5",Ramassage,Griffe Dure,Tension,50 % femelle; 50 % mâle,255.0,20.0,Terrestre,,+1 Attaque,69 exp.,1 000 000 exp.,50.0,65.0,55.0,55.0,40.0,40.0,
1088,Miaouss d'Alola,Alolan Meowth,52,/images/e/ee/Miaouss_d%27Alola-SL.png,/images/1/1f/Cri_0052_HOME.ogg,Ténèbres,,"0,4","4,2",Ramassage,Technicien,Phobique,50 % femelle; 50 % mâle,255.0,20.0,Terrestre,,+1 Vitesse,58 exp.,1 000 000 exp.,40.0,35.0,35.0,35.0,40.0,90.0,
1089,Miaouss Gigamax,Gigantamax Meowth,52,/images/f/fd/Miaouss_%28Gigamax%29-EB.png,/images/3/3f/Cri_0052_Gigamax_HOME.ogg,Normal,,"33,0","???,?",Ramassage,Technicien,Tension,50 % femelle; 50 % mâle,,,,,,,,,,,,,,
1090,Miaouss,Meowth,52,/images/b/b8/Miaouss-RFVF.png,/images/1/1f/Cri_0052_HOME.ogg,Normal,,"0,4","4,2",Ramassage,Technicien,Tension,50 % femelle; 50 % mâle,255.0,20.0,Terrestre,,+1 Vit.,69 exp.,1 000 000 exp.,40.0,45.0,35.0,35.0,40.0,90.0,
1091,Triopikeur d'Alola,Alolan Dugtrio,51,/images/c/c6/Triopikeur_d%27Alola-SL.png,/images/1/18/Cri_0051_HOME.ogg,Sol,Acier,"0,7","66,6",Voile Sable,Mèche Rebelle,Force Sable,50 % femelle; 50 % mâle,50.0,20.0,Terrestre,,+2 Attaque,149 exp.,1 000 000 exp.,35.0,100.0,60.0,60.0,70.0,110.0,
1092,Triopikeur,Dugtrio,51,/images/8/85/Triopikeur-RFVF.png,/images/1/18/Cri_0051_HOME.ogg,Sol,,"0,7","33,3",Voile Sable,Piège Sable,Force Sable,50 % femelle; 50 % mâle,50.0,20.0,Terrestre,,+2 Vit.,153 exp.,1 000 000 exp.,35.0,100.0,50.0,50.0,70.0,120.0,
1093,Taupiqueur d'Alola,Alolan Diglett,50,/images/3/35/Taupiqueur_d%27Alola-SL.png,/images/d/dd/Cri_0050_HOME.ogg,Sol,Acier,"0,2","1,0",Voile Sable,Mèche Rebelle,Force Sable,50 % femelle; 50 % mâle,255.0,20.0,Terrestre,,+1 Vitesse,53 exp.,1 000 000 exp.,10.0,55.0,30.0,30.0,45.0,90.0,
1094,Taupiqueur,Diglett,50,/images/a/aa/Taupiqueur-RFVF.png,/images/d/dd/Cri_0050_HOME.ogg,Sol,,"0,2","0,8",Voile Sable,Piège Sable,Force Sable,50 % femelle; 50 % mâle,255.0,20.0,Terrestre,,+1 Vit.,81 exp.,1 000 000 exp.,10.0,55.0,25.0,25.0,45.0,95.0,
1095,Aéromite,Venomoth,49,/images/0/0f/A%C3%A9romite-RFVF.png,/images/7/70/Cri_0049_HOME.ogg,Insecte,Poison,"1,5","12,5",Écran Poudre,Lentiteintée,Peau Miracle,50 % femelle; 50 % mâle,75.0,20.0,Insectoïde,,+1 Att. Spé ; +1 Vit.,138 exp.,1 000 000 exp.,70.0,65.0,60.0,60.0,75.0,90.0,
1096,Mimitoss,Venonat,48,/images/a/a5/Mimitoss-RFVF.png,/images/9/94/Cri_0048_HOME.ogg,Insecte,Poison,"1,0","30,0",Œil Composé,Lentiteintée,Fuite,50 % femelle; 50 % mâle,190.0,20.0,Insectoïde,,+1 Déf. Spé,75 exp.,1 000 000 exp.,60.0,55.0,50.0,50.0,55.0,45.0,
1097,Parasect,Parasect,47,/images/5/55/Parasect-RFVF.png,/images/e/ec/Cri_0047_HOME.ogg,Insecte,Plante,"1,0","29,5",Pose Spore,Peau Sèche,Moiteur,50 % femelle; 50 % mâle,75.0,20.0,Insectoïde,Végétal,+2 Att. ; +1 Déf.,128 exp.,1 000 000 exp.,60.0,95.0,80.0,80.0,80.0,30.0,
1098,Paras,Paras,46,/images/5/52/Paras-RFVF.png,/images/d/d8/Cri_0046_HOME.ogg,Insecte,Plante,"0,3","5,4",Pose Spore,Peau Sèche,Moiteur,50 % femelle; 50 % mâle,190.0,20.0,Insectoïde,Végétal,+1 Att.,70 exp.,1 000 000 exp.,35.0,70.0,55.0,55.0,55.0,25.0,
1099,Rafflesia,Vileplume,45,/images/c/cd/Rafflesia-RFVF.png,/images/0/05/Cri_0045_HOME.ogg,Plante,Poison,"1,2","18,6",Chlorophylle,,Pose Spore,50 % femelle; 50 % mâle,45.0,20.0,Végétal,,+3 Att. Spé,184 exp.,1 059 860 exp.,75.0,80.0,85.0,85.0,90.0,50.0,
1100,Ortide,Gloom,44,/images/3/39/Ortide-RFVF.png,/images/3/35/Cri_0044_HOME.ogg,Plante,Poison,"0,8","8,6",Chlorophylle,,Puanteur,50 % femelle; 50 % mâle,120.0,20.0,Végétal,,+2 Att. Spé,132 exp.,1 059 860 exp.,60.0,65.0,70.0,70.0,75.0,40.0,
1101,Mystherbe,Oddish,43,/images/3/39/Mystherbe-RFVF.png,/images/4/48/Cri_0043_HOME.ogg,Plante,Poison,"0,5","5,4",Chlorophylle,,Fuite,50 % femelle; 50 % mâle,255.0,20.0,Végétal,,+1 Att. Spé,78 exp.,1 059 860 exp.,45.0,50.0,55.0,55.0,65.0,30.0,
1102,Nosferalto,Golbat,42,/images/6/64/Nosferalto-RFVF.png,/images/a/a9/Cri_0042_HOME.ogg,Poison,Vol,"1,6","55,0",Attention,,Infiltration,50 % femelle; 50 % mâle,90.0,15.0,Aérien,,+2 Vit.,171 exp.,1 000 000 exp.,75.0,80.0,70.0,70.0,75.0,90.0,
1103,Nosferapti,Zubat,41,/images/2/2b/Nosferapti-RFVF.png,/images/0/0f/Cri_0041_HOME.ogg,Poison,Vol,"0,8","7,5",Attention,,Infiltration,50 % femelle; 50 % mâle,255.0,15.0,Aérien,,+1 Vit.,54 exp.,1 000 000 exp.,40.0,45.0,35.0,35.0,40.0,55.0,
1104,Grodoudou,Wigglytuff,40,/images/7/7e/Grodoudou-RFVF.png,/images/1/1f/Cri_0040_HOME.ogg,Normal,Fée,"1,0","12,0",Joli Sourire,Battant,Fouille,75 % femelle; 25 % mâle,50.0,10.0,Féerique,,+3 PV,109 exp.,800 000 exp.,140.0,70.0,45.0,45.0,50.0,45.0,
1105,Rondoudou,Jigglypuff,39,/images/c/cd/Rondoudou-RFVF.png,/images/a/af/Cri_0039_HOME.ogg,Normal,Fée,"0,5","5,5",Joli Sourire,Battant,Garde-Ami,75 % femelle; 25 % mâle,170.0,10.0,Féerique,,+2 PV,76 exp.,800 000 exp.,115.0,45.0,20.0,20.0,25.0,20.0,
1106,Feunard d'Alola,Alolan Ninetales,38,/images/c/c8/Feunard_d%27Alola-SL.png,/images/5/55/Cri_0038_HOME.ogg,Glace,Fée,"1,1","19,9",Rideau Neige,,Alerte Neige,75 % femelle; 25 % mâle,75.0,20.0,Terrestre,,+2 Vitesse,177 exp.,1 000 000 exp.,73.0,67.0,75.0,75.0,100.0,109.0,
1107,Feunard,Ninetales,38,/images/0/0c/Feunard-RFVF.png,/images/5/55/Cri_0038_HOME.ogg,Feu,,"1,1","19,9",Torche,,Sécheresse,75 % femelle; 25 % mâle,75.0,20.0,Terrestre,,+1 Vit. ; +1 Déf. Spé,178 exp.,1 000 000 exp.,73.0,76.0,75.0,75.0,100.0,100.0,
1108,Goupix d'Alola,Alolan Vulpix,37,/images/e/e7/Goupix_d%27Alola-SL.png,/images/e/e7/Cri_0037_HOME.ogg,Glace,,"0,6","9,9",Rideau Neige,,Alerte Neige,75 % femelle; 25 % mâle,190.0,20.0,Terrestre,,+1 Vitesse,60 exp.,1 000 000 exp.,38.0,41.0,40.0,40.0,65.0,65.0,
1109,Goupix,Vulpix,37,/images/f/f6/Goupix-RFVF.png,/images/e/e7/Cri_0037_HOME.ogg,Feu,,"0,6","9,9",Torche,,Sécheresse,75 % femelle; 25 % mâle,190.0,20.0,Terrestre,,+1 Vit.,63 exp.,1 000 000 exp.,38.0,41.0,40.0,40.0,65.0,65.0,
1110,Mélodelfe,Clefable,36,/images/3/3f/M%C3%A9lodelfe-RFVF.png,/images/5/5a/Cri_0036_HOME.ogg,Fée,,"1,3","40,0",Joli Sourire,Garde Magik,Inconscient,75 % femelle; 25 % mâle,25.0,10.0,Féerique,,+3 PV,129 exp.,800 000 exp.,95.0,70.0,73.0,73.0,90.0,60.0,
1111,Mélofée,Clefairy,35,/images/4/4d/M%C3%A9lof%C3%A9e-RFVF.png,/images/c/c8/Cri_0035_HOME.ogg,Fée,,"0,6","7,5",Joli Sourire,Garde Magik,Garde-Ami,75 % femelle; 25 % mâle,150.0,10.0,Féerique,,+2 PV,68 exp.,800 000 exp.,70.0,45.0,48.0,48.0,65.0,35.0,
1112,Nidoking,Nidoking,34,/images/5/5f/Nidoking-RFVF.png,/images/b/bc/Cri_0034_HOME.ogg,Poison,Sol,"1,4","62,0",Point Poison,Rivalité,Sans Limite,0 % femelle; 100 % mâle,45.0,20.0,Monstrueux,Terrestre,+3 Att.,195 exp.,1 059 860 exp.,81.0,102.0,77.0,77.0,75.0,85.0,
1113,Nidorino,Nidorino,33,/images/1/1c/Nidorino-RFVF.png,/images/d/d9/Cri_0033_HOME.ogg,Poison,,"0,9","19,5",Point Poison,Rivalité,Agitation,0 % femelle; 100 % mâle,120.0,20.0,Monstrueux,Terrestre,+2 Att.,118 exp.,1 059 860 exp.,61.0,72.0,57.0,57.0,55.0,65.0,
1114,Nidoran♂,Nidoran♂,32,/images/8/8e/Nidoran%E2%99%82-RFVF.png,/images/d/d9/Cri_0032_HOME.ogg,Poison,,"0,5","9,0",Point Poison,Rivalité,Agitation,0 % femelle; 100 % mâle,235.0,20.0,Monstrueux,Terrestre,+1 Att.,60 exp.,1 059 860 exp.,46.0,57.0,40.0,40.0,40.0,50.0,
1115,Nidoqueen,Nidoqueen,31,/images/7/76/Nidoqueen-RFVF.png,/images/c/cc/Cri_0031_HOME.ogg,Poison,Sol,"1,3","60,0",Point Poison,Rivalité,Sans Limite,100 % femelle; 0 % mâle,45.0,20.0,Inconnu,,+3 PV,194 exp.,1 059 860 exp.,90.0,92.0,87.0,87.0,85.0,76.0,
1116,Nidorina,Nidorina,30,/images/b/b5/Nidorina-RFVF.png,/images/e/e5/Cri_0030_HOME.ogg,Poison,,"0,8","20,0",Point Poison,Rivalité,Agitation,100 % femelle; 0 % mâle,120.0,20.0,Inconnu,,+2 PV,117 exp.,1 059 860 exp.,70.0,62.0,67.0,67.0,55.0,56.0,
1117,Nidoran♀,Nidoran♀,29,/images/c/ca/Nidoran%E2%99%80-RFVF.png,/images/1/19/Cri_0029_HOME.ogg,Poison,,"0,4","7,0",Point Poison,Rivalité,Agitation,100 % femelle; 0 % mâle,235.0,20.0,Monstrueux,Terrestre,+1 PV,59 exp.,1 059 860 exp.,55.0,47.0,52.0,52.0,40.0,41.0,
1118,Sablaireau d'Alola,Alolan Sandslash,28,/images/2/20/Sablaireau_d%27Alola-SL.png,/images/1/10/Cri_0028_HOME.ogg,Glace,Acier,"1,2","55,0",Rideau Neige,,Chasse-Neige,50 % femelle; 50 % mâle,90.0,20.0,Terrestre,,+2 Défense,158 exp.,1 000 000 exp.,75.0,100.0,120.0,120.0,65.0,65.0,
1119,Sablaireau,Sandslash,28,/images/a/a1/Sablaireau-RFVF.png,/images/1/10/Cri_0028_HOME.ogg,Sol,,"1,0","29,5",Voile Sable,,Baigne Sable,50 % femelle; 50 % mâle,90.0,20.0,Terrestre,,+2 Déf.,163 exp.,1 000 000 exp.,75.0,100.0,110.0,110.0,55.0,65.0,
1120,Sabelette d'Alola,Alolan Sandshrew,27,/images/c/c0/Sabelette_d%27Alola-SL.png,/images/4/4b/Cri_0027_HOME.ogg,Glace,Acier,"0,7","40,0",Rideau Neige,,Chasse-Neige,50 % femelle; 50 % mâle,255.0,20.0,Terrestre,,+1 Défense,60 exp.,1 000 000 exp.,50.0,75.0,90.0,90.0,35.0,40.0,
1121,Sabelette,Sandshrew,27,/images/6/66/Sabelette-RFVF.png,/images/4/4b/Cri_0027_HOME.ogg,Sol,,"0,6","12,0",Voile Sable,,Baigne Sable,50 % femelle; 50 % mâle,255.0,20.0,Terrestre,,+1 Déf.,93 exp.,1 000 000 exp.,50.0,75.0,85.0,85.0,30.0,40.0,
1122,Raichu d'Alola,Alolan Raichu,26,/images/7/79/Raichu_d%27Alola-SL.png,/images/a/ac/Cri_0026_HOME.ogg,Électrik,Psy,"0,7","21,0",Surf Caudal,,,50 % femelle; 50 % mâle,75.0,10.0,Terrestre,Féerique,+3 Vitesse,218 exp.,1 000 000 exp.,60.0,85.0,50.0,50.0,85.0,110.0,
1123,Raichu,Raichu,26,/images/7/7d/Raichu-RFVF.png,/images/a/ac/Cri_0026_HOME.ogg,Électrik,,"0,8","30,0",Statik,,Paratonnerre,50 % femelle; 50 % mâle,75.0,10.0,Terrestre,Féerique,+3 Vit.,122 exp.,1 000 000 exp.,60.0,90.0,55.0,55.0,80.0,110.0,
1124,Pikachu,Pikachu,25,/images/7/76/Pikachu-DEPS.png,/images/2/28/Cri_0025_HOME.ogg,Électrik,,"0,4","6,0",Statik,,Paratonnerre,50 % femelle; 50 % mâle,190.0,10.0,Terrestre,Féerique,+2 Vit.,82 exp.,1 000 000 exp.,35.0,55.0,40.0,40.0,50.0,90.0,
1125,Arbok,Arbok,24,/images/7/7f/Arbok-RFVF.png,/images/6/61/Cri_0024_HOME.ogg,Poison,,"3,5","65,0",Intimidation,Mue,Tension,50 % femelle; 50 % mâle,90.0,20.0,Terrestre,Draconique,+2 Att.,147 exp.,1 000 000 exp.,60.0,95.0,69.0,69.0,79.0,80.0,
1126,Abo,Ekans,23,/images/5/56/Abo-RFVF.png,/images/3/3c/Cri_0023_HOME.ogg,Poison,,"2,0","6,9",Intimidation,Mue,Tension,50 % femelle; 50 % mâle,255.0,20.0,Terrestre,Draconique,+1 Att.,62 exp.,1 000 000 exp.,35.0,60.0,44.0,44.0,54.0,55.0,
1127,Rapasdepic,Fearow,22,/images/f/f2/Rapasdepic-RFVF.png,/images/5/5d/Cri_0022_HOME.ogg,Normal,Vol,"1,2","38,0",Regard Vif,,Sniper,50 % femelle; 50 % mâle,90.0,15.0,Aérien,,+2 Vit.,162 exp.,1 000 000 exp.,65.0,90.0,65.0,65.0,61.0,100.0,
1128,Piafabec,Spearow,21,/images/7/7d/Piafabec-RFVF.png,/images/2/26/Cri_0021_HOME.ogg,Normal,Vol,"0,3","2,0",Regard Vif,,Sniper,50 % femelle; 50 % mâle,255.0,15.0,Aérien,,+1 Vit.,58 exp.,1 000 000 exp.,40.0,60.0,30.0,30.0,31.0,70.0,
1129,Coconfort,Kakuna,14,/images/b/b6/Coconfort-RFVF.png,/images/9/9e/Cri_0014_HOME.ogg,Insecte,Poison,"0,6","10,0",Mue,,,50 % femelle; 50 % mâle,120.0,15.0,Insectoïde,,+2 Déf.,71 exp.,1 000 000 exp.,45.0,25.0,50.0,50.0,25.0,35.0,
1130,Aspicot,Weedle,13,/images/9/9b/Aspicot-RFVF.png,/images/2/23/Cri_0013_HOME.ogg,Insecte,Poison,"0,3","3,2",Écran Poudre,,Fuite,50 % femelle; 50 % mâle,255.0,15.0,Insectoïde,,+1 Vit.,52 exp.,1 000 000 exp.,40.0,35.0,30.0,30.0,20.0,50.0,
1131,Papilusion Gigamax,Gigantamax Butterfree,12,/images/1/18/Papilusion_%28Gigamax%29-EB.png,/images/d/d8/Cri_0012_Gigamax_HOME.ogg,Insecte,Vol,"17,0","???,?",Œil Composé,,Lentiteintée,50 % femelle; 50 % mâle,,,,,,,,,,,,,,
1132,Papilusion,Butterfree,12,/images/8/83/Papilusion-RFVF.png,/images/d/dd/Cri_0012_HOME.ogg,Insecte,Vol,"1,1","32,0",Œil Composé,,Lentiteintée,50 % femelle; 50 % mâle,45.0,15.0,Insectoïde,,+2 Att. Spé ; +1 Déf. Spé,160 exp.,1 000 000 exp.,60.0,45.0,50.0,50.0,80.0,70.0,
1133,Chrysacier,Metapod,11,/images/6/6c/Chrysacier-RFVF.png,/images/f/fe/Cri_0011_HOME.ogg,Insecte,,"0,7","9,9",Mue,,,50 % femelle; 50 % mâle,120.0,15.0,Insectoïde,,+2 Déf.,72 exp.,1 000 000 exp.,50.0,20.0,55.0,55.0,25.0,30.0,
1134,Chenipan,Caterpie,10,/images/c/c7/Chenipan-RFVF.png,/images/1/1a/Cri_0010_DP.ogg,Insecte,,"0,3","2,9",Écran Poudre,,Fuite,50 % femelle; 50 % mâle,255.0,15.0,Insectoïde,,+1 PV,53 exp.,1 000 000 exp.,45.0,30.0,35.0,35.0,20.0,45.0,
1135,Méga-Tortank,Mega Blastoise,9,/images/d/d8/M%C3%A9ga-Tortank-XY.png,/images/d/d3/Cri_0009_M%C3%A9ga_HOME.ogg,Eau,,"1,6","101,1",Méga Blaster,,,12.5 % femelle; 87.5 % mâle,,,,,,,,79.0,103.0,120.0,120.0,115.0,78.0,
1136,Tortank Gigamax,Gigantamax Blastoise,9,/images/e/e3/Tortank_%28Gigamax%29-EB.png,/images/a/a1/Cri_0009_Gigamax_HOME.ogg,Eau,,"25,0","???,?",Torrent,,Cuvette,12.5 % femelle; 87.5 % mâle,,,,,,,,,,,,,,
1137,Tortank,Blastoise,9,/images/2/24/Tortank-RFVF.png,/images/f/f7/Cri_0009_DP.ogg,Eau,,"1,6","85,5",Torrent,,Cuvette,12.5 % femelle; 87.5 % mâle,45.0,20.0,Aquatique 1,Monstrueux,+3 Déf. Spé,210 exp.,1 059 860 exp.,79.0,83.0,100.0,100.0,105.0,78.0,
1138,Carabaffe,Wartortle,8,/images/2/2a/Carabaffe-RFVF.png,/images/8/88/Cri_0008_DP.ogg,Eau,,"1,0","22,5",Torrent,,Cuvette,12.5 % femelle; 87.5 % mâle,45.0,20.0,Aquatique 1,Monstrueux,+1 Déf. ; +1 Déf. Spé,143 exp.,1 059 860 exp.,59.0,63.0,80.0,80.0,80.0,58.0,
1139,Carapuce,Squirtle,7,/images/c/cc/Carapuce-RFVF.png,/images/a/a6/Cri_0007_DP.ogg,Eau,,"0,5","9,0",Torrent,,Cuvette,12.5 % femelle; 87.5 % mâle,45.0,20.0,Aquatique 1,Monstrueux,+1 Déf.,66 exp.,1 059 860 exp.,44.0,48.0,65.0,65.0,64.0,43.0,
1140,Méga-Dracaufeu Y,Mega Charizard Y,6,/images/0/0b/M%C3%A9ga-Dracaufeu_Y-XY.png,/images/4/49/Cri_0006_M%C3%A9ga_Y_HOME.ogg,Feu,Vol,"1,7","100,5",Sécheresse,,,12.5 % femelle; 87.5 % mâle,,,,,,,,78.0,104.0,78.0,78.0,115.0,100.0,
1141,Méga-Dracaufeu X,Mega Charizard X,6,/images/4/46/M%C3%A9ga-Dracaufeu_X-XY.png,/images/7/73/Cri_0006_M%C3%A9ga_X_HOME.ogg,Feu,Dragon,"1,7","110,5",Griffe Dure,,,12.5 % femelle; 87.5 % mâle,,,,,,,,78.0,130.0,111.0,111.0,85.0,100.0,
1142,Dracaufeu Gigamax,Gigantamax Charizard,6,/images/8/8b/Dracaufeu_%28Gigamax%29-EB.png,/images/4/4f/Cri_0006_Gigamax_HOME.ogg,Feu,Vol,"28,0","???,?",Brasier,,Force Soleil,12.5 % femelle; 87.5 % mâle,,,,,,,,,,,,,,
1143,Dracaufeu,Charizard,6,/images/1/17/Dracaufeu-RFVF.png,/images/1/15/Cri_0006_DP.ogg,Feu,Vol,"1,7","90,5",Brasier,,Force Soleil,12.5 % femelle; 87.5 % mâle,45.0,20.0,Draconique,Monstrueux,+3 Att. Spé,209 exp.,1 059 860 exp.,78.0,84.0,78.0,78.0,85.0,100.0,
1144,Reptincel,Charmeleon,5,/images/6/64/Reptincel-RFVF.png,/images/5/53/Cri_0005_DP.ogg,Feu,,"1,1","19,0",Brasier,,Force Soleil,12.5 % femelle; 87.5 % mâle,45.0,20.0,Monstrueux,Draconique,+1 Vit. ; +1 Att. Spé,142 exp.,1 059 860 exp.,58.0,64.0,58.0,58.0,65.0,80.0,
1145,Salamèche,Charmander,4,/images/8/89/Salam%C3%A8che-RFVF.png,/images/d/d9/Cri_0004_DP.ogg,Feu,,"0,6","8,5",Brasier,,Force Soleil,12.5 % femelle; 87.5 % mâle,45.0,20.0,Draconique,Monstrueux,+1 Vit.,65 exp.,1 059 860 exp.,39.0,52.0,43.0,43.0,50.0,65.0,
1146,Méga-Florizarre,Mega Venusaur,3,/images/1/13/M%C3%A9ga-Florizarre-XY.png,/images/e/e6/Cri_0003_M%C3%A9ga_HOME.ogg,Plante,Poison,"2,4","155,5",Isograisse,,,12.5 % femelle; 87.5 % mâle,,,,,,,,80.0,100.0,123.0,123.0,120.0,80.0,
1147,Florizarre Gigamax,Gigantamax Venusaur,3,/images/2/2e/Florizarre_%28Gigamax%29-EB.png,/images/1/10/Cri_0003_Gigamax_HOME.ogg,Plante,Poison,"24,0","???,?",Engrais,,Chlorophylle,12.5 % femelle; 87.5 % mâle,,,,,,,,,,,,,,
1148,Florizarre,Venusaur,3,/images/4/42/Florizarre-RFVF.png,/images/3/36/Cri_0003_DP.ogg,Plante,Poison,"2,0","100,0",Engrais,,Chlorophylle,12.5 % femelle; 87.5 % mâle,45.0,20.0,Monstrueux,Végétal,+2 Att. Spé ; +1 Déf. Spé,236 exp. (208 (Première à quatrième génération)),1 059 860 exp.,80.0,82.0,83.0,83.0,100.0,80.0,
1149,Herbizarre,Ivysaur,2,/images/4/44/Herbizarre-RFVF.png,/images/4/43/Cri_0002_DP.ogg,Plante,Poison,"1,0","13,0",Engrais,,Chlorophylle,12.5 % femelle; 87.5 % mâle,45.0,20.0,Monstrueux,Végétal,+1 Att. Spé ; +1 Déf. Spé,141 exp.,1 059 860 exp.,60.0,62.0,63.0,63.0,80.0,60.0,
1150,Tauros de Paldéa (Race Combattive),Paldean Tauros (Combat Breed),128,/images/9/9a/Tauros_de_Paldea_%28Race_Combative%29-EV.png,/images/c/c2/Cri_0128_HOME.ogg,Combat,,1.4,11.0,Intimidation,Colérique,Ruminant,0 % femelle; 100 % mâle,45.0,20.0,Terrestre,,+1 Att. ; +1 Vit.,211 exp.,1 250 000 exp.,75.0,110,30,105,70.0,100,172 exp.
1151,Tauros de Paldéa (Race Flamboyante),Paldean Tauros (Blaze Breed),128,/images/5/55/Tauros_de_Paldea_%28Race_Flamboyante%29-EV.png,/images/c/c2/Cri_0128_HOME.ogg,Combat,Feu,1.4,85,Intimidation,Colérique,Ruminant,0 % femelle; 100 % mâle,45.0,20.0,Terrestre,,+1 Att. ; +1 Vit.,211 exp.,1 250 000 exp.,75.0,110,30,105,70.0,100,172 exp.
1152,Tauros de Paldéa (Race Aquatique),Paldean Tauros (Aqua Breed),128,/images/2/28/Tauros_de_Paldea_%28Race_Aquatique%29-EV.png,/images/c/c2/Cri_0128_HOME.ogg,Combat,Eau,1.4,85,Intimidation,Colérique,Ruminant,0 % femelle; 100 % mâle,45.0,20.0,Terrestre,,+1 Att. ; +1 Vit.,211 exp.,1 250 000 exp.,75.0,110,30,105,70.0,100,172 exp.
1153,Morphéo (Solaire),Castform (Sunny),351,/images/f/fa/Morphéo_%28Forme_Solaire%29-USUL.png,/images/b/bd/Cri_0351_HOME.ogg,Feu,,"0,3","0,8",Météo,,,50 % femelle; 50 % mâle,45.0,25.0,Féerique,Amorphe,+1 PV,145 exp.,1 000 000 exp.,70.0,70.0,70.0,70.0,70.0,70.0,
1154,Morphéo (Eau de Pluie),Castform (Rainy),351,/images/b/b7/Morphéo_%28Forme_Eau_de_Pluie%29-USUL.png,/images/b/bd/Cri_0351_HOME.ogg,Eau,,"0,3","0,8",Météo,,,50 % femelle; 50 % mâle,45.0,25.0,Féerique,Amorphe,+1 PV,145 exp.,1 000 000 exp.,70.0,70.0,70.0,70.0,70.0,70.0,
1155,Morphéo (Blizzard),Castform (Snowy),351,/images/0/08/Morphéo_%28Forme_Blizzard%29-USUL.png,/images/b/bd/Cri_0351_HOME.ogg,Normal,Glace,"0,3","0,8",Météo,,,50 % femelle; 50 % mâle,45.0,25.0,Féerique,Amorphe,+1 PV,145 exp.,1 000 000 exp.,70.0,70.0,70.0,70.0,70.0,70.0,
1156,Deoxys (Attaque),Deoxys (Attack),386,/images/f/fc/Deoxys_%28Forme_Attaque%29-RFVF.png,/images/0/0d/Cri_0386_HOME.ogg,Psy,,"1,7","60,8",Pression,,,Asexué,3.0,120.0,Inconnu,,+1 Att. ; +1 Att. Spé ; +1 Vit.,215 exp.,1 250 000 exp.,50.0,180,180,20,20,150.0,
1157,Deoxys (Defense),Deoxys (Defense),386,/images/7/7c/Deoxys_%28Forme_Défense%29-RFVF.png,/images/0/0d/Cri_0386_HOME.ogg,Psy,,"1,7","60,8",Pression,,,Asexué,3.0,120.0,Inconnu,,+1 Att. ; +1 Att. Spé ; +1 Vit.,215 exp.,1 250 000 exp.,50.0,70,70,160,160,150.0,
1158,Deoxys (Vitesse),Deoxys (Speed),386,/images/6/63/Deoxys_%28Forme_Vitesse%29-E.png,/images/0/0d/Cri_0386_HOME.ogg,Psy,,"1,7","60,8",Pression,,,Asexué,3.0,120.0,Inconnu,,+1 Att. ; +1 Att. Spé ; +1 Vit.,215 exp.,1 250 000 exp.,50.0,95,95,90,90,150.0,
1159,Cheniti (Cape Sable),Burmy (Sandy Cloak),412,/images/9/9f/Cheniti_%28Cape_Sable%29-DP.png,/images/3/39/Cri_0412_HOME.ogg,Insecte,,"0,2","3,4",Mue,,Envelocape,50 % femelle; 50 % mâle,120.0,15.0,Insectoïde,,+1 Déf. Spé,61 exp.,1 000 000 exp.,40.0,29.0,45.0,45.0,45.0,36.0,
1160,Cheniti (Cape Déchet),Burmy (Trash Cloak),412,/images/b/bf/Cheniti_%28Cape_Déchet%29-DP.png,/images/3/39/Cri_0412_HOME.ogg,Insecte,,"0,2","3,4",Mue,,Envelocape,50 % femelle; 50 % mâle,120.0,15.0,Insectoïde,,+1 Déf. Spé,61 exp.,1 000 000 exp.,40.0,29.0,45.0,45.0,45.0,36.0,
1161,Cheniselle (Cape Plante),Wormadam (Plant Cloak),413,/images/4/44/Cheniselle_%28Cape_Plante%29-DP.png,/images/4/4a/Cri_0413_HOME.ogg,Insecte,Plante,"0,5","6,5",Anticipation,,Envelocape,100 % femelle; 0 % mâle,45.0,15.0,Insectoïde,,+2 Déf. Spé,159 exp.,1 000 000 exp.,60.0,79,59,105,85,36.0,
1162,Cheniselle (Cape Déchet),Wormadam (Trash Cloak),413,/images/7/78/Cheniselle_%28Cape_Déchet%29-DP.png,/images/4/4a/Cri_0413_HOME.ogg,Insecte,Acier,"0,5","6,5",Anticipation,,Envelocape,100 % femelle; 0 % mâle,45.0,15.0,Insectoïde,,+2 Déf. Spé,159 exp.,1 000 000 exp.,60.0,69,69,95,95,36.0,
1163,Motisma (Froid),Rotom (Frost),479,/images/0/06/Motisma_%28Froid%29-Pt.png,/images/7/77/Cri_0479_HOME.ogg,Électrik,Glace,"0,3","0,3",Lévitation,,,Asexué,45.0,20.0,Amorphe,,+1 Att. Spé ; +1 Vit.,132 exp.,1 000 000 exp.,50.0,65,105,107,107,86,
1164,Motisma (Hélice),Rotom (Fan),479,/images/6/6b/Motisma_%28Hélice%29-Pt.png,/images/7/77/Cri_0479_HOME.ogg,Électrik,Vol,"0,3","0,3",Lévitation,,,Asexué,45.0,20.0,Amorphe,,+1 Att. Spé ; +1 Vit.,132 exp.,1 000 000 exp.,50.0,65,105,107,107,86,
1165,Motisma (Lavage),Rotom (Wash),479,/images/a/a8/Motisma_%28Lavage%29-Pt.png,/images/7/77/Cri_0479_HOME.ogg,Électrik,Eau,"0,3","0,3",Lévitation,,,Asexué,45.0,20.0,Amorphe,,+1 Att. Spé ; +1 Vit.,132 exp.,1 000 000 exp.,50.0,65,105,107,107,86,
1166,Motisma (Tonte),Rotom (Mow),479,/images/8/81/Motisma_%28Tonte%29-Pt.png,/images/7/77/Cri_0479_HOME.ogg,Électrik,Plante,"0,3","0,3",Lévitation,,,Asexué,45.0,20.0,Amorphe,,+1 Att. Spé ; +1 Vit.,132 exp.,1 000 000 exp.,50.0,65,105,107,107,86,
1167,Dialga (Normale),Dialga (Normal),483,/images/e/e4/Dialga-DEPS.png,/images/0/0d/Cri_0483_HOME.ogg,Acier,Dragon,5.4,683.0,Pression,,Télépathe,Asexué,3.0,120.0,Inconnu,,+3 Att. Spé,220 Exp.,1 250 000 exp,100,100,120,150,120,90,
1168,Dialga (Originelle),Dialga (Origin),483,/images/5/55/Dialga_%28Forme_Originelle%29-LPA.png,/images/0/0d/Cri_0483_HOME.ogg,Acier,Dragon,7.0,850.0,Pression,,Télépathe,Asexué,3.0,120.0,Inconnu,,+3 Att. Spé,220 Exp.,1 250 000 exp,100,100,120,150,120,90,
1169,Palkia (Normale),Palkia (Normal),484,/images/c/c7/Palkia-DEPS.png,/images/e/ef/Cri_0484_HOME.ogg,Acier,Eau,4.2,336.0,Pression,,Télépathe,Asexué,3.0,120.0,Inconnu,,+3 Att. Spé,220 Exp.,1 250 000 exp,90,120,100,150,120,100,
1170,Palkia (Originelle),Palkia (Origin),484,/images/7/7f/Palkia_%28Forme_Originelle%29-LPA.png,/images/e/ef/Cri_0484_HOME.ogg,Acier,Eau,7.0,850.0,Pression,,Télépathe,Asexué,3.0,120.0,Inconnu,,+3 Att. Spé,220 Exp.,1 250 000 exp,90,100,100,150,120,120,
1171,Giratina (Alternative),Giratina (Altered),487,/images/2/2d/Giratina_%28Forme_Alternative%29-DEPS.png,/images/d/d6/Cri_0487_HOME.ogg,Spectre,Dragon,4.5,750.0,Pression,,Télépathe,Asexué,3.0,120.0,Inconnu,,+3 PV,220 Exp.,1 250 000 exp,150,120,100,120,100,90,
1172,Giratina (Originelle),Giratina (Origin)),487,/images/f/f1/Giratina_%28Forme_Originelle%29-Pt.png,/images/d/d6/Cri_0487_HOME.ogg,Spectre,Dragon,6.9,650.0,Pression,,Télépathe,Asexué,3.0,120.0,Inconnu,,+3 PV,220 Exp.,1 250 000 exp,150,120,120,100,100,90,
1173,Shaymin (Terrestre),Shaymin (Land),492,/images/3/3d/Shaymin_%28Forme_Terrestre%29-DEPS.png,/images/7/7a/Cri_0492_HOME.ogg,Plante,,0.2,2.1,Médic Nature,,,Asexué,45.0,120.0,Inconnu,,+3 PV,,1 059 860 exp.,100,100,100,100,100,100,
1174,Shaymin (Céleste),Shaymin (Sky),492,/images/d/db/Shaymin_%28Forme_Céleste%29-Pt.png,/images/7/76/Cri_0492_C%C3%A9leste_HOME.ogg,Plante,Vol,0.2,2.1,Sérénité,,,Asexué,45.0,120.0,Inconnu,,+3 PV,,1 059 860 exp.,100,103,120,75,75,127,
1175,Bargantua (Motif Rouge),Basculin (Red-Striped),550,/images/5/52/Bargantua_%28Motif_Rouge%29-NB.png,/images/e/e6/Cri_0550_HOME.ogg,Eau,,"1,0","18,0",Téméraire,Adaptabilité,Brise Moule,50 % femelle; 50 % mâle,25.0,40.0,Aquatique 2,,+2 Vit.,161 exp.,1 000 000 exp.,,92.0,65.0,65.0,55.0,98.0,
1176,Bargantua (Motif Bleu),Basculin (Blue-Striped),550,/images/7/7c/Bargantua_%28Motif_Bleu%29-NB.png,/images/e/e6/Cri_0550_HOME.ogg,Eau,,"1,0","18,0",Tête de Roc,Adaptabilité,Brise Moule,50 % femelle; 50 % mâle,25.0,40.0,Aquatique 2,,+2 Vit.,161 exp.,1 000 000 exp.,,92.0,65.0,65.0,55.0,98.0,
1177,Boréas (Totémique),Tornadus (Therian),641,/images/a/a1/Boréas_%28Forme_Totémique%29-N2B2.png,/images/1/1b/Cri_0641_Tot%C3%A9mique_HOME.ogg,Vol,,1.4,"63,0",Régé-Force,,,0 % femelle; 100 % mâle,3.0,120.0,Inconnu,,+3 Att. Spé,261 exp.,1 250 000 exp.,79.0,100,110,80,90,121,
1178,Fulguris (Totémique),Thundurus (Therian),642,/images/d/d8/Fulguris_%28Forme_Totémique%29-N2B2.png,/images/e/ec/Cri_0642_Tot%C3%A9mique_HOME.ogg,Électrik,Vol,3.0,"61,0",Absorbe-Volt,,,0 % femelle; 100 % mâle,3.0,120.0,Inconnu,,+3 Att. Spé,261 exp.,1 250 000 exp.,79.0,105,145,70.0,80.0,101,
1179,Démétéros (Totémique),Landorus (Therian),645,/images/e/eb/Démétéros_%28Forme_Totémique%29-N2B2.png,/images/a/aa/Cri_0645_Tot%C3%A9mique_HOME.ogg,Sol,Vol,1.3,"68,0",Intimidation,,,0 % femelle; 100 % mâle,3.0,120.0,Inconnu,,+3 Att.,270 exp.,1 250 000 exp.,89.0,145,105,90.0,80.0,91,
1180,Amphinobi (Sacha),Greninja (Ash),658,/images/5/5c/Amphinobi_%28Forme_Sacha%29-SL.png,/images/9/9c/Cri_0658_HOME.ogg,Eau,Ténèbres,"1,5","40,0",Synergie,,,12.5 % femelle; 87.5 % mâle,45.0,20.0,Aquatique 1,,+3 Vitesse,239 exp.,1 059 860 exp.,72.0,145,153,67.0,71.0,132,
1181,Mistigrix (♀),Meowstic (♀),678,/images/5/57/Mistigrix_%28Femelle%29-XY.png,/images/f/fa/Cri_0678_HOME.ogg,Psy,,"0,6","8,5",Regard Vif,Infiltration,Battant,50 % femelle; 50 % mâle,228.0,20.0,Terrestre,,+2 Vitesse,163 exp.,1 000 000 exp.,74.0,48.0,76.0,76.0,81.0,104.0,
1182,Pitrouille (Mini),Pumpkaboo (Small),710,/images/b/b7/Sprite_0710_Mini_HOME.png,/images/5/59/Cri_0710_HOME.ogg,Spectre,Plante,0.3,3.5,Ramassage,Fouille,Insomnia,50 % femelle ; 50 % mâle,190.0,20.0,Amorphe,,+1 Défense,67 exp.,1 000 000 exp.,44,66,55,44,55,56,
1183,Pitrouille (Normale),Pumpkaboo (Average),710,/images/b/ba/Sprite_0710_Normale_HOME.png,/images/5/59/Cri_0710_HOME.ogg,Spectre,Plante,0.4,5.0,Ramassage,Fouille,Insomnia,50 % femelle ; 50 % mâle,190.0,20.0,Amorphe,,+1 Défense,67 exp.,1 000 000 exp.,49,66,55,44,55,51,
1184,Pitrouille (Maxi),Pumpkaboo (Large),710,/images/9/98/Sprite_0710_Maxi_HOME.png,/images/5/59/Cri_0710_HOME.ogg,Spectre,Plante,0.5,7.5,Ramassage,Fouille,Insomnia,50 % femelle ; 50 % mâle,190.0,20.0,Amorphe,,+1 Défense,67 exp.,1 000 000 exp.,54,66,55,44,55,46,
1185,Pitrouille (Ultra),Pumpkaboo (Super),710,/images/9/98/Sprite_0710_Maxi_HOME.png,/images/b/bf/Cri_0710_Ultra_HOME.ogg,Spectre,Plante,0.8,15,Ramassage,Fouille,Insomnia,50 % femelle ; 50 % mâle,190.0,20.0,Amorphe,,+1 Défense,67 exp.,1 000 000 exp.,59,66,55,44,55,41,
1186,Banshitrouye (Mini),Pumpjin (Small),711,/images/2/23/Sprite_0711_Mini_HOME.png,/images/4/46/Cri_0711_HOME.ogg,Spectre,Plante,0.7,9.5,Ramassage,Fouille,Insomnia,50 % femelle ; 50 % mâle,190.0,20.0,Amorphe,,+2 Défense,173 exp.,1 000 000 exp.,55,85,122,58,75,99,
1187,Banshitrouye (Normale),Pumpkjin (Average),711,/images/8/84/Sprite_0711_Normale_HOME.png,/images/4/46/Cri_0711_HOME.ogg,Spectre,Plante,0.9,12.5,Ramassage,Fouille,Insomnia,50 % femelle ; 50 % mâle,190.0,20.0,Amorphe,,+2 Défense,173 exp.,1 000 000 exp.,65,90,122,58,75,84,
1188,Banshitrouye (Maxi),Pumpjin (Large),711,/images/c/c5/Sprite_0711_Maxi_HOME.png,/images/4/46/Cri_0711_HOME.ogg,Spectre,Plante,1.1,14.0,Ramassage,Fouille,Insomnia,50 % femelle ; 50 % mâle,190.0,20.0,Amorphe,,+2 Défense,173 exp.,1 000 000 exp.,75,95,122,58,75,69,
1189,Banshitrouye (Ultra),Pumpjin (Super),711,/images/5/51/Sprite_0711_Ultra_HOME.png,/images/4/41/Cri_0711_Ultra_HOME.ogg,Spectre,Plante,1.7,39.0,Ramassage,Fouille,Insomnia,50 % femelle ; 50 % mâle,190.0,20.0,Amorphe,,+2 Défense,173 exp.,1 000 000 exp.,85,100,122,58,75,54,
1190,Zygarde (10%),Zygarde (10%),718,/images/6/63/Zygarde_%28Forme_10_%25%29-SL.png,/images/7/75/Cri_0718_10_%25_HOME.ogg,Dragon,Sol,1.2,33.5,Aura Inversée,Rassemblement,,Asexué,3.0,120.0,Inconnu,,+3 PV,306 exp.,1 250 000 exp.,54,100,71,61,85,115,
1191,Zygarde (50%),Zygarde (50%),718,/images/0/0b/Zygarde_%28Forme_50_%25%29-XY.png,/images/0/00/Cri_0718_50_%25_HOME.ogg,Dragon,Sol,108,121,Aura Inversée,Rassemblement,,Asexué,3.0,120.0,Inconnu,,+3 PV,306 exp.,1 250 000 exp.,81,100,95,95,95,95,
1192,Zygarde (Complete),Zygarde (Complete),718,/images/5/5f/Zygarde_%28Forme_Parfaite%29-SL.png,/images/a/ae/Cri_0718_Parfaite_HOME.ogg,Dragon,Sol,216,121,Aura Inversée,Rassemblement,,Asexué,3.0,120.0,Inconnu,,+3 PV,306 exp.,1 250 000 exp.,91,100,85,95,95,85,
1193,Hoopa (Enchaîné),Hoopa (Confined),720,/images/0/04/Hoopa_%28Enchaîné%29-ROSA.png,/images/4/4c/Cri_0720_HOME.ogg,Psy,Spectre,0.5,9.0,Maigicien,,,Asexué,3.0,120.0,Inconnu,,+3 Attaque Spéciale,270 exp.,1 250 000 exp.,80,110,60,150,130,70,
1194,Hoopa (Déchaîné),Hoopa (Confined),720,/images/7/78/Hoopa_%28Déchaîné%29-ROSA.png,/images/2/21/Cri_0720_D%C3%A9cha%C3%AFn%C3%A9_HOME.ogg,Psy,Ténèbres,0.5,9.0,Maigicien,,,Asexué,3.0,120.0,Inconnu,,+3 Attaque Spéciale,270 exp.,1 250 000 exp.,80,160,150,150,130,80,
1195,Lougaroc (Nocturne),Lycanroc (Midnight),745,/images/a/a4/Lougaroc_%28Forme_Nocturne%29-SL.png,/images/2/2d/Cri_0745_Nocturne_HOME.ogg,Roche,,,"25,0",Regard Vif,Esprit Vital,Annule Garde,50 % femelle; 50 % mâle,90.0,15.0,Terrestre,,+2 Attaque,170 exp.,1 000 000 exp.,85,115,55,75,75,82,
1196,Lougaroc (Crépusculaire),Lycanroc (Dusk),745,/images/f/ff/Lougaroc_%28Forme_Cr%C3%A9pusculaire%29-USUL.png,/images/f/f2/Cri_0745_Cr%C3%A9pusculaire_HOME.ogg,Roche,,,"25,0",Griffe Dure,,,50 % femelle; 50 % mâle,90.0,15.0,Terrestre,,+2 Attaque,170 exp.,1 000 000 exp.,75,117,55,65,65,110,
1197,Froussardine (Solitaire),Wishiwashi (Solo),746,/images/8/8b/Froussardine_%28Forme_Solitaire%29-SL.png,/images/0/0a/Cri_0746_Solitaire_HOME.ogg,Eau,,0.2,0.3,Banc,,,50 % femelle ; 50 % mâle,60.0,15.0,Aquatique 2,,+1 PV,61 exp.,800 000 epx.,45,20,20,25,25,40,
1198,Froussardine (Banc),Wishiwashi (School),746,/images/d/d5/Froussardine_%28Forme_Banc%29-SL.png,/images/3/36/Cri_0746_Banc_HOME.ogg,Eau,,8.2,78.6,Banc,,,50 % femelle ; 50 % mâle,60.0,15.0,Aquatique 2,,+1 PV,61 exp.,800 000 epx.,45,140,140,130,135,30,
1199,Météno (Météore),Minior (Meteor),774,/images/1/1c/Météno_%28Forme_Météore%29-SL.png,/images/0/05/Cri_0774_HOME.ogg,Roche,Vol,0.3,40.0,Bouclier-Carcan,,,Asexué,30.0,25.0,Minéral,,+1 Défense; +1 Défense Spéciale,154 exp.,1 059 860 exp.,60,60,100,60,100,60,
1200,Météno (Noyau),Minior (Core),774,/images/c/c2/Météno_%28Noyau_Rouge%29-SL.png,/images/0/05/Cri_0774_HOME.ogg,Roche,Vol,0.3,0.3,Bouclier-Carcan,,,Asexué,30.0,25.0,Minéral,,+1 Att.;+1 Att. Spé,154 exp.,1 059 860 exp.,60,100,100,60,60,120,
1201,Salarsen (Grave),Toxtricity (Low Key),849,/images/8/8f/Salarsen_%28Forme_Grave%29-EB.png,/images/6/6f/Cri_0849_Grave_HOME.ogg,Électrik,Poison,"1,6","40,0",Punk Rock,Moins,Technicien,50 % femelle; 50 % mâle,45.0,25.0,Humanoïde,,+2 Att. Spé,176 exp.,1 059 860 exp.,75.0,98.0,70.0,70.0,70.0,75.0,
1202,Wimessir (♀),Indeedee (♀),876,/images/1/1c/Wimessir_%28Femelle%29-EB.png,/images/6/63/Cri_0876_%E2%99%80_HOME.ogg,Psy,Normal,"0,9","28,0",Attention,Synchro,Créa-Psy,50 % femelle; 50 % mâle,30.0,40.0,Féerique,,,166 exp.,800 000 exp.,70,55,95,65,105,85,
1203,Zacian (Héros Aguerri),Zacian (Hero of Many Battles),888,/images/d/dc/Zacian_%28Héros_Aguerri%29-EB.png,/images/b/b8/Cri_0888_H%C3%A9ros_Aguerri_HOME.ogg,Fée,,2.8,110.0,Lame Indomptable,,,Asexué,10.0,120.0,Inconnu,,+3 Vit.,335 exp.,1 250 000 exp.,92,130,115,80,115,138,
1204,Zacian (Épée Suprême),Zacian (Crowned Sword),888,/images/5/52/Zacian_%28Épée_Suprême%29-EB.png,/images/5/5d/Cri_0888_%C3%89p%C3%A9e_Supr%C3%AAme_HOME.ogg,Fée,Acier,2.8,355.0,Lame Indomptable,,,Asexué,10.0,120.0,Inconnu,,+3 Vit.,335 exp.,1 250 000 exp.,92,170,115,80,115,148,
1205,Zamazenta (Héros Aguerri),Zamazenta (Hero of Many Battles),889,/images/5/5a/Zamazenta_%28Héros_Aguerri%29-EB.png,/images/5/50/Cri_0889_H%C3%A9ros_Aguerri_HOME.ogg,Combat,,2.9,210.0,Égide Inflexible,,,Asexué,10.0,120.0,Inconnu,,+3 Vit.,225 exp.,1 250 000 exp.,92,130,115,80,115,138,
1206,Zamazenta (Bouclier Suprême),Zamazenta (Crowned Shield),889,/images/c/cf/Zamazenta_%28Bouclier_Suprême%29-EB.png,/images/e/e9/Cri_0889_Bouclier_Supr%C3%AAme_HOME.ogg,Combat,Acier,2.9,785.0,Égide Inflexible,,,Asexué,10.0,120.0,Inconnu,,+3 Vit.,225 exp.,1 250 000 exp.,92,130,115,145,145,128,
1207,Ursaking (Normale),Ursaluna (Normal),901,/images/2/28/Ursaking-LPA.png,/images/2/28/Cri_0901_HOME.ogg,Sol,Normal,2.4,290,Cran,Pare-Balles,Tension,50 % femelle ; 50 % mâle,20.0,20.0,Terrestre,,+3 Att.,275 exp.,1 000 000 exp.,130,140,105,45,80,50,
1208,Ursaking (Lune Vermeille),Ursaluna (Bloodmoon),901,/images/f/fb/Ursaking_%28Lune_Vermeille%29-EV.png,/images/f/f6/Cri_0901_Lune_Vermeille_HOME.ogg,Sol,Normal,2.7,333,Œil Révélateur,,,0 % femelle ; 100 % mâle,20.0,20.0,Terrestre,,+3 Att. Spé.,275 exp.,1 000 000 exp.,113,70,135,120,65,52,
1209,Amovénus (Totémique),Enamorus (Therian),905,/images/9/99/Amov%C3%A9nus_%28Forme_Tot%C3%A9mique%29-LPA.png,/images/0/0b/Cri_0905_Tot%C3%A9mique_HOME.ogg,Fée,Vol,1.6,"48,0",Envelocape,,,100 % femelle; 0 % mâle,3.0,120.0,Inconnu,,+3 Att. Spé,116 exp.,1 250 000 exp.,74.0,115.0,70.0,110,100,46,
1210,Famignol (Famille de Trois),Maushold (Family of Three),925,/images/5/5a/Sprite_0925_Trois_EV.png,/images/7/77/Cri_0925_Trois_HOME.ogg,Normal,,0.3,2.3,Garde-Ami,Bajoues,Technicien,Asexué,75.0,10.0,Terrestre,Féerique,+2 Vitesse,165 exp.,800 000 exp.,74,75,70,65,75,111,
1211,Famignol (Famille de Quatre),Maushold (Family of Four),925,/images/4/46/Sprite_0925_Quatre_EV.png,/images/5/58/Cri_0925_Quatre_HOME.ogg,Normal,,0.3,2.8,Garde-Ami,Bajoues,Technicien,Asexué,75.0,10.0,Terrestre,Féerique,+2 Vitesse,165 exp.,800 000 exp.,74,75,70,65,75,111,
1212,Superdofin (Ordinaire),Palafin (Zero),964,/images/b/b7/Superdofin_%28Forme_Ordinaire%29-EV.png,/images/f/f0/Cri_0963_HOME.ogg,Eau,,1.3,60.2,Supermutation,,,50 % femelle ; 50 % mâle,45.0,40.0,Terrestre,Aquatique 2,+2 PV,160 Exp.,1 250 000 exp.,100,70,72,53,62,100,
1213,Superdofin (Super),Palafin (Hero),964,/images/9/90/Superdofin_%28Forme_Super%29-EV.png,/images/5/52/Cri_0964_Super_HOME.ogg,Eau,,1.8,97.4,Supermutation,,,50 % femelle ; 50 % mâle,45.0,40.0,Terrestre,Aquatique 2,+2 PV,160 Exp.,1 250 000 exp.,100,160,106,97,87,100,
1214,Deusolourdo (Double),Dudunsparce (Two-Segment),982,/images/c/c4/Sprite_0982_Double_HOME.png,/images/5/5a/Cri_0982_HOME.ogg,Normal,,3.6,39.2,Sérénité,Fuite,Phobique,50 % femelle ; 50 % mâle,45.0,20.0,Terrestre,,+2 PV,182 exp.,1 000 000,pv,attaque,attaque_speciale,defense,defense_speciale,vitesse,
1215,Deusolourdo (Triple),Dudunsparce (Three-Segment),982,/images/7/71/Sprite_0982_Triple_HOME.png,/images/5/5a/Cri_0982_HOME.ogg,Normal,,4.5,47.4,Sérénité,Fuite,Phobique,50 % femelle ; 50 % mâle,45.0,20.0,Terrestre,,+2 PV,182 exp.,1 000 000,pv,attaque,attaque_speciale,defense,defense_speciale,vitesse,
1216,Mordudor (Coffre),Gimmighoul (Chest),999,/images/b/b2/Mordudor_%28Forme_Coffre%29-EV.png,/images/0/0d/Cri_0999_Coffre_HOME.ogg,Spectre,,0.3,5.0,Phobique,,,Asexué,45.0,50.0,Inconnu,,+1 Att. Spé,60 exp.,1 250 000 exp.,45,30,25,75,45,80,
1217,Mordudor (March),Gimmighoul (Roaming),999,/images/3/33/Mordudor_%28Forme_Marche%29-EV.png,/images/8/8f/Cri_0999_Marche_HOME.ogg,Spectre,,0.1,0.1,Phobique,,,Asexué,45.0,50.0,Inconnu,,+1 Att. Spé,60 exp.,1 250 000 exp.,45,30,25,75,45,80,
1218,Ogerpon (Masque du Puits),Ogerpon (Wellspring Mask),1017,/images/1/1d/Ogerpon_%28Masque_du_Puits%29-EV.png,/images/a/a5/Cri_1017_HOME.ogg,Bipède,Eau,"1,2","39,8",Absorb-Eau,Force Mémorielle (sous forme téracristallisée),,100 % femelle; 0 % mâle,,,,,,,,80.0,120.0,84.0,84.0,96.0,110.0,
1219,Ogerpon (Masque du Fourneau),Ogerpon (Hearthflame Mask),1017,/images/2/26/Ogerpon_%28Masque_du_Fourneau%29-EV.png,/images/a/a5/Cri_1017_HOME.ogg,Bipède,Feu,"1,2","39,8",Brise-Moule,Force Mémorielle (sous forme téracristallisée),,100 % femelle; 0 % mâle,,,,,,,,80.0,120.0,84.0,84.0,96.0,110.0,
1220,Ogerpon (Masque de la Pierre),Ogerpon (Cornerstone Mask),1017,/images/5/54/Ogerpon_%28Masque_de_la_Pierre%29-EV.png,/images/a/a5/Cri_1017_HOME.ogg,Bipède,Roche,"1,2","39,8",Fermeté,Force Mémorielle (sous forme téracristallisée),,100 % femelle; 0 % mâle,,,,,,,,80.0,120.0,84.0,84.0,96.0,110.0,
1221,Terapagos (Normale),Terapagos (Normal),1024,/images/1/15/Terapagos_%28Forme_Normale%29-EV.png,/images/9/90/Cri_1024_HOME.ogg,Normal,,0.2,6.5,Téramorphose,,,50 % femelle ; 50 % mâle,255.0,,Inconnu,,+1 Défense,,1 250 000 exp.,90,65,85,65,85,60,
1222,Terapagos (Téracristal),Terapagos (Terastal),1024,/images/d/d4/Terapagos_%28Forme_Téracristal%29-EV.png,/images/9/90/Cri_1024_HOME.ogg,Normal,,0.3,16.0,Téra-carapace,,,50 % femelle ; 50 % mâle,255.0,,Inconnu,,+1 Défense,,1 250 000 exp.,95,95,105,110,110,85,
1223,Terapagos (Stellaire),Terapagos (Stellar),1024,/images/3/37/Sprite_1024_Stellaire_HOME.png,/images/9/90/Cri_1024_HOME.ogg,Normal,,1.7,77.0,Téraformation 0,,,50 % femelle ; 50 % mâle,255.0,,Inconnu,,+1 Défense,,1 250 000 exp.,160,105,130,110,110,85,
